latitude,longitude,bright_ti4,scan,track,acq_date,acq_time,satellite,instrument,confidence,version,bright_ti5,frp,daynight,type
51.51458,-117.51997,318,0.8,0.78,2023-08-15,0831,N20,VIIRS,n,2,282.41,9.17,N,0
49.03373,-119.61804,306.95,0.4,0.37,2023-08-15,1012,N20,VIIRS,n,2,293.12,0.87,N,0
49.03699,-119.6166,320.57,0.4,0.37,2023-08-15,1012,N20,VIIRS,n,2,294.39,2.32,N,0
49.10243,-121.26423,309.8,0.38,0.36,2023-08-15,1012,N20,VIIRS,n,2,292.63,3.89,N,0
49.10329,-121.26949,356.11,0.38,0.36,2023-08-15,1012,N20,VIIRS,n,2,298.5,3.89,N,0
49.10567,-121.26299,333.23,0.38,0.36,2023-08-15,1012,N20,VIIRS,n,2,295.41,3.89,N,0
49.10652,-121.26825,323.03,0.38,0.36,2023-08-15,1012,N20,VIIRS,n,2,295.06,3.89,N,0
49.1089,-121.26174,337.47,0.38,0.36,2023-08-15,1012,N20,VIIRS,n,2,295.66,5.67,N,0
49.10976,-121.26701,343.49,0.38,0.36,2023-08-15,1012,N20,VIIRS,n,2,299.24,5.67,N,0
49.1106,-121.27221,303.47,0.38,0.36,2023-08-15,1012,N20,VIIRS,n,2,291.3,1.29,N,0
49.11383,-121.27095,325.63,0.38,0.36,2023-08-15,1012,N20,VIIRS,n,2,294.15,1.29,N,0
49.11415,-119.95621,296.26,0.39,0.36,2023-08-15,1012,N20,VIIRS,n,2,284.7,0.45,N,0
49.11448,-119.97827,297.35,0.39,0.36,2023-08-15,1012,N20,VIIRS,n,2,283.99,2.77,N,0
49.11504,-119.96134,305.41,0.39,0.36,2023-08-15,1012,N20,VIIRS,n,2,286.6,1.12,N,0
49.11739,-119.95477,320.09,0.39,0.36,2023-08-15,1012,N20,VIIRS,n,2,290.63,2.65,N,0
49.11776,-119.977,341.5,0.39,0.36,2023-08-15,1012,N20,VIIRS,n,2,289.98,2.77,N,0
49.11827,-119.95988,332.61,0.39,0.36,2023-08-15,1012,N20,VIIRS,n,2,294.16,2.04,N,0
49.11916,-119.96502,304.45,0.39,0.36,2023-08-15,1012,N20,VIIRS,n,2,288.11,2.04,N,0
49.11958,-119.98753,323.14,0.39,0.36,2023-08-15,1012,N20,VIIRS,n,2,288.63,2.62,N,0
49.12008,-119.97033,305.57,0.39,0.36,2023-08-15,1012,N20,VIIRS,n,2,287.78,1.22,N,0
49.121,-119.97562,310.44,0.39,0.36,2023-08-15,1012,N20,VIIRS,n,2,290.55,1.22,N,0
49.12151,-119.95842,317.33,0.39,0.36,2023-08-15,1012,N20,VIIRS,n,2,292.42,2.04,N,0
49.12192,-119.98092,329.15,0.39,0.36,2023-08-15,1012,N20,VIIRS,n,2,295.98,5.5,N,0
49.12239,-119.96353,316.23,0.39,0.36,2023-08-15,1012,N20,VIIRS,n,2,292.33,2.04,N,0
49.12283,-119.98614,328.81,0.39,0.36,2023-08-15,1012,N20,VIIRS,n,2,293.39,5.5,N,0
49.12476,-119.95704,305.3,0.39,0.36,2023-08-15,1012,N20,VIIRS,n,2,289.26,1.09,N,0
49.12514,-119.97939,329.83,0.39,0.36,2023-08-15,1012,N20,VIIRS,n,2,296.5,5.5,N,0
49.12605,-119.98463,345.63,0.39,0.36,2023-08-15,1012,N20,VIIRS,n,2,298.49,5.5,N,0
49.1262,-119.94524,311.5,0.39,0.37,2023-08-15,1012,N20,VIIRS,n,2,289.35,1.51,N,0
49.12835,-119.97777,318.78,0.39,0.36,2023-08-15,1012,N20,VIIRS,n,2,294.08,8.32,N,0
49.12927,-119.98309,332.32,0.39,0.36,2023-08-15,1012,N20,VIIRS,n,2,299.78,8.32,N,0
49.13248,-119.98147,305.87,0.39,0.36,2023-08-15,1012,N20,VIIRS,n,2,290.91,8.32,N,0
49.13568,-119.97983,331.47,0.39,0.36,2023-08-15,1012,N20,VIIRS,n,2,295.27,3.32,N,0
49.13661,-119.98517,307.12,0.39,0.36,2023-08-15,1012,N20,VIIRS,n,2,290.46,2.12,N,0
49.13765,-119.95087,300.57,0.39,0.36,2023-08-15,1012,N20,VIIRS,n,2,290.05,0.48,N,0
49.13798,-119.97293,314.73,0.39,0.36,2023-08-15,1012,N20,VIIRS,n,2,293.49,3.32,N,0
49.13855,-119.95609,300.51,0.39,0.36,2023-08-15,1012,N20,VIIRS,n,2,289.87,0.48,N,0
49.1389,-119.97824,339.49,0.39,0.36,2023-08-15,1012,N20,VIIRS,n,2,295.89,3.32,N,0
49.13947,-119.96134,302.16,0.39,0.36,2023-08-15,1012,N20,VIIRS,n,2,290.64,0.73,N,0
49.14879,-120.07593,312.88,0.39,0.36,2023-08-15,1012,N20,VIIRS,n,2,287.29,1.01,N,0
49.15115,-120.06938,309.39,0.39,0.36,2023-08-15,1012,N20,VIIRS,n,2,289.5,1.63,N,0
49.15442,-120.06815,330.62,0.39,0.36,2023-08-15,1012,N20,VIIRS,n,2,294.24,1.63,N,0
49.15535,-120.07355,297.94,0.39,0.36,2023-08-15,1012,N20,VIIRS,n,2,287.43,1.63,N,0
49.15677,-120.06157,328.23,0.39,0.36,2023-08-15,1012,N20,VIIRS,n,2,291.93,1.68,N,0
49.15868,-120.03223,313.45,0.39,0.36,2023-08-15,1012,N20,VIIRS,n,2,291.45,2.62,N,0
49.15963,-120.03773,328.2,0.39,0.36,2023-08-15,1012,N20,VIIRS,n,2,292.1,2.62,N,0
49.16006,-120.06044,302.87,0.39,0.36,2023-08-15,1012,N20,VIIRS,n,2,290.07,1.68,N,0
49.1615,-120.04859,301.41,0.39,0.36,2023-08-15,1012,N20,VIIRS,n,2,290.64,0.63,N,0
49.16198,-120.03115,340.68,0.39,0.36,2023-08-15,1012,N20,VIIRS,n,2,296.48,2.62,N,0
49.16243,-120.054,322.14,0.39,0.36,2023-08-15,1012,N20,VIIRS,n,2,293.04,1.18,N,0
49.16292,-120.0366,328.87,0.39,0.36,2023-08-15,1012,N20,VIIRS,n,2,292.42,2.62,N,0
49.16335,-120.05934,303.57,0.39,0.36,2023-08-15,1012,N20,VIIRS,n,2,289.44,1.18,N,0
49.16526,-120.02991,336.05,0.39,0.36,2023-08-15,1012,N20,VIIRS,n,2,294.22,4.79,N,0
49.16618,-120.03532,301.88,0.39,0.36,2023-08-15,1012,N20,VIIRS,n,2,289.64,4.79,N,0
49.16663,-120.05818,298.13,0.39,0.36,2023-08-15,1012,N20,VIIRS,n,2,287.17,1.18,N,0
49.16711,-120.04071,298.16,0.39,0.36,2023-08-15,1012,N20,VIIRS,n,2,288.04,0.59,N,0
49.16851,-120.02856,332.63,0.39,0.36,2023-08-15,1012,N20,VIIRS,n,2,294.23,4.79,N,0
49.16944,-120.03397,352.01,0.39,0.36,2023-08-15,1012,N20,VIIRS,n,2,298.28,4.79,N,0
49.17037,-120.03938,305.65,0.39,0.36,2023-08-15,1012,N20,VIIRS,n,2,292.75,0.59,N,0
49.17268,-120.03255,330.79,0.39,0.36,2023-08-15,1012,N20,VIIRS,n,2,293.94,3.75,N,0
49.17361,-120.03795,321.61,0.39,0.36,2023-08-15,1012,N20,VIIRS,n,2,293.87,3.55,N,0
49.17454,-120.04336,318.82,0.39,0.36,2023-08-15,1012,N20,VIIRS,n,2,292.57,3.55,N,0
49.17685,-120.03651,304.09,0.39,0.36,2023-08-15,1012,N20,VIIRS,n,2,291.93,3.55,N,0
49.17778,-120.04192,343.86,0.39,0.36,2023-08-15,1012,N20,VIIRS,n,2,295.63,3.55,N,0
49.17871,-120.04733,314.98,0.39,0.36,2023-08-15,1012,N20,VIIRS,n,2,291.88,2.46,N,0
49.18057,-120.05824,303.34,0.39,0.36,2023-08-15,1012,N20,VIIRS,n,2,290.36,1.23,N,0
49.18288,-120.05137,306.96,0.39,0.36,2023-08-15,1012,N20,VIIRS,n,2,291.3,2.46,N,0
49.18613,-120.04997,333.44,0.39,0.36,2023-08-15,1012,N20,VIIRS,n,2,294.42,2.46,N,0
49.18705,-120.05533,307.6,0.39,0.36,2023-08-15,1012,N20,VIIRS,n,2,291.53,1.63,N,0
49.19029,-120.05395,302.84,0.39,0.36,2023-08-15,1012,N20,VIIRS,n,2,290.14,1.34,N,0
49.19263,-120.04727,306.27,0.39,0.36,2023-08-15,1012,N20,VIIRS,n,2,289.77,1.23,N,0
49.19475,-120.04437,326.81,0.39,0.36,2023-08-15,1012,N20,VIIRS,n,2,292.27,4.93,N,0
49.19568,-120.04971,331.54,0.39,0.36,2023-08-15,1012,N20,VIIRS,n,2,289.48,4.93,N,0
49.19799,-120.04298,301.76,0.39,0.36,2023-08-15,1012,N20,VIIRS,n,2,291.17,4.93,N,0
49.19893,-120.04838,356.47,0.39,0.36,2023-08-15,1012,N20,VIIRS,n,2,299.98,4.93,N,0
49.19986,-120.05374,339.16,0.39,0.36,2023-08-15,1012,N20,VIIRS,n,2,291.77,6.45,N,0
49.20218,-120.04702,339.12,0.39,0.36,2023-08-15,1012,N20,VIIRS,n,2,294.88,12.84,N,0
49.20312,-120.05242,329.18,0.39,0.36,2023-08-15,1012,N20,VIIRS,n,2,287.48,4.63,N,0
50.34951,-117.62747,311.6,0.42,0.38,2023-08-15,1012,N20,VIIRS,n,2,291.23,0.97,N,0
50.42496,-120.42023,301.09,0.39,0.36,2023-08-15,1012,N20,VIIRS,n,2,290.2,0.99,N,0
50.42548,-120.46552,317.21,0.39,0.36,2023-08-15,1012,N20,VIIRS,n,2,289.74,14.13,N,0
50.42635,-120.47085,348.55,0.39,0.36,2023-08-15,1012,N20,VIIRS,n,2,294.21,7.74,N,0
50.42785,-120.45889,320.44,0.39,0.36,2023-08-15,1012,N20,VIIRS,n,2,300.19,14.13,N,0
50.42872,-120.46424,347.3,0.39,0.36,2023-08-15,1012,N20,VIIRS,n,2,303.36,14.13,N,0
50.42934,-120.44696,302.49,0.39,0.36,2023-08-15,1012,N20,VIIRS,n,2,287.08,0.57,N,0
50.42959,-120.46957,354.44,0.39,0.36,2023-08-15,1012,N20,VIIRS,n,2,303.84,7.74,N,0
50.43021,-120.45227,300.56,0.39,0.36,2023-08-15,1012,N20,VIIRS,n,2,288.36,0.57,N,0
50.43046,-120.47488,327.71,0.39,0.36,2023-08-15,1012,N20,VIIRS,n,2,288.81,7.74,N,0
50.43109,-120.45761,346.55,0.39,0.36,2023-08-15,1012,N20,VIIRS,n,2,308.17,12.18,N,0
50.43196,-120.46294,352.62,0.39,0.36,2023-08-15,1012,N20,VIIRS,n,2,303.27,12.18,N,0
50.43283,-120.46827,354.42,0.39,0.36,2023-08-15,1012,N20,VIIRS,n,2,304.91,7.49,N,0
50.4337,-120.47359,331.42,0.39,0.36,2023-08-15,1012,N20,VIIRS,n,2,290.2,7.49,N,0
50.43432,-120.45633,325.03,0.39,0.36,2023-08-15,1012,N20,VIIRS,n,2,294.8,12.18,N,0
50.4352,-120.46167,344.23,0.39,0.36,2023-08-15,1012,N20,VIIRS,n,2,301.65,12.18,N,0
50.43607,-120.467,345.85,0.39,0.36,2023-08-15,1012,N20,VIIRS,n,2,299.18,7.49,N,0
50.43694,-120.47231,347.21,0.39,0.36,2023-08-15,1012,N20,VIIRS,n,2,298.43,7.49,N,0
50.43844,-120.46039,300.05,0.39,0.36,2023-08-15,1012,N20,VIIRS,n,2,289.65,0.75,N,0
50.43931,-120.46571,321.25,0.39,0.36,2023-08-15,1012,N20,VIIRS,n,2,294.23,2.9,N,0
50.44018,-120.47102,334.87,0.39,0.36,2023-08-15,1012,N20,VIIRS,n,2,295.15,2.9,N,0
50.44104,-120.47633,330.93,0.39,0.36,2023-08-15,1012,N20,VIIRS,n,2,290.64,4.04,N,0
50.44255,-120.46443,320.83,0.39,0.36,2023-08-15,1012,N20,VIIRS,n,2,293.11,2.9,N,0
50.44341,-120.46974,327.52,0.39,0.36,2023-08-15,1012,N20,VIIRS,n,2,294.25,2.9,N,0
50.44428,-120.47503,326.39,0.39,0.36,2023-08-15,1012,N20,VIIRS,n,2,289.71,4.04,N,0
50.44666,-120.46844,302.17,0.39,0.36,2023-08-15,1012,N20,VIIRS,n,2,289.17,1.24,N,0
50.44752,-120.47375,327.96,0.39,0.36,2023-08-15,1012,N20,VIIRS,n,2,293.34,6.61,N,0
50.44838,-120.47903,327.27,0.39,0.36,2023-08-15,1012,N20,VIIRS,n,2,285.92,6.61,N,0
50.45374,-120.44852,307.44,0.39,0.36,2023-08-15,1012,N20,VIIRS,n,2,287.84,3.44,N,0
50.45461,-120.45386,327.78,0.39,0.36,2023-08-15,1012,N20,VIIRS,n,2,288.8,3.44,N,0
50.54659,-120.4267,300.41,0.39,0.36,2023-08-15,1012,N20,VIIRS,n,2,288.3,1.09,N,0
50.68828,-120.40675,305.91,0.39,0.36,2023-08-15,1012,N20,VIIRS,n,2,293.06,1.13,N,2
50.94862,-119.60583,345.25,0.39,0.36,2023-08-15,1012,N20,VIIRS,n,2,313.36,21.84,N,0
50.94951,-119.61116,316.66,0.39,0.36,2023-08-15,1012,N20,VIIRS,n,2,292.9,21.84,N,0
50.95041,-119.61649,347.18,0.39,0.36,2023-08-15,1012,N20,VIIRS,n,2,296.12,6.24,N,0
50.95132,-119.62189,339.54,0.39,0.36,2023-08-15,1012,N20,VIIRS,n,2,294.78,6.24,N,0
50.95187,-119.60452,347.74,0.39,0.36,2023-08-15,1012,N20,VIIRS,n,2,296.19,17.17,N,0
50.95225,-119.62735,304.69,0.39,0.36,2023-08-15,1012,N20,VIIRS,n,2,291.54,0.88,N,0
50.95276,-119.60978,367,0.39,0.36,2023-08-15,1012,N20,VIIRS,h,2,302.05,17.17,N,0
50.95366,-119.61511,342.49,0.39,0.36,2023-08-15,1012,N20,VIIRS,n,2,297.58,8.08,N,0
50.95457,-119.62051,345.08,0.39,0.36,2023-08-15,1012,N20,VIIRS,n,2,298.26,8.08,N,0
50.95601,-119.60843,338.03,0.39,0.36,2023-08-15,1012,N20,VIIRS,n,2,304.05,17.17,N,0
50.95691,-119.61377,345.38,0.39,0.36,2023-08-15,1012,N20,VIIRS,n,2,297.24,8.08,N,0
50.95784,-119.61926,315.65,0.39,0.36,2023-08-15,1012,N20,VIIRS,n,2,296.05,8.08,N,0
50.95877,-119.62479,303.41,0.39,0.36,2023-08-15,1012,N20,VIIRS,n,2,292.97,1.35,N,0
50.95925,-119.60705,306.41,0.39,0.36,2023-08-15,1012,N20,VIIRS,n,2,292.52,1.34,N,0
50.96016,-119.61242,320.86,0.39,0.36,2023-08-15,1012,N20,VIIRS,n,2,293.49,2.03,N,0
50.96109,-119.61794,313.42,0.39,0.36,2023-08-15,1012,N20,VIIRS,n,2,294.93,2.03,N,0
50.96153,-119.64108,303.13,0.39,0.36,2023-08-15,1012,N20,VIIRS,n,2,292.16,0.72,N,0
50.96204,-119.62352,303.49,0.39,0.36,2023-08-15,1012,N20,VIIRS,n,2,292.96,0.96,N,0
50.96297,-119.62906,306.01,0.39,0.36,2023-08-15,1012,N20,VIIRS,n,2,292.57,0.96,N,0
50.96333,-119.65176,312.78,0.39,0.36,2023-08-15,1012,N20,VIIRS,n,2,294.31,1.91,N,0
50.96423,-119.65707,330.63,0.39,0.36,2023-08-15,1012,N20,VIIRS,n,2,296.11,3.23,N,0
50.96511,-119.66235,328.56,0.39,0.36,2023-08-15,1012,N20,VIIRS,n,2,292.12,3.23,N,0
50.96987,-119.64933,316.78,0.39,0.36,2023-08-15,1012,N20,VIIRS,n,2,292.77,2.16,N,0
50.98291,-119.60302,307.01,0.39,0.36,2023-08-15,1012,N20,VIIRS,n,2,292.92,1.38,N,0
50.99472,-119.81801,301.35,0.39,0.36,2023-08-15,1012,N20,VIIRS,n,2,288.92,0.76,N,0
50.99722,-119.77075,312.79,0.39,0.36,2023-08-15,1012,N20,VIIRS,n,2,293.54,0.94,N,0
50.99814,-119.7763,302.38,0.39,0.36,2023-08-15,1012,N20,VIIRS,n,2,290.63,0.94,N,0
50.99871,-119.61451,338.86,0.39,0.36,2023-08-15,1012,N20,VIIRS,n,2,292.17,5.05,N,0
51.00134,-119.61313,326.57,0.39,0.36,2023-08-15,1012,N20,VIIRS,n,2,291.92,2.05,N,0
51.00231,-119.6188,301.99,0.39,0.36,2023-08-15,1012,N20,VIIRS,n,2,289.88,2.05,N,0
51.00359,-119.60604,312.86,0.39,0.36,2023-08-15,1012,N20,VIIRS,n,2,292.13,2.22,N,0
51.00457,-119.61172,327.75,0.39,0.36,2023-08-15,1012,N20,VIIRS,n,2,294.88,2.05,N,0
51.00684,-119.60468,303.91,0.39,0.36,2023-08-15,1012,N20,VIIRS,n,2,290.69,1.61,N,0
51.00782,-119.61035,346.55,0.39,0.36,2023-08-15,1012,N20,VIIRS,n,2,294.63,5.75,N,0
51.01023,-119.64491,300.96,0.39,0.36,2023-08-15,1012,N20,VIIRS,n,2,282.94,1.08,N,0
51.01603,-119.82115,296.45,0.39,0.36,2023-08-15,1012,N20,VIIRS,n,2,284.89,0.33,N,0
51.01816,-119.85467,295.93,0.39,0.36,2023-08-15,1012,N20,VIIRS,n,2,285.56,0.4,N,0
51.02248,-119.81829,299.1,0.39,0.36,2023-08-15,1012,N20,VIIRS,n,2,287.09,0.38,N,0
51.02679,-119.76402,313.03,0.39,0.36,2023-08-15,1012,N20,VIIRS,n,2,291.45,1.83,N,0
51.02775,-119.76964,322.38,0.39,0.36,2023-08-15,1012,N20,VIIRS,n,2,290.11,1.83,N,0
51.05079,-119.783,299.52,0.39,0.36,2023-08-15,1012,N20,VIIRS,n,2,289.47,0.82,N,0
51.05121,-119.76495,316.94,0.39,0.36,2023-08-15,1012,N20,VIIRS,n,2,292.91,0.97,N,0
51.05215,-119.77048,305.84,0.39,0.36,2023-08-15,1012,N20,VIIRS,n,2,291.76,0.97,N,0
51.054,-119.78149,310.62,0.39,0.36,2023-08-15,1012,N20,VIIRS,n,2,291.4,0.82,N,0
51.06771,-119.67719,324.98,0.39,0.36,2023-08-15,1012,N20,VIIRS,n,2,293,1.54,N,0
51.06859,-119.68243,304.29,0.39,0.36,2023-08-15,1012,N20,VIIRS,n,2,291.89,1.54,N,0
51.07303,-119.70887,303.36,0.39,0.36,2023-08-15,1012,N20,VIIRS,n,2,291.97,1.14,N,3
51.07538,-119.70218,311.13,0.39,0.36,2023-08-15,1012,N20,VIIRS,n,2,291.75,1.79,N,0
51.07627,-119.70747,321.27,0.39,0.36,2023-08-15,1012,N20,VIIRS,n,2,293.34,1.14,N,3
51.08247,-119.68234,337,0.39,0.36,2023-08-15,1012,N20,VIIRS,n,2,293.2,3.68,N,0
51.08631,-119.66393,331.8,0.39,0.36,2023-08-15,1012,N20,VIIRS,n,2,290.5,2.06,N,0
51.08953,-119.66248,301.82,0.39,0.36,2023-08-15,1012,N20,VIIRS,n,2,290.62,2.06,N,0
51.09003,-118.34923,316.65,0.4,0.37,2023-08-15,1012,N20,VIIRS,n,2,291.53,1.88,N,0
51.09042,-119.66772,303.78,0.39,0.36,2023-08-15,1012,N20,VIIRS,n,2,292.18,1.58,N,0
51.09107,-118.355,330.01,0.4,0.37,2023-08-15,1012,N20,VIIRS,n,2,293.53,3.04,N,0
51.09276,-119.66101,308.43,0.39,0.36,2023-08-15,1012,N20,VIIRS,n,2,291.89,1.48,N,0
51.09338,-118.34814,342.42,0.4,0.37,2023-08-15,1012,N20,VIIRS,n,2,296.69,3.46,N,0
51.09442,-118.35393,301.59,0.4,0.37,2023-08-15,1012,N20,VIIRS,n,2,291.07,1.37,N,0
51.09673,-118.34705,306.82,0.4,0.37,2023-08-15,1012,N20,VIIRS,n,2,290.9,3.46,N,0
51.20971,-117.95877,324.26,0.41,0.37,2023-08-15,1012,N20,VIIRS,n,2,290.32,2.16,N,0
51.45721,-119.6925,301.62,0.39,0.36,2023-08-15,1012,N20,VIIRS,n,2,286.44,6.53,N,0
51.45808,-119.69782,353.29,0.39,0.36,2023-08-15,1012,N20,VIIRS,n,2,299.9,6.53,N,0
51.45895,-119.70309,355.11,0.39,0.36,2023-08-15,1012,N20,VIIRS,n,2,295.23,6.77,N,0
51.45982,-119.70835,310.23,0.39,0.36,2023-08-15,1012,N20,VIIRS,n,2,290.72,6.77,N,0
51.46046,-119.6912,305.89,0.39,0.36,2023-08-15,1012,N20,VIIRS,n,2,287.27,6.53,N,0
51.46135,-119.69654,329.55,0.39,0.36,2023-08-15,1012,N20,VIIRS,n,2,294.46,6.53,N,0
51.46222,-119.70184,356.59,0.39,0.36,2023-08-15,1012,N20,VIIRS,n,2,299.46,6.77,N,0
51.46308,-119.70708,325.51,0.39,0.36,2023-08-15,1012,N20,VIIRS,n,2,292.19,6.77,N,0
51.4646,-119.69527,299.86,0.39,0.36,2023-08-15,1012,N20,VIIRS,n,2,284.64,0.63,N,0
51.46548,-119.70057,330.1,0.39,0.36,2023-08-15,1012,N20,VIIRS,n,2,287.8,2.33,N,0
51.51259,-117.51461,297.87,0.41,0.37,2023-08-15,1012,N20,VIIRS,n,2,286.54,2.09,N,0
51.51354,-117.53925,316.55,0.41,0.37,2023-08-15,1012,N20,VIIRS,n,2,288.15,1.41,N,0
51.51371,-117.52073,349.27,0.41,0.37,2023-08-15,1012,N20,VIIRS,n,2,294.85,6.61,N,0
51.51478,-117.52654,301.74,0.41,0.37,2023-08-15,1012,N20,VIIRS,n,2,289.02,6.61,N,0
51.51583,-117.53223,313.32,0.41,0.37,2023-08-15,1012,N20,VIIRS,n,2,290.11,1.42,N,0
51.51676,-117.51833,342.95,0.41,0.37,2023-08-15,1012,N20,VIIRS,n,2,288.48,6.61,N,0
51.5169,-117.53803,305.88,0.41,0.37,2023-08-15,1012,N20,VIIRS,n,2,288.63,1.42,N,0
51.51699,-117.51899,339.47,0.41,0.37,2023-08-15,1012,N20,VIIRS,n,2,291.78,6.61,N,0
51.51785,-117.52415,316.5,0.41,0.37,2023-08-15,1012,N20,VIIRS,n,2,289.35,1.5,N,0
51.51806,-117.52483,309.24,0.41,0.37,2023-08-15,1012,N20,VIIRS,n,2,288.96,6.61,N,0
51.52357,-117.55476,297.6,0.41,0.37,2023-08-15,1012,N20,VIIRS,n,2,285.22,1.02,N,0
51.52456,-117.55988,315.18,0.41,0.37,2023-08-15,1012,N20,VIIRS,n,2,286.66,1.3,N,0
51.52466,-117.56068,322.32,0.41,0.37,2023-08-15,1012,N20,VIIRS,n,2,285.12,1.02,N,0
51.52568,-117.56583,315.76,0.41,0.37,2023-08-15,1012,N20,VIIRS,n,2,284.26,1.3,N,0
51.52666,-117.55193,302.41,0.41,0.37,2023-08-15,1012,N20,VIIRS,n,2,287.78,1.1,N,0
51.52775,-117.55776,299.63,0.41,0.37,2023-08-15,1012,N20,VIIRS,n,2,285.55,1.3,N,0
51.52888,-117.56377,318.91,0.41,0.37,2023-08-15,1012,N20,VIIRS,n,2,286.58,1.3,N,0
49.0998,-121.2654,352.85,0.62,0.54,2023-08-15,1959,N20,VIIRS,n,2,308.87,23.8,D,0
49.10461,-121.26755,341.16,0.62,0.54,2023-08-15,1959,N20,VIIRS,n,2,300.61,23.8,D,0
49.10601,-121.2625,330.49,0.62,0.54,2023-08-15,1959,N20,VIIRS,l,2,301.55,23.8,D,0
49.11085,-121.2645,340.85,0.62,0.54,2023-08-15,1959,N20,VIIRS,n,2,299.83,9.53,D,0
49.11367,-121.27385,338.37,0.62,0.54,2023-08-15,1959,N20,VIIRS,n,2,299.24,9.53,D,0
49.11434,-119.96694,351.77,0.55,0.51,2023-08-15,1959,N20,VIIRS,n,2,300.34,19.33,D,0
49.11535,-121.26782,329.53,0.62,0.54,2023-08-15,1959,N20,VIIRS,n,2,296.82,9.53,D,0
49.11661,-119.97764,332.56,0.55,0.51,2023-08-15,1959,N20,VIIRS,l,2,305.34,28.32,D,0
49.11807,-119.95273,336.43,0.55,0.51,2023-08-15,1959,N20,VIIRS,n,2,299.62,5.21,D,0
49.11842,-119.97073,344.15,0.55,0.51,2023-08-15,1959,N20,VIIRS,n,2,299.41,19.33,D,0
49.12098,-119.98032,343.84,0.55,0.51,2023-08-15,1959,N20,VIIRS,n,2,306.17,45.7,D,0
49.12503,-119.98421,338.91,0.55,0.51,2023-08-15,1959,N20,VIIRS,n,2,308.62,45.7,D,0
49.12654,-119.97848,350.78,0.55,0.51,2023-08-15,1959,N20,VIIRS,n,2,308.21,50.37,D,0
49.13053,-119.98266,350.28,0.55,0.51,2023-08-15,1959,N20,VIIRS,n,2,300.08,18.62,D,0
49.13902,-119.96962,354.48,0.55,0.51,2023-08-15,1959,N20,VIIRS,n,2,304.27,19.35,D,0
49.14177,-119.97153,350.72,0.55,0.51,2023-08-15,1959,N20,VIIRS,n,2,304.72,16.14,D,0
49.15078,-120.0715,349.97,0.55,0.51,2023-08-15,1959,N20,VIIRS,l,2,320.52,33.72,D,0
49.15251,-120.065,335.86,0.55,0.51,2023-08-15,1959,N20,VIIRS,l,2,309.75,33.72,D,0
49.15425,-120.05844,341.69,0.55,0.51,2023-08-15,1959,N20,VIIRS,n,2,307.18,6.91,D,0
49.15639,-120.03123,342.43,0.55,0.51,2023-08-15,1959,N20,VIIRS,n,2,303.37,8.13,D,0
49.15921,-120.05898,333.7,0.55,0.51,2023-08-15,1959,N20,VIIRS,n,2,303.15,6.91,D,0
49.15986,-120.03734,338.34,0.55,0.51,2023-08-15,1959,N20,VIIRS,n,2,302.56,6.62,D,0
49.16159,-120.03085,343.69,0.55,0.51,2023-08-15,1959,N20,VIIRS,n,2,302.92,8.1,D,0
49.16895,-120.06064,341.72,0.55,0.51,2023-08-15,1959,N20,VIIRS,n,2,307.25,9.25,D,0
49.17077,-120.03456,337.75,0.55,0.51,2023-08-15,1959,N20,VIIRS,n,2,303.32,13.61,D,0
49.17197,-120.06847,345.16,0.55,0.51,2023-08-15,1959,N20,VIIRS,n,2,310.91,9.23,D,0
49.17224,-120.02905,339.91,0.55,0.51,2023-08-15,1959,N20,VIIRS,n,2,301.33,13.61,D,0
49.17436,-121.39499,351.61,0.63,0.54,2023-08-15,1959,N20,VIIRS,n,2,302.19,186.36,D,0
49.17508,-120.03754,337.47,0.55,0.51,2023-08-15,1959,N20,VIIRS,n,2,301.18,13.61,D,0
49.1765,-120.03217,339.72,0.55,0.51,2023-08-15,1959,N20,VIIRS,n,2,301.35,13.61,D,0
49.17746,-121.38384,342.56,0.63,0.54,2023-08-15,1959,N20,VIIRS,n,2,299.6,26.78,D,0
49.17944,-120.04028,354.09,0.55,0.51,2023-08-15,1959,N20,VIIRS,n,2,301.19,8.08,D,0
49.17957,-121.39577,367,0.63,0.54,2023-08-15,1959,N20,VIIRS,l,2,342.26,737.77,D,0
49.18115,-121.39005,367,0.63,0.54,2023-08-15,1959,N20,VIIRS,l,2,364.89,737.77,D,0
49.18257,-121.38495,353.05,0.63,0.54,2023-08-15,1959,N20,VIIRS,n,2,306.64,203.78,D,0
49.191,-120.07352,335.5,0.55,0.51,2023-08-15,1959,N20,VIIRS,n,2,304.2,7.5,D,0
49.20327,-120.04626,347.35,0.55,0.51,2023-08-15,1959,N20,VIIRS,n,2,312.79,197.52,D,0
49.42982,-117.68246,345.56,0.43,0.46,2023-08-15,1959,N20,VIIRS,n,2,310.14,38.12,D,0
50.42274,-120.43822,342,0.52,0.5,2023-08-15,2000,N20,VIIRS,n,2,304.78,11.4,D,0
50.42338,-120.41684,347.57,0.52,0.5,2023-08-15,2000,N20,VIIRS,n,2,301.59,5.31,D,0
50.42473,-120.46854,335.58,0.53,0.5,2023-08-15,2000,N20,VIIRS,n,2,301.09,30.3,D,0
50.42546,-120.44679,344,0.52,0.5,2023-08-15,2000,N20,VIIRS,n,2,304.94,30.3,D,0
50.4262,-120.42507,341.4,0.52,0.5,2023-08-15,2000,N20,VIIRS,n,2,302.4,5.31,D,0
50.42643,-120.4621,351.54,0.53,0.5,2023-08-15,2000,N20,VIIRS,n,2,311.35,30.3,D,0
50.42789,-120.41871,330.76,0.52,0.5,2023-08-15,2000,N20,VIIRS,l,2,302.1,5.31,D,0
50.42813,-120.45567,367,0.52,0.5,2023-08-15,2000,N20,VIIRS,h,2,303.22,30.3,D,0
50.4291,-120.47095,334.21,0.53,0.5,2023-08-15,2000,N20,VIIRS,n,2,301.55,54.76,D,0
50.42989,-120.44899,351.54,0.52,0.5,2023-08-15,2000,N20,VIIRS,n,2,304.25,30.3,D,0
50.43084,-120.46433,367,0.53,0.5,2023-08-15,2000,N20,VIIRS,h,2,329.3,54.76,D,0
50.43124,-120.40603,340.43,0.52,0.5,2023-08-15,2000,N20,VIIRS,n,2,302.23,7.09,D,0
50.43258,-120.45778,350.46,0.52,0.5,2023-08-15,2000,N20,VIIRS,n,2,302.27,70.07,D,0
50.43352,-120.47318,341.58,0.53,0.5,2023-08-15,2000,N20,VIIRS,n,2,299.65,54.76,D,0
50.44405,-120.47121,341.84,0.53,0.5,2023-08-15,2000,N20,VIIRS,n,2,299.12,13.35,D,0
50.44753,-120.45798,351.78,0.52,0.5,2023-08-15,2000,N20,VIIRS,n,2,303.53,25.85,D,0
50.44828,-120.47415,339.01,0.53,0.5,2023-08-15,2000,N20,VIIRS,n,2,299.97,7.72,D,0
50.44917,-120.45172,348.62,0.52,0.5,2023-08-15,2000,N20,VIIRS,n,2,299.79,12.82,D,0
50.45012,-120.46715,350.92,0.52,0.5,2023-08-15,2000,N20,VIIRS,n,2,300.45,18.39,D,0
50.45185,-120.46056,355.69,0.52,0.5,2023-08-15,2000,N20,VIIRS,n,2,305.66,18.39,D,0
50.94512,-119.6048,342.56,0.47,0.48,2023-08-15,2000,N20,VIIRS,n,2,300.64,8.84,D,0
50.94914,-119.60767,342.54,0.47,0.48,2023-08-15,2000,N20,VIIRS,n,2,301.22,6.89,D,0
50.951,-119.60022,339.81,0.47,0.48,2023-08-15,2000,N20,VIIRS,n,2,298.48,6.89,D,0
50.95139,-119.61766,344.8,0.47,0.48,2023-08-15,2000,N20,VIIRS,n,2,302.85,10.95,D,0
50.9531,-119.61079,338.09,0.47,0.48,2023-08-15,2000,N20,VIIRS,n,2,300.83,6.89,D,0
50.95499,-119.60317,333.56,0.47,0.48,2023-08-15,2000,N20,VIIRS,n,2,297.99,6.89,D,0
50.9588,-119.60689,345.62,0.47,0.48,2023-08-15,2000,N20,VIIRS,n,2,299.22,9.67,D,0
50.96183,-119.65182,342.03,0.47,0.48,2023-08-15,2000,N20,VIIRS,n,2,302.01,4.4,D,0
50.96293,-119.65228,343.45,0.47,0.48,2023-08-15,2000,N20,VIIRS,n,2,302.62,5.37,D,0
50.96497,-119.64426,331.03,0.47,0.48,2023-08-15,2000,N20,VIIRS,n,2,299.63,5.37,D,0
51.00052,-119.61623,355.56,0.47,0.48,2023-08-15,2000,N20,VIIRS,n,2,298.56,18.44,D,0
51.00602,-119.61318,343.97,0.47,0.48,2023-08-15,2000,N20,VIIRS,n,2,313,57.99,D,0
51.00718,-119.60858,351.98,0.47,0.48,2023-08-15,2000,N20,VIIRS,n,2,297.32,57.99,D,0
51.00772,-119.64399,349.37,0.47,0.48,2023-08-15,2000,N20,VIIRS,n,2,300.62,9.87,D,0
51.05014,-119.75881,327.54,0.47,0.48,2023-08-15,2000,N20,VIIRS,n,2,295.46,3.7,D,0
51.05033,-119.76104,329.39,0.47,0.48,2023-08-15,2000,N20,VIIRS,n,2,294.36,3.13,D,0
51.08582,-119.6587,326.76,0.47,0.48,2023-08-15,2000,N20,VIIRS,l,2,297.28,3.25,D,0
51.09103,-118.34954,330.81,0.42,0.45,2023-08-15,2000,N20,VIIRS,n,2,292.5,3.42,D,0
51.09243,-118.34368,326.74,0.42,0.45,2023-08-15,2000,N20,VIIRS,n,2,290.71,3.42,D,0
51.09374,-118.33817,338.73,0.42,0.45,2023-08-15,2000,N20,VIIRS,n,2,292.01,3.08,D,0
49.10138,-121.26863,367,0.33,0.55,2023-08-15,2140,N20,VIIRS,h,2,303.85,11.02,D,0
49.10189,-121.25748,367,0.33,0.55,2023-08-15,2140,N20,VIIRS,h,2,303.04,16.35,D,0
49.107,-121.25747,367,0.33,0.55,2023-08-15,2140,N20,VIIRS,h,2,300.05,5.47,D,0
49.10935,-119.95731,334.55,0.38,0.58,2023-08-15,2140,N20,VIIRS,n,2,305,3.25,D,0
49.11212,-121.25737,350.22,0.33,0.55,2023-08-15,2140,N20,VIIRS,n,2,302.02,5.47,D,0
49.11414,-119.97686,349.26,0.37,0.58,2023-08-15,2140,N20,VIIRS,n,2,310.85,34.45,D,0
49.11428,-119.97255,367,0.37,0.58,2023-08-15,2140,N20,VIIRS,h,2,337.67,64.24,D,0
49.11443,-119.96782,367,0.38,0.58,2023-08-15,2140,N20,VIIRS,h,2,316.03,64.24,D,0
49.11459,-119.96282,355.93,0.38,0.58,2023-08-15,2140,N20,VIIRS,n,2,304.85,25.89,D,0
49.11474,-119.95816,352.53,0.38,0.58,2023-08-15,2140,N20,VIIRS,n,2,303.19,25.89,D,0
49.11489,-119.95338,367,0.38,0.58,2023-08-15,2140,N20,VIIRS,l,2,336.99,83.53,D,0
49.11504,-119.94853,344.9,0.38,0.58,2023-08-15,2140,N20,VIIRS,n,2,318.28,83.53,D,0
49.1152,-119.94354,356.3,0.38,0.58,2023-08-15,2140,N20,VIIRS,n,2,299.87,37.54,D,0
49.1192,-119.98776,346.16,0.37,0.58,2023-08-15,2140,N20,VIIRS,n,2,301.21,8.72,D,0
49.11936,-119.98285,354.63,0.37,0.58,2023-08-15,2140,N20,VIIRS,n,2,309.53,34.45,D,0
49.11954,-119.97739,356.15,0.37,0.58,2023-08-15,2140,N20,VIIRS,n,2,302.92,34.45,D,0
49.11972,-119.97183,339.95,0.37,0.58,2023-08-15,2140,N20,VIIRS,n,2,309.81,64.24,D,0
49.11992,-119.96557,367,0.38,0.58,2023-08-15,2140,N20,VIIRS,h,2,301.6,64.24,D,0
49.12008,-119.96051,332.08,0.38,0.58,2023-08-15,2140,N20,VIIRS,n,2,300.39,25.89,D,0
49.12021,-119.95631,338.78,0.38,0.58,2023-08-15,2140,N20,VIIRS,n,2,299.53,25.89,D,0
49.12035,-119.95222,348.47,0.38,0.58,2023-08-15,2140,N20,VIIRS,n,2,299.61,83.53,D,0
49.12451,-119.99101,350.41,0.37,0.58,2023-08-15,2140,N20,VIIRS,n,2,305.75,102.43,D,0
49.12466,-119.98633,367,0.37,0.58,2023-08-15,2140,N20,VIIRS,h,2,347.83,102.43,D,0
49.12484,-119.98073,367,0.37,0.58,2023-08-15,2140,N20,VIIRS,h,2,302.68,64.38,D,0
49.12568,-119.95491,356.38,0.38,0.58,2023-08-15,2140,N20,VIIRS,l,2,297.85,11.19,D,0
49.13018,-119.98298,367,0.37,0.58,2023-08-15,2140,N20,VIIRS,l,2,335.64,102.43,D,0
49.13042,-119.97569,367,0.37,0.58,2023-08-15,2140,N20,VIIRS,h,2,299.94,64.38,D,0
49.13537,-119.98996,345.79,0.37,0.58,2023-08-15,2140,N20,VIIRS,n,2,309.13,39.75,D,0
49.13556,-119.98429,367,0.37,0.58,2023-08-15,2140,N20,VIIRS,l,2,329.79,49,D,0
49.13579,-119.97712,354.81,0.37,0.58,2023-08-15,2140,N20,VIIRS,n,2,302.17,49,D,0
49.14859,-120.07831,367,0.37,0.58,2023-08-15,2140,N20,VIIRS,h,2,325.45,42.76,D,0
49.14876,-120.07333,367,0.37,0.58,2023-08-15,2140,N20,VIIRS,h,2,319.89,42.76,D,0
49.14896,-120.06746,344.57,0.37,0.58,2023-08-15,2140,N20,VIIRS,n,2,310.34,11.77,D,0
49.15388,-120.08098,346.54,0.37,0.58,2023-08-15,2140,N20,VIIRS,n,2,318.02,110.42,D,0
49.15406,-120.07575,367,0.37,0.58,2023-08-15,2140,N20,VIIRS,l,2,362.01,110.42,D,0
49.15427,-120.06971,367,0.37,0.58,2023-08-15,2140,N20,VIIRS,h,2,316.14,74.39,D,0
49.1545,-120.06328,352.74,0.37,0.58,2023-08-15,2140,N20,VIIRS,n,2,308.54,74.39,D,0
49.15471,-120.05711,330.5,0.37,0.58,2023-08-15,2140,N20,VIIRS,l,2,304.45,7.51,D,0
49.15916,-120.08379,344.95,0.37,0.58,2023-08-15,2140,N20,VIIRS,n,2,317.4,110.42,D,0
49.15935,-120.07845,367,0.37,0.58,2023-08-15,2140,N20,VIIRS,l,2,341.34,110.42,D,0
49.15954,-120.07298,367,0.37,0.58,2023-08-15,2140,N20,VIIRS,h,2,304.9,74.39,D,0
49.15975,-120.06699,335.4,0.37,0.58,2023-08-15,2140,N20,VIIRS,n,2,301.51,74.39,D,0
49.16103,-120.03037,333.26,0.37,0.58,2023-08-15,2140,N20,VIIRS,n,2,302.16,4.13,D,0
49.17173,-120.03331,333.34,0.37,0.58,2023-08-15,2140,N20,VIIRS,n,2,300.37,2.05,D,0
49.17345,-120.04474,337.67,0.37,0.58,2023-08-15,2140,N20,VIIRS,n,2,300.87,4.19,D,0
49.17603,-120.06373,337.54,0.37,0.58,2023-08-15,2140,N20,VIIRS,n,2,303.61,2.39,D,0
49.17616,-121.37772,343.2,0.32,0.55,2023-08-15,2140,N20,VIIRS,n,2,301.25,11.28,D,0
49.17693,-120.03899,367,0.37,0.58,2023-08-15,2140,N20,VIIRS,h,2,303.44,9.22,D,0
49.17889,-120.04346,330.56,0.37,0.58,2023-08-15,2140,N20,VIIRS,l,2,301.62,4.19,D,0
49.17912,-120.03587,348.69,0.37,0.58,2023-08-15,2140,N20,VIIRS,n,2,300.98,7.5,D,0
49.18054,-121.39318,340.75,0.32,0.55,2023-08-15,2140,N20,VIIRS,n,2,304.46,12.49,D,0
49.18112,-121.38044,351.95,0.32,0.55,2023-08-15,2140,N20,VIIRS,n,2,309.15,11.28,D,0
49.18154,-121.37121,367,0.32,0.55,2023-08-15,2140,N20,VIIRS,h,2,300.72,11.28,D,0
49.18604,-121.38422,349.31,0.32,0.55,2023-08-15,2140,N20,VIIRS,n,2,300.5,12.65,D,0
49.18661,-121.37171,367,0.32,0.55,2023-08-15,2140,N20,VIIRS,h,2,300.85,12.65,D,0
49.18855,-120.07974,355.65,0.37,0.58,2023-08-15,2140,N20,VIIRS,n,2,305.75,7.83,D,0
49.19184,-120.07381,367,0.37,0.58,2023-08-15,2140,N20,VIIRS,h,2,309.15,9.5,D,0
49.194,-120.07776,333.82,0.37,0.58,2023-08-15,2140,N20,VIIRS,l,2,306.68,4.97,D,0
49.20005,-120.05704,367,0.37,0.58,2023-08-15,2140,N20,VIIRS,h,2,309.29,16.41,D,0
49.20025,-120.05075,355.91,0.37,0.58,2023-08-15,2140,N20,VIIRS,n,2,311.37,14.82,D,0
49.20047,-120.04368,346.47,0.37,0.58,2023-08-15,2140,N20,VIIRS,n,2,299.47,14.82,D,0
49.42682,-117.67533,348.7,0.48,0.65,2023-08-15,2140,N20,VIIRS,n,2,301.83,6.54,D,0
49.42887,-117.67441,336.57,0.48,0.65,2023-08-15,2140,N20,VIIRS,n,2,300.57,7.02,D,0
50.34523,-117.62687,327.6,0.49,0.65,2023-08-15,2140,N20,VIIRS,n,2,296.56,7.69,D,0
50.34528,-117.62157,367,0.49,0.65,2023-08-15,2140,N20,VIIRS,h,2,297.62,19.01,D,0
50.41872,-120.43563,344.67,0.36,0.58,2023-08-15,2140,N20,VIIRS,n,2,296.77,20.01,D,0
50.41891,-120.42925,339.49,0.36,0.58,2023-08-15,2140,N20,VIIRS,n,2,295.9,20.01,D,0
50.4191,-120.42319,333.24,0.36,0.58,2023-08-15,2140,N20,VIIRS,n,2,294.64,5.53,D,0
50.42028,-120.45664,343.6,0.36,0.58,2023-08-15,2140,N20,VIIRS,n,2,299.6,244.27,D,0
50.4205,-120.45066,341.6,0.36,0.58,2023-08-15,2140,N20,VIIRS,n,2,299.53,286.13,D,0
50.42093,-120.4385,367,0.36,0.58,2023-08-15,2140,N20,VIIRS,h,2,305.57,36.51,D,0
50.42115,-120.43226,345.36,0.36,0.58,2023-08-15,2140,N20,VIIRS,n,2,296.55,36.51,D,0
50.42136,-120.42618,336.98,0.36,0.58,2023-08-15,2140,N20,VIIRS,n,2,293.56,4.81,D,0
50.42157,-120.4203,332.21,0.36,0.58,2023-08-15,2140,N20,VIIRS,n,2,292.09,4.81,D,0
50.42296,-120.47242,330.73,0.36,0.58,2023-08-15,2140,N20,VIIRS,n,2,300.34,56.73,D,0
50.42314,-120.46661,343.5,0.36,0.58,2023-08-15,2140,N20,VIIRS,n,2,313.98,56.73,D,0
50.42332,-120.46072,367,0.36,0.58,2023-08-15,2140,N20,VIIRS,l,2,360.12,348.1,D,0
50.4235,-120.45477,367,0.36,0.58,2023-08-15,2140,N20,VIIRS,l,2,340.59,348.1,D,0
50.42368,-120.44885,350.82,0.36,0.58,2023-08-15,2140,N20,VIIRS,n,2,311.29,343.33,D,0
50.42403,-120.43722,367,0.36,0.58,2023-08-15,2140,N20,VIIRS,h,2,296.87,20.01,D,0
50.42421,-120.43125,341.52,0.36,0.58,2023-08-15,2140,N20,VIIRS,n,2,294.3,20.01,D,0
50.42439,-120.42516,331.65,0.36,0.58,2023-08-15,2140,N20,VIIRS,n,2,291.8,5.53,D,0
50.42519,-120.46907,355.31,0.36,0.58,2023-08-15,2140,N20,VIIRS,n,2,307.32,35.63,D,0
50.4254,-120.46324,367,0.36,0.58,2023-08-15,2140,N20,VIIRS,l,2,331.52,244.27,D,0
50.4256,-120.45735,367,0.36,0.58,2023-08-15,2140,N20,VIIRS,l,2,369.25,244.27,D,0
50.42582,-120.45152,367,0.36,0.58,2023-08-15,2140,N20,VIIRS,l,2,361.81,286.13,D,0
50.42601,-120.44585,354.72,0.36,0.58,2023-08-15,2140,N20,VIIRS,n,2,307.4,286.13,D,0
50.4262,-120.44041,367,0.36,0.58,2023-08-15,2140,N20,VIIRS,h,2,298.16,36.51,D,0
50.42641,-120.43462,346.42,0.36,0.58,2023-08-15,2140,N20,VIIRS,n,2,294.96,36.51,D,0
50.42662,-120.4287,337.67,0.36,0.58,2023-08-15,2140,N20,VIIRS,n,2,292.61,4.81,D,0
50.42747,-120.40459,356.7,0.36,0.58,2023-08-15,2140,N20,VIIRS,l,2,287.65,10.1,D,0
50.42828,-120.47304,367,0.36,0.58,2023-08-15,2140,N20,VIIRS,h,2,304.15,15.6,D,0
50.42846,-120.46731,367,0.36,0.58,2023-08-15,2140,N20,VIIRS,h,2,305.1,15.6,D,0
50.42882,-120.45569,367,0.36,0.58,2023-08-15,2140,N20,VIIRS,l,2,364.24,140.82,D,0
50.42899,-120.45003,367,0.36,0.58,2023-08-15,2140,N20,VIIRS,h,2,340.44,133.24,D,0
50.42915,-120.44465,367,0.36,0.58,2023-08-15,2140,N20,VIIRS,h,2,297.81,133.24,D,0
50.42932,-120.43929,337.93,0.36,0.58,2023-08-15,2140,N20,VIIRS,n,2,294.77,11.11,D,0
50.43025,-120.40848,353.86,0.36,0.58,2023-08-15,2140,N20,VIIRS,n,2,296.48,16.46,D,0
50.43042,-120.40271,332.97,0.37,0.58,2023-08-15,2140,N20,VIIRS,n,2,288.29,10.74,D,0
50.4305,-120.46989,367,0.36,0.58,2023-08-15,2140,N20,VIIRS,h,2,307.01,16.5,D,0
50.4307,-120.46424,355.45,0.36,0.58,2023-08-15,2140,N20,VIIRS,n,2,310.44,30.39,D,0
50.43091,-120.45844,341.8,0.36,0.58,2023-08-15,2140,N20,VIIRS,n,2,313.84,30.39,D,0
50.43112,-120.45268,367,0.36,0.58,2023-08-15,2140,N20,VIIRS,h,2,332.16,92.88,D,0
50.43131,-120.44724,367,0.36,0.58,2023-08-15,2140,N20,VIIRS,h,2,302.36,92.88,D,0
50.4315,-120.44201,337.81,0.36,0.58,2023-08-15,2140,N20,VIIRS,n,2,295.23,16.55,D,0
50.4328,-120.40532,344.31,0.36,0.58,2023-08-15,2140,N20,VIIRS,n,2,289.74,4.9,D,0
50.43359,-120.47413,349.29,0.36,0.58,2023-08-15,2140,N20,VIIRS,n,2,301.64,15.6,D,0
50.43376,-120.46869,367,0.36,0.58,2023-08-15,2140,N20,VIIRS,h,2,303.9,15.6,D,0
50.43394,-120.46307,351.07,0.36,0.58,2023-08-15,2140,N20,VIIRS,n,2,303.41,140.82,D,0
50.43412,-120.45715,340.6,0.36,0.58,2023-08-15,2140,N20,VIIRS,n,2,300.42,140.82,D,0
50.4343,-120.45145,330.93,0.36,0.58,2023-08-15,2140,N20,VIIRS,n,2,299.58,133.24,D,0
50.43579,-120.47121,367,0.36,0.58,2023-08-15,2140,N20,VIIRS,h,2,303.74,16.5,D,0
50.43599,-120.46577,335.9,0.36,0.58,2023-08-15,2140,N20,VIIRS,n,2,303.26,30.39,D,0
50.4362,-120.46004,332.64,0.36,0.58,2023-08-15,2140,N20,VIIRS,n,2,299.26,30.39,D,0
50.4389,-120.47511,341.6,0.36,0.58,2023-08-15,2140,N20,VIIRS,n,2,299.81,89.48,D,0
50.43906,-120.46986,355.14,0.36,0.58,2023-08-15,2140,N20,VIIRS,n,2,304.53,89.48,D,0
50.43924,-120.46445,334.21,0.36,0.58,2023-08-15,2140,N20,VIIRS,n,2,303.21,211.64,D,0
50.44424,-120.47548,353.71,0.36,0.58,2023-08-15,2140,N20,VIIRS,n,2,307.4,89.48,D,0
50.44439,-120.4706,367,0.36,0.58,2023-08-15,2140,N20,VIIRS,l,2,368.41,89.48,D,0
50.44455,-120.46537,367,0.36,0.58,2023-08-15,2140,N20,VIIRS,l,2,364.48,211.64,D,0
50.44473,-120.4597,367,0.36,0.58,2023-08-15,2140,N20,VIIRS,l,2,332.51,211.64,D,0
50.44493,-120.45351,367,0.36,0.58,2023-08-15,2140,N20,VIIRS,h,2,299.57,47.3,D,0
50.4451,-120.44781,345.57,0.36,0.58,2023-08-15,2140,N20,VIIRS,n,2,296.4,47.3,D,0
50.44527,-120.44233,336.57,0.36,0.58,2023-08-15,2140,N20,VIIRS,n,2,294.06,4.68,D,0
50.44545,-120.43673,330.1,0.36,0.58,2023-08-15,2140,N20,VIIRS,n,2,291.94,4.68,D,0
50.44957,-120.47567,343.76,0.36,0.58,2023-08-15,2140,N20,VIIRS,n,2,299.57,44.31,D,0
50.44972,-120.47081,349.48,0.36,0.58,2023-08-15,2140,N20,VIIRS,n,2,312.81,44.31,D,0
50.44989,-120.46566,367,0.36,0.58,2023-08-15,2140,N20,VIIRS,l,2,345.37,247.27,D,0
50.45007,-120.46006,367,0.36,0.58,2023-08-15,2140,N20,VIIRS,l,2,351.28,247.27,D,0
50.45025,-120.45396,342.9,0.36,0.58,2023-08-15,2140,N20,VIIRS,n,2,312.61,106.71,D,0
50.45044,-120.44805,367,0.36,0.58,2023-08-15,2140,N20,VIIRS,h,2,296.74,106.71,D,0
50.52206,-120.38774,339.2,0.37,0.58,2023-08-15,2140,N20,VIIRS,n,2,301.57,2.36,D,0
50.94744,-119.608,342.2,0.4,0.6,2023-08-15,2140,N20,VIIRS,n,2,271.21,16.73,D,0
50.94757,-119.60317,353.55,0.4,0.6,2023-08-15,2140,N20,VIIRS,n,2,279.02,30.54,D,0
50.94769,-119.59828,356.45,0.4,0.6,2023-08-15,2140,N20,VIIRS,l,2,279.19,30.54,D,0
50.94781,-119.59328,331.79,0.4,0.6,2023-08-15,2140,N20,VIIRS,n,2,269.15,11.22,D,0
50.95261,-119.62373,349.71,0.4,0.6,2023-08-15,2140,N20,VIIRS,n,2,274.24,19.96,D,0
50.95276,-119.61787,356.48,0.4,0.6,2023-08-15,2140,N20,VIIRS,l,2,270.34,19.96,D,0
50.9529,-119.61244,339.24,0.4,0.6,2023-08-15,2140,N20,VIIRS,n,2,267.26,16.73,D,0
50.953,-119.60821,346.18,0.4,0.6,2023-08-15,2140,N20,VIIRS,n,2,277.49,16.73,D,0
50.95311,-119.60392,356.49,0.4,0.6,2023-08-15,2140,N20,VIIRS,l,2,277.41,30.54,D,0
50.95322,-119.59948,356.48,0.4,0.6,2023-08-15,2140,N20,VIIRS,l,2,272.22,30.54,D,0
50.95333,-119.59499,331.44,0.4,0.6,2023-08-15,2140,N20,VIIRS,n,2,269.16,11.22,D,0
50.95825,-119.62032,332.24,0.4,0.6,2023-08-15,2140,N20,VIIRS,n,2,271,5.65,D,0
50.95858,-119.60788,344.67,0.4,0.6,2023-08-15,2140,N20,VIIRS,n,2,270.78,11.02,D,0
50.95869,-119.60337,352.87,0.4,0.6,2023-08-15,2140,N20,VIIRS,n,2,272.07,10.21,D,0
49.13554,-119.94399,309.78,0.41,0.37,2023-08-16,0953,N20,VIIRS,n,2,294.77,1.42,N,0
49.13736,-119.93072,308.13,0.41,0.37,2023-08-16,0953,N20,VIIRS,n,2,292.13,3.01,N,0
49.13778,-119.96151,311.11,0.41,0.37,2023-08-16,0953,N20,VIIRS,n,2,294.56,1.88,N,0
49.13816,-119.93695,306.71,0.41,0.37,2023-08-16,0953,N20,VIIRS,n,2,292.66,1.42,N,0
49.13893,-119.94302,307.57,0.41,0.37,2023-08-16,0953,N20,VIIRS,n,2,294,1.42,N,0
49.13918,-119.91734,307.82,0.41,0.37,2023-08-16,0953,N20,VIIRS,n,2,288.66,1.44,N,0
49.13928,-119.9732,310.02,0.41,0.37,2023-08-16,0953,N20,VIIRS,n,2,295.37,2.05,N,0
49.13968,-119.94888,338.46,0.41,0.37,2023-08-16,0953,N20,VIIRS,n,2,300.68,4.86,N,0
49.13996,-119.92346,306.31,0.41,0.37,2023-08-16,0953,N20,VIIRS,n,2,289.28,0.99,N,0
49.14041,-119.9545,328.3,0.41,0.37,2023-08-16,0953,N20,VIIRS,n,2,298.32,4.86,N,0
49.14072,-119.98435,314.65,0.41,0.37,2023-08-16,0953,N20,VIIRS,n,2,294.22,3.11,N,0
49.14075,-119.92963,306.72,0.41,0.37,2023-08-16,0953,N20,VIIRS,n,2,292.57,0.99,N,0
49.14114,-119.96011,316.83,0.41,0.37,2023-08-16,0953,N20,VIIRS,n,2,297.07,1.88,N,0
49.14143,-119.98991,349.62,0.41,0.37,2023-08-16,0953,N20,VIIRS,n,2,298.25,3.11,N,0
49.14153,-119.93583,310.93,0.41,0.37,2023-08-16,0953,N20,VIIRS,n,2,294.99,1.94,N,0
49.14189,-119.966,312.73,0.41,0.37,2023-08-16,0953,N20,VIIRS,n,2,296.69,1.88,N,0
49.14217,-119.99564,312.32,0.42,0.37,2023-08-16,0953,N20,VIIRS,n,2,292.98,3.88,N,0
49.1423,-119.9418,316.51,0.41,0.37,2023-08-16,0953,N20,VIIRS,n,2,295.2,1.94,N,0
49.14257,-119.91637,302.57,0.41,0.37,2023-08-16,0953,N20,VIIRS,n,2,288.84,1.44,N,0
49.14267,-119.97215,316.38,0.41,0.37,2023-08-16,0953,N20,VIIRS,n,2,298.56,2.05,N,0
49.14303,-119.94746,311.96,0.41,0.37,2023-08-16,0953,N20,VIIRS,n,2,294.69,1.39,N,0
49.14335,-119.92249,303.96,0.41,0.37,2023-08-16,0953,N20,VIIRS,n,2,289.61,0.99,N,0
49.14344,-119.97815,316.75,0.41,0.37,2023-08-16,0953,N20,VIIRS,n,2,297.57,2.05,N,0
49.14371,-120.00779,322.03,0.42,0.37,2023-08-16,0953,N20,VIIRS,n,2,299.94,38.87,N,0
49.14375,-119.95306,315.77,0.41,0.37,2023-08-16,0953,N20,VIIRS,n,2,295.54,1.39,N,0
49.14417,-119.9838,313.32,0.41,0.37,2023-08-16,0953,N20,VIIRS,n,2,294.84,3.11,N,0
49.14447,-119.9586,309.25,0.41,0.37,2023-08-16,0953,N20,VIIRS,n,2,294,1.16,N,0
49.14449,-120.01392,367,0.42,0.37,2023-08-16,0953,N20,VIIRS,h,2,332.04,38.87,N,0
49.14487,-119.9893,326.4,0.41,0.37,2023-08-16,0953,N20,VIIRS,n,2,296.02,3.11,N,0
49.14492,-119.93479,312.13,0.41,0.37,2023-08-16,0953,N20,VIIRS,n,2,295.45,1.94,N,0
49.14522,-119.9644,311.19,0.41,0.37,2023-08-16,0953,N20,VIIRS,n,2,294.34,1.16,N,0
49.14526,-120.02003,336.16,0.42,0.37,2023-08-16,0953,N20,VIIRS,n,2,297.72,9.37,N,0
49.1456,-119.99492,341.67,0.42,0.37,2023-08-16,0953,N20,VIIRS,n,2,297.82,3.88,N,0
49.14594,-119.91528,304.92,0.41,0.37,2023-08-16,0953,N20,VIIRS,n,2,289.02,1.25,N,0
49.146,-120.02576,324.55,0.42,0.37,2023-08-16,0953,N20,VIIRS,n,2,296.21,9.37,N,0
49.14603,-119.97077,311.71,0.41,0.37,2023-08-16,0953,N20,VIIRS,n,2,296.65,1.64,N,0
49.14636,-120.00086,319.22,0.42,0.37,2023-08-16,0953,N20,VIIRS,n,2,294.05,3.88,N,0
49.14638,-119.94606,308.55,0.41,0.37,2023-08-16,0953,N20,VIIRS,n,2,293.99,1.39,N,0
49.14669,-120.0311,308.69,0.42,0.37,2023-08-16,0953,N20,VIIRS,n,2,293.45,1.75,N,0
49.14674,-119.92144,304.14,0.41,0.37,2023-08-16,0953,N20,VIIRS,n,2,289.96,1.09,N,0
49.14683,-119.97712,318.1,0.41,0.37,2023-08-16,0953,N20,VIIRS,n,2,298.49,1.64,N,0
49.1471,-119.95163,310.32,0.41,0.37,2023-08-16,0953,N20,VIIRS,n,2,293.66,1.39,N,0
49.14714,-120.00704,343.83,0.42,0.37,2023-08-16,0953,N20,VIIRS,n,2,315.25,38.87,N,0
49.14737,-120.03637,321.93,0.42,0.37,2023-08-16,0953,N20,VIIRS,n,2,294.99,1.75,N,0
49.1475,-119.92741,304.46,0.41,0.37,2023-08-16,0953,N20,VIIRS,n,2,290.8,1.09,N,0
49.14759,-119.98302,325.61,0.41,0.37,2023-08-16,0953,N20,VIIRS,n,2,298.42,2.31,N,0
49.14782,-119.95719,306.97,0.41,0.37,2023-08-16,0953,N20,VIIRS,n,2,292.7,1.16,N,0
49.14792,-120.01321,353.94,0.42,0.37,2023-08-16,0953,N20,VIIRS,n,2,319.45,38.87,N,0
49.14806,-120.04161,320.35,0.42,0.37,2023-08-16,0953,N20,VIIRS,n,2,296.01,1.89,N,0
49.14826,-119.93334,310.4,0.41,0.37,2023-08-16,0953,N20,VIIRS,n,2,294.31,1.62,N,0
49.14831,-119.98868,314.84,0.41,0.37,2023-08-16,0953,N20,VIIRS,n,2,294.47,2.31,N,0
49.14838,-119.87993,367,0.41,0.37,2023-08-16,0953,N20,VIIRS,h,2,317.16,34.84,N,0
49.14856,-119.96289,311.67,0.41,0.37,2023-08-16,0953,N20,VIIRS,n,2,292.9,1.16,N,0
49.14867,-120.01913,353.66,0.42,0.37,2023-08-16,0953,N20,VIIRS,n,2,300.34,9.37,N,0
49.14874,-120.04688,327.27,0.42,0.37,2023-08-16,0953,N20,VIIRS,n,2,297.55,1.89,N,0
49.14904,-119.99433,316.37,0.42,0.37,2023-08-16,0953,N20,VIIRS,n,2,293.7,1.79,N,0
49.14908,-119.88534,355.84,0.41,0.37,2023-08-16,0953,N20,VIIRS,n,2,298.01,15.09,N,0
49.14935,-119.96918,311.49,0.41,0.37,2023-08-16,0953,N20,VIIRS,n,2,295.14,1.64,N,0
49.14939,-120.0246,309.43,0.42,0.37,2023-08-16,0953,N20,VIIRS,n,2,293.64,9.37,N,0
49.14943,-120.0522,325.34,0.42,0.37,2023-08-16,0953,N20,VIIRS,n,2,296.88,3.25,N,0
49.14979,-119.89078,351.96,0.41,0.37,2023-08-16,0953,N20,VIIRS,n,2,296.67,15.09,N,0
49.1498,-120.00026,322.77,0.42,0.37,2023-08-16,0953,N20,VIIRS,n,2,295.54,1.79,N,0
49.15009,-119.92012,310.04,0.41,0.37,2023-08-16,0953,N20,VIIRS,n,2,290.97,1.09,N,0
49.15013,-120.05757,337.49,0.42,0.37,2023-08-16,0953,N20,VIIRS,n,2,300.05,3.25,N,0
49.15017,-119.97561,315.28,0.41,0.37,2023-08-16,0953,N20,VIIRS,n,2,297.7,1.64,N,0
49.15044,-119.95016,304.14,0.41,0.37,2023-08-16,0953,N20,VIIRS,n,2,289.89,1.78,N,0
49.15051,-119.89626,317.62,0.41,0.37,2023-08-16,0953,N20,VIIRS,n,2,287.47,2.72,N,0
49.15057,-120.00634,328.56,0.42,0.37,2023-08-16,0953,N20,VIIRS,n,2,297.2,5.6,N,0
49.15075,-120.03507,308.86,0.42,0.37,2023-08-16,0953,N20,VIIRS,n,2,293.82,1.75,N,0
49.15082,-120.06297,319.3,0.42,0.37,2023-08-16,0953,N20,VIIRS,n,2,293.07,1.76,N,0
49.15097,-119.98193,321.44,0.41,0.37,2023-08-16,0953,N20,VIIRS,n,2,299.72,2.31,N,0
49.15105,-119.87347,346.54,0.41,0.37,2023-08-16,0953,N20,VIIRS,n,2,299.94,34.84,N,0
49.15122,-119.9017,336.28,0.41,0.37,2023-08-16,0953,N20,VIIRS,n,2,295.12,2.72,N,0
49.15134,-120.01244,342.14,0.42,0.37,2023-08-16,0953,N20,VIIRS,n,2,299.57,5.6,N,0
49.15143,-120.0403,307.61,0.42,0.37,2023-08-16,0953,N20,VIIRS,n,2,293.44,1.89,N,0
49.15152,-120.06837,315.81,0.42,0.37,2023-08-16,0953,N20,VIIRS,n,2,292.85,1.76,N,0
49.15161,-119.93198,309.24,0.41,0.37,2023-08-16,0953,N20,VIIRS,n,2,293.24,1.62,N,0
49.15174,-119.98798,321.23,0.41,0.37,2023-08-16,0953,N20,VIIRS,n,2,297.95,2.31,N,0
49.15177,-119.87898,356.23,0.41,0.37,2023-08-16,0953,N20,VIIRS,n,2,308.83,34.84,N,0
49.15191,-119.96158,319.67,0.41,0.37,2023-08-16,0953,N20,VIIRS,n,2,292.98,1.85,N,0
49.15195,-119.90729,309,0.41,0.37,2023-08-16,0953,N20,VIIRS,n,2,287.25,2.34,N,0
49.15208,-120.01814,333.4,0.42,0.37,2023-08-16,0953,N20,VIIRS,n,2,297.45,3.75,N,0
49.15211,-120.04562,306.67,0.42,0.37,2023-08-16,0953,N20,VIIRS,n,2,292.68,1.89,N,0
49.15222,-120.0738,307.96,0.42,0.37,2023-08-16,0953,N20,VIIRS,n,2,292.07,2.17,N,0
49.15248,-119.88441,349.98,0.41,0.37,2023-08-16,0953,N20,VIIRS,n,2,301,15.09,N,0
49.15249,-119.99383,312.62,0.42,0.37,2023-08-16,0953,N20,VIIRS,n,2,294.84,1.79,N,0
49.15268,-119.913,319.36,0.41,0.37,2023-08-16,0953,N20,VIIRS,n,2,291.45,2.34,N,0
49.15268,-119.96759,313.32,0.41,0.37,2023-08-16,0953,N20,VIIRS,n,2,293.47,1.17,N,0
49.15278,-120.02355,312.69,0.42,0.37,2023-08-16,0953,N20,VIIRS,n,2,293.7,3.75,N,0
49.15293,-120.07937,302.24,0.42,0.37,2023-08-16,0953,N20,VIIRS,n,2,290.15,2.17,N,0
49.15298,-119.8614,301.36,0.41,0.37,2023-08-16,0953,N20,VIIRS,n,2,288.2,3.26,N,0
49.15319,-119.88986,325.19,0.41,0.37,2023-08-16,0953,N20,VIIRS,n,2,291.46,15.09,N,0
49.15324,-119.99963,312.13,0.42,0.37,2023-08-16,0953,N20,VIIRS,n,2,295.21,1.79,N,0
49.15343,-119.91881,307.06,0.41,0.37,2023-08-16,0953,N20,VIIRS,n,2,288.43,0.98,N,0
49.15344,-120.02863,325.98,0.42,0.37,2023-08-16,0953,N20,VIIRS,n,2,297.41,3.47,N,0
49.1535,-119.97406,311.99,0.41,0.37,2023-08-16,0953,N20,VIIRS,n,2,294.66,1.17,N,0
49.15351,-120.05637,312.61,0.42,0.37,2023-08-16,0953,N20,VIIRS,n,2,293.41,3.25,N,0
49.15372,-119.86698,328.76,0.41,0.37,2023-08-16,0953,N20,VIIRS,n,2,293.31,3.26,N,0
49.15392,-119.89542,303.23,0.41,0.37,2023-08-16,0953,N20,VIIRS,n,2,288.35,2.72,N,0
49.15411,-120.03376,334.01,0.42,0.37,2023-08-16,0953,N20,VIIRS,n,2,298.58,3.47,N,0
49.15421,-120.06181,313.32,0.42,0.37,2023-08-16,0953,N20,VIIRS,n,2,292.25,1.76,N,0
49.15433,-119.98059,314.91,0.41,0.37,2023-08-16,0953,N20,VIIRS,n,2,297.34,1.59,N,0
49.15444,-119.8725,352.71,0.41,0.37,2023-08-16,0953,N20,VIIRS,n,2,301.68,4.97,N,0
49.15464,-119.90094,319.81,0.41,0.37,2023-08-16,0953,N20,VIIRS,n,2,289.57,2.72,N,0
49.15476,-120.01152,318.95,0.42,0.37,2023-08-16,0953,N20,VIIRS,n,2,297.26,5.6,N,0
49.1549,-120.06717,302.98,0.42,0.37,2023-08-16,0953,N20,VIIRS,n,2,290.97,1.76,N,0
49.15514,-119.98697,316.18,0.41,0.37,2023-08-16,0953,N20,VIIRS,n,2,298.04,1.59,N,0
49.15516,-119.87801,344.51,0.41,0.37,2023-08-16,0953,N20,VIIRS,n,2,299.61,4.97,N,0
49.15529,-119.96047,304.66,0.41,0.37,2023-08-16,0953,N20,VIIRS,n,2,289.68,1.85,N,0
49.15535,-119.90646,324.67,0.41,0.37,2023-08-16,0953,N20,VIIRS,n,2,290.53,2.34,N,0
49.15547,-120.01704,343.35,0.42,0.37,2023-08-16,0953,N20,VIIRS,n,2,300.99,3.75,N,0
49.15548,-120.04427,304.65,0.42,0.37,2023-08-16,0953,N20,VIIRS,n,2,291.52,1.52,N,0
49.15559,-120.07257,332.43,0.42,0.37,2023-08-16,0953,N20,VIIRS,n,2,300.17,2.17,N,0
49.15565,-119.85492,314.3,0.41,0.37,2023-08-16,0953,N20,VIIRS,n,2,289.4,1.87,N,0
49.15587,-119.88349,344.34,0.41,0.37,2023-08-16,0953,N20,VIIRS,n,2,300.49,3.13,N,0
49.15591,-119.99298,318.51,0.42,0.37,2023-08-16,0953,N20,VIIRS,n,2,297.42,1.74,N,0
49.15607,-119.96656,307.62,0.41,0.37,2023-08-16,0953,N20,VIIRS,n,2,291.51,1.17,N,0
49.15608,-119.91203,332.09,0.41,0.37,2023-08-16,0953,N20,VIIRS,n,2,290.68,2.34,N,0
49.15614,-120.02213,332.57,0.42,0.37,2023-08-16,0953,N20,VIIRS,n,2,298.39,3.75,N,0
49.1563,-120.07805,317.09,0.42,0.37,2023-08-16,0953,N20,VIIRS,n,2,294.19,2.17,N,0
49.15638,-119.86049,326.53,0.41,0.37,2023-08-16,0953,N20,VIIRS,n,2,291.83,3.26,N,0
49.15659,-119.88905,311.23,0.41,0.37,2023-08-16,0953,N20,VIIRS,n,2,289.98,3.13,N,0
49.15666,-119.99887,314.07,0.42,0.37,2023-08-16,0953,N20,VIIRS,n,2,296.52,1.74,N,0
49.1568,-120.0272,325.67,0.42,0.37,2023-08-16,0953,N20,VIIRS,n,2,298.4,3.47,N,0
49.15681,-119.91765,307.63,0.41,0.37,2023-08-16,0953,N20,VIIRS,n,2,287.13,0.98,N,0
49.15687,-119.97279,308.65,0.41,0.37,2023-08-16,0953,N20,VIIRS,n,2,293.44,1.17,N,0
49.1571,-119.866,342.6,0.41,0.37,2023-08-16,0953,N20,VIIRS,n,2,298.67,3.26,N,0
49.15715,-119.94748,303.95,0.41,0.37,2023-08-16,0953,N20,VIIRS,n,2,289.61,0.82,N,0
49.15733,-119.8947,324.07,0.41,0.37,2023-08-16,0953,N20,VIIRS,n,2,293.76,4.44,N,0
49.15742,-120.00482,318.48,0.42,0.37,2023-08-16,0953,N20,VIIRS,n,2,296.89,2.17,N,0
49.15746,-120.0323,330.6,0.42,0.37,2023-08-16,0953,N20,VIIRS,n,2,297.22,3.47,N,0
49.15757,-120.06045,311.43,0.42,0.37,2023-08-16,0953,N20,VIIRS,n,2,292.57,1.62,N,0
49.15768,-119.9792,310.04,0.41,0.37,2023-08-16,0953,N20,VIIRS,n,2,295.86,1.59,N,0
49.15782,-119.87144,317.68,0.41,0.37,2023-08-16,0953,N20,VIIRS,n,2,292.61,4.97,N,0
49.15805,-119.90018,341.96,0.41,0.37,2023-08-16,0953,N20,VIIRS,n,2,297.1,4.44,N,0
49.15814,-120.0375,305.56,0.42,0.37,2023-08-16,0953,N20,VIIRS,n,2,292.12,1.52,N,0
49.15815,-120.01043,315.73,0.42,0.37,2023-08-16,0953,N20,VIIRS,n,2,296.15,2.17,N,0
49.15849,-119.98553,315.18,0.41,0.37,2023-08-16,0953,N20,VIIRS,n,2,297.67,1.59,N,0
49.15854,-119.87695,333.13,0.41,0.37,2023-08-16,0953,N20,VIIRS,n,2,297.5,4.97,N,0
49.15876,-119.90562,344.65,0.41,0.37,2023-08-16,0953,N20,VIIRS,n,2,296.22,3.14,N,0
49.15883,-120.01563,328.02,0.42,0.37,2023-08-16,0953,N20,VIIRS,n,2,298.52,2.37,N,0
49.15897,-120.07127,318.51,0.42,0.37,2023-08-16,0953,N20,VIIRS,n,2,294.78,2.15,N,0
49.15927,-119.88257,326.24,0.41,0.37,2023-08-16,0953,N20,VIIRS,n,2,295.78,3.13,N,0
49.15928,-119.99175,312.67,0.42,0.37,2023-08-16,0953,N20,VIIRS,n,2,297.31,1.74,N,0
49.15948,-119.91113,326.45,0.41,0.37,2023-08-16,0953,N20,VIIRS,n,2,291.27,3.14,N,0
49.15948,-120.02065,327.07,0.42,0.37,2023-08-16,0953,N20,VIIRS,n,2,296.81,2.37,N,0
49.15967,-120.07677,323.17,0.42,0.37,2023-08-16,0953,N20,VIIRS,n,2,295.38,2.15,N,0
49.15976,-119.94047,304,0.41,0.37,2023-08-16,0953,N20,VIIRS,n,2,288.07,0.82,N,0
49.15978,-119.8596,318.31,0.41,0.37,2023-08-16,0953,N20,VIIRS,n,2,291.28,1.95,N,0
49.16002,-119.88829,317.49,0.41,0.37,2023-08-16,0953,N20,VIIRS,n,2,292.84,3.13,N,0
49.16007,-119.99794,314.31,0.42,0.37,2023-08-16,0953,N20,VIIRS,n,2,296.74,1.74,N,0
49.16014,-120.02563,314.01,0.42,0.37,2023-08-16,0953,N20,VIIRS,n,2,296.15,1.6,N,0
49.1602,-119.91666,308.26,0.41,0.37,2023-08-16,0953,N20,VIIRS,n,2,288.11,1.01,N,0
49.16039,-120.08234,348.04,0.42,0.37,2023-08-16,0953,N20,VIIRS,n,2,295.59,32.64,N,0
49.16049,-119.86504,312.71,0.41,0.37,2023-08-16,0953,N20,VIIRS,n,2,290.95,1.95,N,0
49.16051,-119.94627,308.45,0.41,0.37,2023-08-16,0953,N20,VIIRS,n,2,289.67,0.82,N,0
49.16076,-119.89403,336.82,0.41,0.37,2023-08-16,0953,N20,VIIRS,n,2,299.04,4.44,N,0
49.16081,-120.03078,310.07,0.42,0.37,2023-08-16,0953,N20,VIIRS,n,2,293.99,1.6,N,0
49.16084,-120.00397,318.77,0.42,0.37,2023-08-16,0953,N20,VIIRS,n,2,297.49,2.17,N,0
49.16092,-119.92222,309.97,0.41,0.37,2023-08-16,0953,N20,VIIRS,n,2,288.97,1.01,N,0
49.16093,-120.05903,304.6,0.42,0.37,2023-08-16,0953,N20,VIIRS,n,2,290.71,1.62,N,0
49.16105,-119.9779,316.51,0.41,0.37,2023-08-16,0953,N20,VIIRS,n,2,293.38,1.48,N,0
49.16119,-119.87041,334.08,0.41,0.37,2023-08-16,0953,N20,VIIRS,n,2,299.07,7.31,N,0
49.16133,-119.95264,310.63,0.41,0.37,2023-08-16,0953,N20,VIIRS,n,2,292.31,1.88,N,0
49.16146,-119.89944,337.03,0.41,0.37,2023-08-16,0953,N20,VIIRS,n,2,299.23,4.44,N,0
49.16149,-120.03603,305.57,0.42,0.37,2023-08-16,0953,N20,VIIRS,n,2,292.71,1.89,N,0
49.16184,-119.98412,311.56,0.41,0.37,2023-08-16,0953,N20,VIIRS,n,2,294.34,1.48,N,0
49.16191,-119.87592,352.95,0.41,0.37,2023-08-16,0953,N20,VIIRS,n,2,304.5,7.31,N,0
49.16213,-119.9589,315.7,0.41,0.37,2023-08-16,0953,N20,VIIRS,n,2,293.5,1.88,N,0
49.16217,-119.90478,326.79,0.41,0.37,2023-08-16,0953,N20,VIIRS,n,2,294.94,3.14,N,0
49.1622,-120.01441,313.2,0.42,0.37,2023-08-16,0953,N20,VIIRS,n,2,296.85,2.37,N,0
49.16233,-120.06995,300.83,0.42,0.37,2023-08-16,0953,N20,VIIRS,n,2,289.39,2.15,N,0
49.16265,-119.99051,312.15,0.42,0.37,2023-08-16,0953,N20,VIIRS,n,2,294.55,1.29,N,0
49.16266,-119.88165,326.76,0.41,0.37,2023-08-16,0953,N20,VIIRS,n,2,295.18,4.7,N,0
49.16284,-120.01923,318.53,0.42,0.37,2023-08-16,0953,N20,VIIRS,n,2,297.55,2.37,N,0
49.16288,-119.91024,316.34,0.41,0.37,2023-08-16,0953,N20,VIIRS,n,2,291.57,3.14,N,0
49.16304,-120.07546,320.45,0.42,0.37,2023-08-16,0953,N20,VIIRS,n,2,295.04,2.15,N,0
49.16313,-119.93929,306.94,0.41,0.37,2023-08-16,0953,N20,VIIRS,n,2,288.42,1.3,N,0
49.16343,-119.8875,316.44,0.41,0.37,2023-08-16,0953,N20,VIIRS,n,2,294.48,4.7,N,0
49.16347,-119.99697,308.86,0.42,0.37,2023-08-16,0953,N20,VIIRS,n,2,294.71,1.29,N,0
49.1635,-120.02428,319.48,0.42,0.37,2023-08-16,0953,N20,VIIRS,n,2,295.6,1.6,N,0
49.16358,-120.05215,305.16,0.42,0.37,2023-08-16,0953,N20,VIIRS,n,2,290.85,1.3,N,0
49.1636,-119.91576,309.2,0.41,0.37,2023-08-16,0953,N20,VIIRS,n,2,289.21,1.01,N,0
49.16376,-120.08102,344.34,0.42,0.37,2023-08-16,0953,N20,VIIRS,n,2,312.19,32.64,N,0
49.16417,-119.89322,339.55,0.41,0.37,2023-08-16,0953,N20,VIIRS,n,2,299.96,3.74,N,0
49.16418,-120.02948,310.89,0.42,0.37,2023-08-16,0953,N20,VIIRS,n,2,292.82,1.6,N,0
49.16426,-120.00311,313.97,0.42,0.37,2023-08-16,0953,N20,VIIRS,n,2,296.23,2.66,N,0
49.16429,-120.05766,309.81,0.42,0.37,2023-08-16,0953,N20,VIIRS,n,2,290.14,1.52,N,0
49.16431,-119.92125,307.97,0.41,0.37,2023-08-16,0953,N20,VIIRS,n,2,289.26,1.01,N,0
49.16446,-119.97705,314.56,0.41,0.37,2023-08-16,0953,N20,VIIRS,n,2,293.66,1.48,N,0
49.16446,-120.08652,331.37,0.42,0.37,2023-08-16,0953,N20,VIIRS,n,2,308.62,32.64,N,0
49.1646,-119.86959,345.27,0.41,0.37,2023-08-16,0953,N20,VIIRS,n,2,301.58,7.31,N,0
49.1647,-119.95144,307.72,0.41,0.37,2023-08-16,0953,N20,VIIRS,n,2,291.72,1.14,N,0
49.16487,-119.89861,311.17,0.41,0.37,2023-08-16,0953,N20,VIIRS,n,2,291.89,3.74,N,0
49.16503,-119.92678,306.96,0.41,0.37,2023-08-16,0953,N20,VIIRS,n,2,289.07,1.6,N,0
49.16524,-119.98318,313.73,0.41,0.37,2023-08-16,0953,N20,VIIRS,n,2,292.41,1.48,N,0
49.16533,-119.87511,352.02,0.41,0.37,2023-08-16,0953,N20,VIIRS,n,2,305.7,7.31,N,0
49.1655,-119.95774,307.79,0.41,0.37,2023-08-16,0953,N20,VIIRS,n,2,293.87,1.14,N,0
49.16556,-119.90388,310.65,0.41,0.37,2023-08-16,0953,N20,VIIRS,n,2,289.64,1.57,N,0
49.1656,-120.01337,312.6,0.42,0.37,2023-08-16,0953,N20,VIIRS,n,2,296.44,1.71,N,0
49.16577,-119.93246,316.21,0.41,0.37,2023-08-16,0953,N20,VIIRS,n,2,289.03,1.6,N,0
49.16606,-119.98958,314.5,0.42,0.37,2023-08-16,0953,N20,VIIRS,n,2,294.46,1.29,N,0
49.16608,-119.88091,346.41,0.41,0.37,2023-08-16,0953,N20,VIIRS,n,2,300.39,4.7,N,0
49.16624,-120.01823,310.43,0.42,0.37,2023-08-16,0953,N20,VIIRS,n,2,294.79,1.71,N,0
49.1664,-120.0741,299.97,0.42,0.37,2023-08-16,0953,N20,VIIRS,n,2,287.04,0.98,N,0
49.16652,-119.93825,316.61,0.41,0.37,2023-08-16,0953,N20,VIIRS,n,2,288.23,1.3,N,0
49.16685,-119.88679,336.74,0.41,0.37,2023-08-16,0953,N20,VIIRS,n,2,300.9,4.7,N,0
49.16689,-119.99607,308.11,0.42,0.37,2023-08-16,0953,N20,VIIRS,n,2,294.22,1.29,N,0
49.16689,-120.02324,313.6,0.42,0.37,2023-08-16,0953,N20,VIIRS,n,2,292.8,1.64,N,0
49.167,-119.9149,327.61,0.41,0.37,2023-08-16,0953,N20,VIIRS,n,2,294.72,4.75,N,0
49.1671,-119.9702,309.28,0.41,0.37,2023-08-16,0953,N20,VIIRS,n,2,294.16,1.98,N,0
49.16713,-120.07973,312.26,0.42,0.37,2023-08-16,0953,N20,VIIRS,n,2,287.82,1.49,N,0
49.16727,-119.94406,307.87,0.41,0.37,2023-08-16,0953,N20,VIIRS,n,2,289.21,1.3,N,0
49.16757,-119.89237,338.37,0.41,0.37,2023-08-16,0953,N20,VIIRS,n,2,303.97,3.74,N,0
49.16758,-120.02849,311.16,0.42,0.37,2023-08-16,0953,N20,VIIRS,n,2,292.89,1.64,N,0
49.16767,-120.00216,312.78,0.42,0.37,2023-08-16,0953,N20,VIIRS,n,2,296.19,2.66,N,0
49.16772,-119.92046,326.64,0.41,0.37,2023-08-16,0953,N20,VIIRS,n,2,294.1,4.75,N,0
49.16788,-119.97627,309.07,0.41,0.37,2023-08-16,0953,N20,VIIRS,n,2,293.13,1.24,N,0
49.16805,-119.95013,313.98,0.41,0.37,2023-08-16,0953,N20,VIIRS,n,2,291.65,1.14,N,0
49.16827,-119.89767,316.58,0.41,0.37,2023-08-16,0953,N20,VIIRS,n,2,294.23,3.74,N,0
49.16844,-119.92593,314.25,0.41,0.37,2023-08-16,0953,N20,VIIRS,n,2,290.11,1.8,N,0
49.16867,-119.98246,312.92,0.41,0.37,2023-08-16,0953,N20,VIIRS,n,2,293.23,1.24,N,0
49.16886,-119.95638,313.54,0.41,0.37,2023-08-16,0953,N20,VIIRS,n,2,294.46,1.14,N,0
49.16895,-119.90289,317.82,0.41,0.37,2023-08-16,0953,N20,VIIRS,n,2,292.12,1.57,N,0
49.16901,-120.01242,310.18,0.42,0.37,2023-08-16,0953,N20,VIIRS,n,2,296.32,1.71,N,0
49.16917,-119.93153,313.67,0.41,0.37,2023-08-16,0953,N20,VIIRS,n,2,289.87,1.8,N,0
49.16948,-119.98875,306.76,0.42,0.37,2023-08-16,0953,N20,VIIRS,n,2,293.26,1.45,N,0
49.1695,-119.88022,313.71,0.41,0.37,2023-08-16,0953,N20,VIIRS,n,2,291.73,12.1,N,0
49.16967,-119.90837,309.01,0.41,0.37,2023-08-16,0953,N20,VIIRS,n,2,291.79,1.57,N,0
49.16967,-119.96275,311.38,0.41,0.37,2023-08-16,0953,N20,VIIRS,n,2,295.65,1.98,N,0
49.16991,-119.93725,313.08,0.41,0.37,2023-08-16,0953,N20,VIIRS,n,2,289.15,1.18,N,0
49.17026,-119.88603,338.86,0.41,0.37,2023-08-16,0953,N20,VIIRS,n,2,302.33,12.1,N,0
49.1704,-119.91401,337.81,0.41,0.37,2023-08-16,0953,N20,VIIRS,n,2,299.63,4.75,N,0
49.17066,-119.94302,309.61,0.41,0.37,2023-08-16,0953,N20,VIIRS,n,2,288.16,1.18,N,0
49.17099,-119.89162,347.35,0.41,0.37,2023-08-16,0953,N20,VIIRS,n,2,310.12,30.05,N,0
49.17099,-120.02756,308.69,0.42,0.37,2023-08-16,0953,N20,VIIRS,n,2,293.55,1.64,N,0
49.17107,-120.00111,310.28,0.42,0.37,2023-08-16,0953,N20,VIIRS,n,2,295.56,2.03,N,0
49.17113,-119.91964,348.67,0.41,0.37,2023-08-16,0953,N20,VIIRS,n,2,301.66,4.75,N,0
49.17128,-119.97527,312.32,0.41,0.37,2023-08-16,0953,N20,VIIRS,n,2,296.66,1.24,N,0
49.17142,-119.94894,309.39,0.41,0.37,2023-08-16,0953,N20,VIIRS,n,2,289.81,1.19,N,0
49.17168,-119.89688,336.02,0.41,0.37,2023-08-16,0953,N20,VIIRS,n,2,298.19,30.05,N,0
49.17177,-120.0066,311.48,0.42,0.37,2023-08-16,0953,N20,VIIRS,n,2,296.45,2.03,N,0
49.17186,-119.92519,326.13,0.41,0.37,2023-08-16,0953,N20,VIIRS,n,2,294.6,1.8,N,0
49.17207,-119.98141,308.69,0.41,0.37,2023-08-16,0953,N20,VIIRS,n,2,294.99,1.24,N,0
49.17221,-119.95503,312.66,0.41,0.37,2023-08-16,0953,N20,VIIRS,n,2,292.62,1.19,N,0
49.17237,-119.90213,333.18,0.41,0.37,2023-08-16,0953,N20,VIIRS,n,2,294.39,7.47,N,0
49.17258,-119.93069,308.09,0.41,0.37,2023-08-16,0953,N20,VIIRS,n,2,288.88,1.8,N,0
49.17286,-119.98763,308.97,0.42,0.37,2023-08-16,0953,N20,VIIRS,n,2,296.18,1.45,N,0
49.17302,-119.96132,316.81,0.41,0.37,2023-08-16,0953,N20,VIIRS,n,2,294.43,1.66,N,0
49.17307,-119.90751,318.29,0.41,0.37,2023-08-16,0953,N20,VIIRS,n,2,292.08,7.47,N,0
49.17332,-119.93637,312.66,0.41,0.37,2023-08-16,0953,N20,VIIRS,n,2,290.75,1.18,N,0
49.17368,-119.994,313.51,0.42,0.37,2023-08-16,0953,N20,VIIRS,n,2,295,1.45,N,0
49.17369,-119.88532,321.85,0.41,0.37,2023-08-16,0953,N20,VIIRS,n,2,296.13,12.1,N,0
49.17373,-120.02158,311.34,0.42,0.37,2023-08-16,0953,N20,VIIRS,n,2,293.64,1.65,N,0
49.17381,-119.91311,318.99,0.41,0.37,2023-08-16,0953,N20,VIIRS,n,2,294.14,3.62,N,0
49.17381,-119.96753,307.5,0.41,0.37,2023-08-16,0953,N20,VIIRS,n,2,294.48,1.66,N,0
49.17405,-119.94207,310.28,0.41,0.37,2023-08-16,0953,N20,VIIRS,n,2,291.06,1.18,N,0
49.17442,-119.89092,342.57,0.41,0.37,2023-08-16,0953,N20,VIIRS,n,2,322.3,30.05,N,0
49.17442,-120.02683,308.65,0.42,0.37,2023-08-16,0953,N20,VIIRS,n,2,292.22,1.65,N,0
49.17446,-120.00011,336.16,0.42,0.37,2023-08-16,0953,N20,VIIRS,n,2,299.09,2.03,N,0
49.17455,-119.91882,338.29,0.41,0.37,2023-08-16,0953,N20,VIIRS,n,2,298.31,3.62,N,0
49.17461,-119.97369,311.31,0.41,0.37,2023-08-16,0953,N20,VIIRS,n,2,296.59,1.37,N,0
49.17481,-119.94788,310.07,0.41,0.37,2023-08-16,0953,N20,VIIRS,n,2,289.27,1.19,N,0
49.17513,-119.8964,354.09,0.41,0.37,2023-08-16,0953,N20,VIIRS,n,2,306.97,30.05,N,0
49.17519,-120.00575,312.67,0.42,0.37,2023-08-16,0953,N20,VIIRS,n,2,296.8,2.03,N,0
49.17527,-119.92442,332.77,0.41,0.37,2023-08-16,0953,N20,VIIRS,n,2,296.84,6.38,N,0
49.17541,-119.97993,310.06,0.41,0.37,2023-08-16,0953,N20,VIIRS,n,2,296.64,1.37,N,0
49.17557,-119.95382,311.71,0.41,0.37,2023-08-16,0953,N20,VIIRS,n,2,292.02,1.19,N,0
49.1758,-120.03754,308.79,0.42,0.37,2023-08-16,0953,N20,VIIRS,n,2,294.12,1.82,N,0
49.17581,-119.90157,350.08,0.41,0.37,2023-08-16,0953,N20,VIIRS,n,2,305.94,7.47,N,0
49.176,-119.92999,329.25,0.41,0.37,2023-08-16,0953,N20,VIIRS,n,2,294.28,6.38,N,0
49.17635,-119.95979,322.14,0.41,0.37,2023-08-16,0953,N20,VIIRS,n,2,295.76,1.66,N,0
49.17649,-119.90678,319.32,0.41,0.37,2023-08-16,0953,N20,VIIRS,n,2,293.69,7.47,N,0
49.1765,-120.04291,321.02,0.42,0.37,2023-08-16,0953,N20,VIIRS,n,2,294.27,4.32,N,0
49.17651,-120.01579,308.32,0.42,0.37,2023-08-16,0953,N20,VIIRS,n,2,295.4,3.99,N,0
49.17672,-119.93554,321.31,0.41,0.37,2023-08-16,0953,N20,VIIRS,n,2,292.03,2.98,N,0
49.17704,-119.99272,310.25,0.42,0.37,2023-08-16,0953,N20,VIIRS,n,2,295.61,1.61,N,0
49.1771,-119.88457,304.97,0.41,0.37,2023-08-16,0953,N20,VIIRS,n,2,290.98,1.19,N,0
49.17713,-119.96584,314.73,0.41,0.37,2023-08-16,0953,N20,VIIRS,n,2,294.77,1.66,N,0
49.17717,-120.02092,315.68,0.42,0.37,2023-08-16,0953,N20,VIIRS,n,2,295.65,1.65,N,0
49.1772,-119.91222,323.14,0.41,0.37,2023-08-16,0953,N20,VIIRS,n,2,294.43,3.62,N,0
49.17746,-119.94114,322.58,0.41,0.37,2023-08-16,0953,N20,VIIRS,n,2,292.38,2.98,N,0
49.17785,-119.99901,322.31,0.42,0.37,2023-08-16,0953,N20,VIIRS,n,2,297.04,2.21,N,0
49.17785,-120.02614,321.01,0.42,0.37,2023-08-16,0953,N20,VIIRS,n,2,297.72,1.65,N,0
49.17788,-120.05351,302.09,0.42,0.37,2023-08-16,0953,N20,VIIRS,n,2,290.43,1.31,N,0
49.17792,-119.97198,313.96,0.41,0.37,2023-08-16,0953,N20,VIIRS,n,2,295.71,1.37,N,0
49.17794,-119.91792,334,0.41,0.37,2023-08-16,0953,N20,VIIRS,n,2,298.21,3.62,N,0
49.17819,-119.94682,318.46,0.41,0.37,2023-08-16,0953,N20,VIIRS,n,2,292.54,1.94,N,0
49.17854,-120.03143,315.25,0.42,0.37,2023-08-16,0953,N20,VIIRS,n,2,295.56,1.82,N,0
49.17856,-120.05878,314.32,0.42,0.37,2023-08-16,0953,N20,VIIRS,n,2,289.94,1.31,N,0
49.17857,-119.89583,306.48,0.41,0.37,2023-08-16,0953,N20,VIIRS,n,2,291.79,3.48,N,0
49.17859,-120.0047,314.96,0.42,0.37,2023-08-16,0953,N20,VIIRS,n,2,296.76,2.21,N,0
49.1787,-119.92365,352.53,0.41,0.37,2023-08-16,0953,N20,VIIRS,n,2,304.97,6.38,N,0
49.17873,-119.97834,310.72,0.41,0.37,2023-08-16,0953,N20,VIIRS,n,2,294.41,1.37,N,0
49.17895,-119.95266,319.32,0.41,0.37,2023-08-16,0953,N20,VIIRS,n,2,293.73,1.94,N,0
49.17922,-120.0367,311.55,0.42,0.37,2023-08-16,0953,N20,VIIRS,n,2,294.78,1.82,N,0
49.17924,-120.06403,321.53,0.42,0.37,2023-08-16,0953,N20,VIIRS,n,2,292.33,3.29,N,0
49.17925,-119.90103,336.76,0.41,0.37,2023-08-16,0953,N20,VIIRS,n,2,295,22.78,N,0
49.17928,-120.01,311.49,0.42,0.37,2023-08-16,0953,N20,VIIRS,n,2,296.72,1.92,N,0
49.17942,-119.92925,350.48,0.41,0.37,2023-08-16,0953,N20,VIIRS,n,2,302.32,6.38,N,0
49.17957,-119.98481,309.75,0.42,0.37,2023-08-16,0953,N20,VIIRS,n,2,294.87,1.61,N,0
49.17971,-119.95856,323.11,0.41,0.37,2023-08-16,0953,N20,VIIRS,n,2,295.93,2.3,N,0
49.17992,-119.90614,324.28,0.41,0.37,2023-08-16,0953,N20,VIIRS,n,2,293.07,22.78,N,0
49.17993,-120.015,313.39,0.42,0.37,2023-08-16,0953,N20,VIIRS,n,2,297.42,1.92,N,0
49.18014,-119.93479,330.98,0.41,0.37,2023-08-16,0953,N20,VIIRS,n,2,297.08,2.98,N,0
49.1804,-119.99134,309.6,0.42,0.37,2023-08-16,0953,N20,VIIRS,n,2,296.58,1.61,N,0
49.18047,-119.96442,315.78,0.41,0.37,2023-08-16,0953,N20,VIIRS,n,2,293.86,2.3,N,0
49.18059,-120.02006,312.52,0.42,0.37,2023-08-16,0953,N20,VIIRS,n,2,296.96,1.71,N,0
49.18063,-119.91147,330.77,0.41,0.37,2023-08-16,0953,N20,VIIRS,n,2,295.79,12.33,N,0
49.18086,-119.94029,327.82,0.41,0.37,2023-08-16,0953,N20,VIIRS,n,2,295.68,2.98,N,0
49.18122,-119.99771,322.54,0.42,0.37,2023-08-16,0953,N20,VIIRS,n,2,297.95,2.21,N,0
49.18126,-119.97051,308.19,0.41,0.37,2023-08-16,0953,N20,VIIRS,n,2,291.39,1.59,N,0
49.1813,-120.05268,303.87,0.42,0.37,2023-08-16,0953,N20,VIIRS,n,2,290.97,1.31,N,0
49.18136,-119.91707,340.97,0.41,0.37,2023-08-16,0953,N20,VIIRS,n,2,299.56,12.33,N,0
49.18159,-119.94589,321.07,0.41,0.37,2023-08-16,0953,N20,VIIRS,n,2,293.87,1.94,N,0
49.18199,-120.05802,306.74,0.42,0.37,2023-08-16,0953,N20,VIIRS,n,2,291.98,1.31,N,0
49.182,-120.00376,321.41,0.42,0.37,2023-08-16,0953,N20,VIIRS,n,2,297.2,2.21,N,0
49.18208,-119.97689,314.16,0.41,0.37,2023-08-16,0953,N20,VIIRS,n,2,294.99,1.59,N,0
49.18209,-119.92275,348.22,0.41,0.37,2023-08-16,0953,N20,VIIRS,n,2,300.01,13.8,N,0
49.18234,-119.95166,310.99,0.41,0.37,2023-08-16,0953,N20,VIIRS,n,2,292.62,1.94,N,0
49.18267,-120.06332,336.39,0.42,0.37,2023-08-16,0953,N20,VIIRS,n,2,297.88,3.29,N,0
49.18269,-120.00905,311.52,0.42,0.37,2023-08-16,0953,N20,VIIRS,n,2,296.29,1.92,N,0
49.1827,-119.90047,353.08,0.41,0.37,2023-08-16,0953,N20,VIIRS,n,2,312.47,22.78,N,0
49.18285,-119.92852,355.35,0.41,0.37,2023-08-16,0953,N20,VIIRS,n,2,307.99,13.8,N,0
49.18291,-119.98342,317.45,0.42,0.37,2023-08-16,0953,N20,VIIRS,n,2,296.72,1.89,N,0
49.18311,-119.95757,315.16,0.41,0.37,2023-08-16,0953,N20,VIIRS,n,2,294.66,2.3,N,0
49.1833,-120.04093,314.11,0.42,0.37,2023-08-16,0953,N20,VIIRS,n,2,293.21,3.04,N,0
49.18336,-119.90554,345.25,0.41,0.37,2023-08-16,0953,N20,VIIRS,n,2,313.87,22.78,N,0
49.18357,-119.93408,347.41,0.41,0.37,2023-08-16,0953,N20,VIIRS,n,2,300.85,4.09,N,0
49.18375,-119.98989,314.49,0.42,0.37,2023-08-16,0953,N20,VIIRS,n,2,296.52,1.89,N,0
49.18388,-119.96355,326.09,0.41,0.37,2023-08-16,0953,N20,VIIRS,n,2,298.26,2.3,N,0
49.18398,-120.01897,308.49,0.42,0.37,2023-08-16,0953,N20,VIIRS,n,2,293.8,1.71,N,0
49.18401,-120.04642,315.29,0.42,0.37,2023-08-16,0953,N20,VIIRS,n,2,294.86,3.04,N,0
49.18406,-119.91086,347.94,0.41,0.37,2023-08-16,0953,N20,VIIRS,n,2,296.87,12.33,N,0
49.18428,-119.93956,330.28,0.41,0.37,2023-08-16,0953,N20,VIIRS,n,2,295.7,4.09,N,0
49.18457,-119.99635,322.03,0.42,0.37,2023-08-16,0953,N20,VIIRS,n,2,297.74,2.85,N,0
49.18462,-119.96928,320.57,0.41,0.37,2023-08-16,0953,N20,VIIRS,n,2,294.34,1.59,N,0
49.18464,-120.02396,311.16,0.42,0.37,2023-08-16,0953,N20,VIIRS,n,2,293.07,1.71,N,0
49.18477,-119.91628,339.03,0.41,0.37,2023-08-16,0953,N20,VIIRS,n,2,311.64,12.33,N,0
49.185,-119.94501,328.72,0.41,0.37,2023-08-16,0953,N20,VIIRS,n,2,295.5,2.74,N,0
49.1854,-120.00274,327.9,0.42,0.37,2023-08-16,0953,N20,VIIRS,n,2,298.68,2.85,N,0
49.18543,-119.97554,314.28,0.41,0.37,2023-08-16,0953,N20,VIIRS,n,2,293.41,1.59,N,0
49.1855,-119.92188,345.9,0.41,0.37,2023-08-16,0953,N20,VIIRS,n,2,295.29,13.8,N,0
49.18574,-119.95069,330.14,0.41,0.37,2023-08-16,0953,N20,VIIRS,n,2,294.7,2.74,N,0
49.18599,-120.03435,311.28,0.42,0.37,2023-08-16,0953,N20,VIIRS,n,2,292.57,3.23,N,0
49.1861,-120.00817,316.05,0.42,0.37,2023-08-16,0953,N20,VIIRS,n,2,297.09,2.23,N,0
49.18615,-119.89991,304.15,0.41,0.37,2023-08-16,0953,N20,VIIRS,n,2,291.86,1.05,N,0
49.18626,-119.92769,308.38,0.41,0.37,2023-08-16,0953,N20,VIIRS,n,2,291.47,13.8,N,0
49.18628,-119.98208,314.64,0.42,0.37,2023-08-16,0953,N20,VIIRS,n,2,295.3,1.89,N,0
49.18652,-119.95667,324.85,0.41,0.37,2023-08-16,0953,N20,VIIRS,n,2,295.25,20.83,N,0
49.1867,-120.03984,332.71,0.42,0.37,2023-08-16,0953,N20,VIIRS,n,2,299.55,3.04,N,0
49.1868,-119.9049,311.91,0.41,0.37,2023-08-16,0953,N20,VIIRS,n,2,291.78,1.05,N,0
49.187,-119.93336,335.32,0.41,0.37,2023-08-16,0953,N20,VIIRS,n,2,293.56,4.09,N,0
49.18711,-119.98857,322.74,0.42,0.37,2023-08-16,0953,N20,VIIRS,n,2,297.49,1.89,N,0
49.18729,-119.96271,344.21,0.41,0.37,2023-08-16,0953,N20,VIIRS,n,2,314.25,20.83,N,0
49.18738,-120.01797,312.53,0.42,0.37,2023-08-16,0953,N20,VIIRS,n,2,293.89,2.31,N,0
49.18742,-120.04541,331.99,0.42,0.37,2023-08-16,0953,N20,VIIRS,n,2,296.94,3.04,N,0
49.18772,-119.93887,321.2,0.41,0.37,2023-08-16,0953,N20,VIIRS,n,2,292.77,4.09,N,0
49.18794,-119.99502,326.87,0.42,0.37,2023-08-16,0953,N20,VIIRS,n,2,298.43,2.85,N,0
49.18802,-119.96834,334.25,0.41,0.37,2023-08-16,0953,N20,VIIRS,n,2,295.17,3.01,N,0
49.18803,-120.02291,324.61,0.42,0.37,2023-08-16,0953,N20,VIIRS,n,2,295.94,2.31,N,0
49.18813,-120.05097,311.64,0.42,0.37,2023-08-16,0953,N20,VIIRS,n,2,294.34,3.23,N,0
49.18821,-119.91565,302.33,0.41,0.37,2023-08-16,0953,N20,VIIRS,n,2,289.92,1.14,N,0
49.18842,-119.94425,317.33,0.41,0.37,2023-08-16,0953,N20,VIIRS,n,2,292.37,2.74,N,0
49.1887,-120.02808,312.82,0.42,0.37,2023-08-16,0953,N20,VIIRS,n,2,293.64,3.35,N,0
49.18878,-120.00156,327.38,0.42,0.37,2023-08-16,0953,N20,VIIRS,n,2,298.13,2.85,N,0
49.18881,-119.97439,320.4,0.41,0.37,2023-08-16,0953,N20,VIIRS,n,2,293.53,3.01,N,0
49.18916,-119.94999,320.21,0.41,0.37,2023-08-16,0953,N20,VIIRS,n,2,291,2.74,N,0
49.1894,-120.03343,328.44,0.42,0.37,2023-08-16,0953,N20,VIIRS,n,2,299.2,3.35,N,0
49.18951,-120.0072,321.56,0.42,0.37,2023-08-16,0953,N20,VIIRS,n,2,298.38,2.23,N,0
49.18966,-119.981,316.33,0.42,0.37,2023-08-16,0953,N20,VIIRS,n,2,296.16,2.15,N,0
49.18968,-119.92693,306.64,0.41,0.37,2023-08-16,0953,N20,VIIRS,n,2,290.42,1.17,N,0
49.18995,-119.95609,342.14,0.41,0.37,2023-08-16,0953,N20,VIIRS,n,2,298.33,20.83,N,0
49.19011,-120.03891,327.06,0.42,0.37,2023-08-16,0953,N20,VIIRS,n,2,296.72,3.02,N,0
49.19016,-120.01218,310.26,0.42,0.37,2023-08-16,0953,N20,VIIRS,n,2,296.13,2.23,N,0
49.19052,-119.98767,312.69,0.42,0.37,2023-08-16,0953,N20,VIIRS,n,2,296.73,2.15,N,0
49.19074,-119.96214,346.24,0.41,0.37,2023-08-16,0953,N20,VIIRS,n,2,298.5,20.83,N,0
49.19083,-120.04449,334.81,0.42,0.37,2023-08-16,0953,N20,VIIRS,n,2,296.15,3.02,N,0
49.19138,-119.99439,316.43,0.42,0.37,2023-08-16,0953,N20,VIIRS,n,2,297.02,2.53,N,0
49.19146,-119.9676,321.82,0.41,0.37,2023-08-16,0953,N20,VIIRS,n,2,294.57,3.01,N,0
49.19146,-120.02215,317.34,0.42,0.37,2023-08-16,0953,N20,VIIRS,n,2,295.95,2.31,N,0
49.19154,-120.05001,331.29,0.42,0.37,2023-08-16,0953,N20,VIIRS,n,2,295.27,5.65,N,0
49.19162,-120.0779,302.87,0.42,0.37,2023-08-16,0953,N20,VIIRS,n,2,288.08,1.14,N,0
49.19214,-120.02737,320.82,0.42,0.37,2023-08-16,0953,N20,VIIRS,n,2,296.36,3.35,N,0
49.19219,-120.00063,324.76,0.42,0.37,2023-08-16,0953,N20,VIIRS,n,2,297.95,2.53,N,0
49.19221,-119.97342,311.51,0.41,0.37,2023-08-16,0953,N20,VIIRS,n,2,292.68,3.01,N,0
49.19284,-120.03273,339.95,0.42,0.37,2023-08-16,0953,N20,VIIRS,n,2,302.89,3.35,N,0
49.1929,-120.00613,318.36,0.42,0.37,2023-08-16,0953,N20,VIIRS,n,2,297.15,1.6,N,0
49.19307,-119.98007,319.37,0.42,0.37,2023-08-16,0953,N20,VIIRS,n,2,298.07,2.15,N,0
49.19354,-120.0382,325.97,0.42,0.37,2023-08-16,0953,N20,VIIRS,n,2,295.63,3.02,N,0
49.19357,-120.01123,307.85,0.42,0.37,2023-08-16,0953,N20,VIIRS,n,2,294.87,1.6,N,0
49.19394,-119.98688,326.55,0.42,0.37,2023-08-16,0953,N20,VIIRS,n,2,299.12,2.15,N,0
49.19424,-120.04361,312,0.42,0.37,2023-08-16,0953,N20,VIIRS,n,2,292.01,3.02,N,0
49.19482,-119.99368,328.67,0.42,0.37,2023-08-16,0953,N20,VIIRS,n,2,298.95,2.53,N,0
49.19489,-120.02137,320.91,0.42,0.37,2023-08-16,0953,N20,VIIRS,n,2,295.41,2.81,N,0
49.1949,-119.96699,315.25,0.41,0.37,2023-08-16,0953,N20,VIIRS,n,2,292.32,3.42,N,0
49.19558,-120.02664,323.55,0.42,0.37,2023-08-16,0953,N20,VIIRS,n,2,295.79,4.96,N,0
49.19561,-119.99976,320.77,0.42,0.37,2023-08-16,0953,N20,VIIRS,n,2,296.82,2.53,N,0
49.19564,-119.97271,332.6,0.41,0.37,2023-08-16,0953,N20,VIIRS,n,2,295.65,3.42,N,0
49.19627,-120.032,328.99,0.42,0.37,2023-08-16,0953,N20,VIIRS,n,2,296.82,4.96,N,0
49.1963,-120.00513,314.29,0.42,0.37,2023-08-16,0953,N20,VIIRS,n,2,295.44,1.6,N,0
49.19649,-119.97928,319.8,0.42,0.37,2023-08-16,0953,N20,VIIRS,n,2,296.78,10.3,N,0
49.19696,-120.03738,323.53,0.42,0.37,2023-08-16,0953,N20,VIIRS,n,2,294.67,3.93,N,0
49.19697,-120.01021,311.38,0.42,0.37,2023-08-16,0953,N20,VIIRS,n,2,294.47,1.6,N,0
49.19738,-119.98622,335.63,0.42,0.37,2023-08-16,0953,N20,VIIRS,n,2,300.58,10.3,N,0
49.19763,-120.01529,321.06,0.42,0.37,2023-08-16,0953,N20,VIIRS,n,2,294.85,2.81,N,0
49.19766,-120.04273,319.96,0.42,0.37,2023-08-16,0953,N20,VIIRS,n,2,294.33,3.93,N,0
49.19777,-120.0709,299.85,0.42,0.37,2023-08-16,0953,N20,VIIRS,n,2,285.97,0.98,N,0
49.19826,-119.99298,331.97,0.42,0.37,2023-08-16,0953,N20,VIIRS,n,2,296.69,2.27,N,0
49.1983,-120.02047,323.52,0.42,0.37,2023-08-16,0953,N20,VIIRS,n,2,294.52,2.81,N,0
49.19834,-119.96638,320.8,0.41,0.37,2023-08-16,0953,N20,VIIRS,n,2,291.58,3.42,N,0
49.19899,-120.02574,344.82,0.42,0.37,2023-08-16,0953,N20,VIIRS,n,2,297.01,4.96,N,0
49.19901,-119.99879,312.03,0.42,0.37,2023-08-16,0953,N20,VIIRS,n,2,295.7,2.27,N,0
49.19968,-120.03108,331.95,0.42,0.37,2023-08-16,0953,N20,VIIRS,n,2,296.86,4.96,N,0
49.19978,-120.05907,320.18,0.42,0.37,2023-08-16,0953,N20,VIIRS,n,2,289.43,12.24,N,0
49.19995,-119.97881,337.57,0.42,0.37,2023-08-16,0953,N20,VIIRS,n,2,298.6,10.3,N,0
49.20036,-120.00912,315.18,0.42,0.37,2023-08-16,0953,N20,VIIRS,n,2,294.38,2.5,N,0
49.20037,-120.03645,334.57,0.42,0.37,2023-08-16,0953,N20,VIIRS,n,2,299.66,3.93,N,0
49.20085,-119.98576,355.89,0.42,0.37,2023-08-16,0953,N20,VIIRS,n,2,305.06,10.3,N,0
49.20102,-120.01421,330.81,0.42,0.37,2023-08-16,0953,N20,VIIRS,n,2,296,3.5,N,0
49.20107,-120.04179,339.54,0.42,0.37,2023-08-16,0953,N20,VIIRS,n,2,301.82,3.93,N,0
49.2017,-119.99229,314.81,0.42,0.37,2023-08-16,0953,N20,VIIRS,n,2,294.41,2.27,N,0
49.2017,-120.01944,320.24,0.42,0.37,2023-08-16,0953,N20,VIIRS,n,2,293.53,3.5,N,0
49.20176,-120.04714,338.95,0.42,0.37,2023-08-16,0953,N20,VIIRS,n,2,300.14,5.52,N,0
49.20239,-120.02476,315.95,0.42,0.37,2023-08-16,0953,N20,VIIRS,n,2,292.99,2.39,N,0
49.20244,-119.99797,309.52,0.42,0.37,2023-08-16,0953,N20,VIIRS,n,2,295.1,2.27,N,0
49.20246,-120.05254,325.61,0.42,0.37,2023-08-16,0953,N20,VIIRS,n,2,296.46,5.52,N,0
49.20308,-120.0301,318.35,0.42,0.37,2023-08-16,0953,N20,VIIRS,n,2,294.69,2.39,N,0
49.20317,-120.05802,355.33,0.42,0.37,2023-08-16,0953,N20,VIIRS,n,2,310.72,12.24,N,0
49.20375,-120.00803,309.33,0.42,0.37,2023-08-16,0953,N20,VIIRS,n,2,293.91,2.5,N,0
49.20377,-120.03542,333.13,0.42,0.37,2023-08-16,0953,N20,VIIRS,n,2,298.55,4.18,N,0
49.20388,-120.06352,344.95,0.42,0.37,2023-08-16,0953,N20,VIIRS,n,2,298.68,12.24,N,0
49.20441,-120.01311,329.5,0.42,0.37,2023-08-16,0953,N20,VIIRS,n,2,295.78,3.5,N,0
49.20447,-120.04078,339.01,0.42,0.37,2023-08-16,0953,N20,VIIRS,n,2,301.01,4.18,N,0
49.2051,-120.0184,336.21,0.42,0.37,2023-08-16,0953,N20,VIIRS,n,2,297.81,3.5,N,0
49.20516,-120.04608,352.29,0.42,0.37,2023-08-16,0953,N20,VIIRS,n,2,305.38,65.79,N,0
49.20579,-120.02374,330.58,0.42,0.37,2023-08-16,0953,N20,VIIRS,n,2,296.59,2.39,N,0
49.20585,-119.99704,322.78,0.42,0.37,2023-08-16,0953,N20,VIIRS,n,2,296.17,3.91,N,0
49.20585,-120.05146,346.84,0.42,0.37,2023-08-16,0953,N20,VIIRS,n,2,323.94,65.79,N,0
49.20647,-120.02901,313.21,0.42,0.37,2023-08-16,0953,N20,VIIRS,n,2,292.43,2.39,N,0
49.2065,-120.00202,316.35,0.42,0.37,2023-08-16,0953,N20,VIIRS,n,2,296.33,2.14,N,0
49.20656,-120.05692,340.63,0.42,0.37,2023-08-16,0953,N20,VIIRS,n,2,320.15,48.09,N,0
49.20715,-120.00701,318.85,0.42,0.37,2023-08-16,0953,N20,VIIRS,n,2,296.82,2.14,N,0
49.20728,-120.06245,327.47,0.42,0.37,2023-08-16,0953,N20,VIIRS,n,2,287.37,48.09,N,0
49.20781,-120.01209,333.3,0.42,0.37,2023-08-16,0953,N20,VIIRS,n,2,296.63,9.86,N,0
49.20784,-120.03954,308.18,0.42,0.37,2023-08-16,0953,N20,VIIRS,n,2,292.29,4.18,N,0
49.20849,-120.01735,344.15,0.42,0.37,2023-08-16,0953,N20,VIIRS,n,2,300.1,9.86,N,0
49.20853,-120.04485,356.19,0.42,0.37,2023-08-16,0953,N20,VIIRS,n,2,303.22,65.79,N,0
49.20918,-120.02268,347.28,0.42,0.37,2023-08-16,0953,N20,VIIRS,n,2,302.41,23.77,N,0
49.20923,-120.05025,367,0.42,0.37,2023-08-16,0953,N20,VIIRS,h,2,337.14,65.79,N,0
49.20987,-120.02792,367,0.42,0.37,2023-08-16,0953,N20,VIIRS,h,2,304.94,23.77,N,0
49.20991,-120.00111,313.46,0.42,0.37,2023-08-16,0953,N20,VIIRS,n,2,296.25,2.14,N,0
49.20995,-120.05576,332.94,0.42,0.37,2023-08-16,0953,N20,VIIRS,n,2,294.69,48.09,N,0
49.21054,-120.03312,353.59,0.42,0.37,2023-08-16,0953,N20,VIIRS,n,2,303.82,40.28,N,0
49.21055,-120.006,320.41,0.42,0.37,2023-08-16,0953,N20,VIIRS,n,2,297.04,2.14,N,0
49.21121,-120.01105,354.18,0.42,0.37,2023-08-16,0953,N20,VIIRS,n,2,303.28,9.86,N,0
49.21122,-120.03832,351.93,0.42,0.37,2023-08-16,0953,N20,VIIRS,n,2,316.31,40.28,N,0
49.21189,-120.01631,354.38,0.42,0.37,2023-08-16,0953,N20,VIIRS,n,2,302.6,9.86,N,0
49.21189,-120.04356,367,0.42,0.37,2023-08-16,0953,N20,VIIRS,h,2,347.39,87.27,N,0
49.21258,-120.02164,353.35,0.42,0.37,2023-08-16,0953,N20,VIIRS,n,2,314.71,23.77,N,0
49.21262,-120.0491,308.34,0.42,0.37,2023-08-16,0953,N20,VIIRS,n,2,288.25,87.27,N,0
49.21326,-120.02686,347.03,0.42,0.37,2023-08-16,0953,N20,VIIRS,n,2,310.81,23.77,N,0
49.21332,-120.00017,327.53,0.42,0.37,2023-08-16,0953,N20,VIIRS,n,2,297.57,31.15,N,0
49.21394,-120.03205,334.74,0.42,0.37,2023-08-16,0953,N20,VIIRS,n,2,296.8,40.28,N,0
49.21395,-120.00502,342.07,0.42,0.37,2023-08-16,0953,N20,VIIRS,n,2,306.62,31.15,N,0
49.21461,-120.01009,333.03,0.42,0.37,2023-08-16,0953,N20,VIIRS,n,2,328.61,89.75,N,0
49.21461,-120.03728,341.72,0.42,0.37,2023-08-16,0953,N20,VIIRS,n,2,321.47,40.28,N,0
49.21529,-120.01527,305.93,0.42,0.37,2023-08-16,0953,N20,VIIRS,n,2,292.83,89.75,N,0
49.21531,-120.04264,328.39,0.42,0.37,2023-08-16,0953,N20,VIIRS,n,2,321.74,87.27,N,0
49.21597,-120.02056,312.08,0.42,0.37,2023-08-16,0953,N20,VIIRS,n,2,293.04,3.36,N,0
49.21603,-120.04823,307.11,0.42,0.37,2023-08-16,0953,N20,VIIRS,n,2,289.24,87.27,N,0
49.21666,-120.02579,330.08,0.42,0.37,2023-08-16,0953,N20,VIIRS,n,2,292.69,3.36,N,0
49.21674,-119.99922,334.17,0.42,0.37,2023-08-16,0953,N20,VIIRS,n,2,298.05,31.15,N,0
49.21736,-120.00407,340,0.42,0.37,2023-08-16,0953,N20,VIIRS,n,2,314.13,31.15,N,0
49.21801,-120.0091,334.66,0.42,0.37,2023-08-16,0953,N20,VIIRS,n,2,330.15,89.75,N,0
49.21869,-120.01425,304.36,0.42,0.37,2023-08-16,0953,N20,VIIRS,n,2,292.66,89.75,N,0
49.21946,-120.04739,303.29,0.42,0.37,2023-08-16,0953,N20,VIIRS,n,2,290.09,0.43,N,0
49.22014,-119.99825,307.65,0.42,0.37,2023-08-16,0953,N20,VIIRS,n,2,295.46,26.43,N,0
49.22078,-120.0032,340.42,0.42,0.37,2023-08-16,0953,N20,VIIRS,n,2,321.22,26.43,N,0
49.22144,-120.0082,335.56,0.42,0.37,2023-08-16,0953,N20,VIIRS,n,2,296.35,8.15,N,0
49.22217,-120.04105,305.77,0.42,0.37,2023-08-16,0953,N20,VIIRS,n,2,289.81,0.43,N,0
49.22488,-120.00751,307.88,0.42,0.37,2023-08-16,0953,N20,VIIRS,n,2,292.85,8.15,N,0
49.43063,-117.68042,334.21,0.39,0.36,2023-08-16,0953,N20,VIIRS,n,2,294.68,3.39,N,0
49.4314,-117.68557,312.68,0.39,0.36,2023-08-16,0953,N20,VIIRS,n,2,290.31,1.71,N,0
49.90895,-119.63571,304.11,0.41,0.37,2023-08-16,0953,N20,VIIRS,n,2,290.26,1.15,N,0
49.9421,-121.27946,301.52,0.46,0.39,2023-08-16,0953,N20,VIIRS,n,2,287.65,0.44,N,0
50.34661,-117.62746,306.83,0.39,0.36,2023-08-16,0953,N20,VIIRS,n,2,286.27,1.3,N,0
50.34906,-117.62058,301.87,0.39,0.36,2023-08-16,0953,N20,VIIRS,n,2,288.64,0.94,N,0
50.34986,-117.62613,305.61,0.39,0.36,2023-08-16,0953,N20,VIIRS,n,2,289.78,0.94,N,0
50.39559,-120.42547,299.54,0.44,0.38,2023-08-16,0953,N20,VIIRS,n,2,288.32,2.55,N,0
50.39629,-120.43125,329.43,0.44,0.38,2023-08-16,0953,N20,VIIRS,n,2,290.07,4.62,N,0
50.39907,-120.42442,311.89,0.44,0.38,2023-08-16,0953,N20,VIIRS,n,2,289.8,2.55,N,0
50.39977,-120.43018,329.56,0.44,0.38,2023-08-16,0953,N20,VIIRS,n,2,290.76,4.62,N,0
50.40742,-120.43388,329.6,0.44,0.38,2023-08-16,0953,N20,VIIRS,n,2,305.25,44.92,N,0
50.40812,-120.43962,346.97,0.44,0.38,2023-08-16,0953,N20,VIIRS,n,2,300.83,26.38,N,0
50.40882,-120.44537,304.08,0.44,0.38,2023-08-16,0953,N20,VIIRS,n,2,288.83,26.38,N,0
50.41092,-120.43291,320.24,0.44,0.38,2023-08-16,0953,N20,VIIRS,n,2,309.33,26.2,N,0
50.41161,-120.43862,367,0.44,0.38,2023-08-16,0953,N20,VIIRS,h,2,355.01,95.85,N,0
50.4123,-120.44437,337.35,0.44,0.38,2023-08-16,0953,N20,VIIRS,n,2,291.34,95.85,N,0
50.41301,-120.45029,299.52,0.44,0.38,2023-08-16,0953,N20,VIIRS,n,2,288.29,19.19,N,0
50.4144,-120.43193,303.06,0.44,0.38,2023-08-16,0953,N20,VIIRS,n,2,289.91,26.2,N,0
50.41509,-120.43765,346.4,0.44,0.38,2023-08-16,0953,N20,VIIRS,n,2,317.35,95.85,N,0
50.41579,-120.44344,335.94,0.44,0.38,2023-08-16,0953,N20,VIIRS,n,2,323.95,95.85,N,0
50.4165,-120.44932,328.54,0.44,0.38,2023-08-16,0953,N20,VIIRS,n,2,295.51,19.19,N,0
50.41788,-120.43089,302.36,0.44,0.38,2023-08-16,0953,N20,VIIRS,n,2,290.94,1.08,N,0
50.41858,-120.43668,329.12,0.44,0.38,2023-08-16,0953,N20,VIIRS,n,2,300.92,17.42,N,0
50.41928,-120.4425,355.36,0.44,0.38,2023-08-16,0953,N20,VIIRS,n,2,313.43,17.42,N,0
50.41999,-120.44836,341.01,0.44,0.38,2023-08-16,0953,N20,VIIRS,n,2,315.72,32.34,N,0
50.42064,-120.42395,314.37,0.44,0.38,2023-08-16,0953,N20,VIIRS,n,2,292.68,1.08,N,0
50.4207,-120.45428,330.24,0.44,0.38,2023-08-16,0953,N20,VIIRS,n,2,290.73,32.34,N,0
50.42135,-120.4298,309.56,0.44,0.38,2023-08-16,0953,N20,VIIRS,n,2,291.62,1.08,N,0
50.42205,-120.43559,313.2,0.44,0.38,2023-08-16,0953,N20,VIIRS,n,2,291.59,17.42,N,0
50.42276,-120.44144,340.09,0.44,0.38,2023-08-16,0953,N20,VIIRS,n,2,298.7,17.42,N,0
50.42339,-120.41684,309.34,0.44,0.38,2023-08-16,0953,N20,VIIRS,n,2,292.57,7.59,N,0
50.42347,-120.44731,350.99,0.44,0.38,2023-08-16,0953,N20,VIIRS,n,2,307.65,32.34,N,0
50.4241,-120.4227,320.66,0.44,0.38,2023-08-16,0953,N20,VIIRS,n,2,292.52,3.25,N,0
50.42419,-120.45322,341.48,0.44,0.38,2023-08-16,0953,N20,VIIRS,n,2,294.61,32.34,N,0
50.4249,-120.45913,330.77,0.44,0.38,2023-08-16,0953,N20,VIIRS,n,2,294.22,2.4,N,0
50.42561,-120.46504,306.64,0.44,0.38,2023-08-16,0953,N20,VIIRS,n,2,290.66,2.4,N,0
50.42614,-120.40977,339.01,0.44,0.38,2023-08-16,0953,N20,VIIRS,n,2,298.5,7.59,N,0
50.42622,-120.44019,303.39,0.44,0.38,2023-08-16,0953,N20,VIIRS,n,2,288.62,0.79,N,0
50.42685,-120.41566,304.11,0.44,0.38,2023-08-16,0953,N20,VIIRS,n,2,291.57,7.59,N,0
50.42694,-120.44618,319.5,0.44,0.38,2023-08-16,0953,N20,VIIRS,n,2,291.05,1.8,N,0
50.42766,-120.45212,321.14,0.44,0.38,2023-08-16,0953,N20,VIIRS,n,2,292.14,1.8,N,0
50.42838,-120.45805,320.04,0.44,0.38,2023-08-16,0953,N20,VIIRS,n,2,292,2.61,N,0
50.42909,-120.46397,321.5,0.44,0.38,2023-08-16,0953,N20,VIIRS,n,2,292.79,2.61,N,0
50.42961,-120.40869,331,0.44,0.38,2023-08-16,0953,N20,VIIRS,n,2,295.51,2.09,N,0
50.42981,-120.46991,303.6,0.44,0.38,2023-08-16,0953,N20,VIIRS,n,2,288.56,2.18,N,0
50.43053,-120.47589,301.77,0.44,0.38,2023-08-16,0953,N20,VIIRS,n,2,288.67,2.18,N,0
50.43113,-120.45099,301.51,0.44,0.38,2023-08-16,0953,N20,VIIRS,n,2,289.25,1.8,N,0
50.43185,-120.45692,315.62,0.44,0.38,2023-08-16,0953,N20,VIIRS,n,2,291.72,2.61,N,0
50.43256,-120.46279,326.91,0.44,0.38,2023-08-16,0953,N20,VIIRS,n,2,294.34,2.61,N,0
50.43308,-120.40758,304.42,0.44,0.38,2023-08-16,0953,N20,VIIRS,n,2,291.48,2.09,N,0
50.43328,-120.46873,312.76,0.44,0.38,2023-08-16,0953,N20,VIIRS,n,2,290.8,2.18,N,0
50.434,-120.47474,337.17,0.44,0.38,2023-08-16,0953,N20,VIIRS,n,2,290.93,2.18,N,0
50.43603,-120.46162,304.02,0.44,0.38,2023-08-16,0953,N20,VIIRS,n,2,288.48,1.21,N,0
50.43674,-120.46756,300.38,0.44,0.38,2023-08-16,0953,N20,VIIRS,n,2,287.52,35.08,N,0
50.43747,-120.47361,335.32,0.44,0.38,2023-08-16,0953,N20,VIIRS,n,2,294.57,35.08,N,0
50.43821,-120.47969,331.64,0.44,0.38,2023-08-16,0953,N20,VIIRS,n,2,288.18,82.93,N,0
50.44095,-120.47253,367,0.44,0.38,2023-08-16,0953,N20,VIIRS,h,2,310.71,35.08,N,0
50.44169,-120.47866,326.99,0.44,0.38,2023-08-16,0953,N20,VIIRS,n,2,323.3,82.93,N,0
50.44369,-120.46533,311.97,0.44,0.38,2023-08-16,0953,N20,VIIRS,n,2,289.09,4.23,N,0
50.44443,-120.47142,333.73,0.44,0.38,2023-08-16,0953,N20,VIIRS,n,2,292.18,4.23,N,0
50.44518,-120.47767,332.67,0.44,0.38,2023-08-16,0953,N20,VIIRS,n,2,299.81,13.66,N,0
50.44717,-120.46429,331.38,0.44,0.38,2023-08-16,0953,N20,VIIRS,n,2,292.87,4.23,N,0
50.44791,-120.4704,317.08,0.44,0.38,2023-08-16,0953,N20,VIIRS,n,2,290.09,4.23,N,0
50.44867,-120.47664,310.92,0.44,0.38,2023-08-16,0953,N20,VIIRS,n,2,288.38,13.66,N,0
50.44923,-120.45146,301.06,0.44,0.38,2023-08-16,0953,N20,VIIRS,n,2,288.95,1.68,N,0
50.44994,-120.45737,324.76,0.44,0.38,2023-08-16,0953,N20,VIIRS,n,2,292.71,1.68,N,0
50.45066,-120.46329,324.06,0.44,0.38,2023-08-16,0953,N20,VIIRS,n,2,291.35,1.99,N,0
50.4514,-120.46939,322.13,0.44,0.38,2023-08-16,0953,N20,VIIRS,n,2,290.94,1.99,N,0
50.45195,-117.59971,304.32,0.39,0.36,2023-08-16,0953,N20,VIIRS,n,2,288.77,0.4,N,0
50.45272,-120.45049,306.5,0.44,0.38,2023-08-16,0953,N20,VIIRS,n,2,289.15,1.68,N,0
50.45374,-117.56478,329.22,0.39,0.36,2023-08-16,0953,N20,VIIRS,n,2,289.44,2.96,N,0
50.45415,-120.46235,305.16,0.44,0.38,2023-08-16,0953,N20,VIIRS,n,2,288.48,1.99,N,0
50.4562,-117.55806,313.61,0.39,0.36,2023-08-16,0953,N20,VIIRS,n,2,288.88,1.46,N,0
50.50433,-120.39806,300.65,0.44,0.38,2023-08-16,0953,N20,VIIRS,n,2,287.62,0.49,N,0
50.93878,-119.55161,307.69,0.42,0.38,2023-08-16,0953,N20,VIIRS,n,2,286.56,2.06,N,0
50.93952,-119.55747,314.9,0.42,0.38,2023-08-16,0953,N20,VIIRS,n,2,283.13,2.06,N,0
50.94026,-119.56335,314.2,0.42,0.38,2023-08-16,0953,N20,VIIRS,n,2,286.93,4.15,N,0
50.94217,-119.55036,312.09,0.42,0.38,2023-08-16,0953,N20,VIIRS,n,2,285.45,2.06,N,0
50.94291,-119.55622,314.31,0.42,0.38,2023-08-16,0953,N20,VIIRS,n,2,275.59,2.06,N,0
50.94366,-119.56212,319.58,0.42,0.38,2023-08-16,0953,N20,VIIRS,n,2,275.34,4.15,N,0
50.94441,-119.56808,334.38,0.42,0.38,2023-08-16,0953,N20,VIIRS,n,2,281.73,4.15,N,0
50.94484,-119.54331,309.53,0.42,0.38,2023-08-16,0953,N20,VIIRS,n,2,286.48,2.31,N,0
50.94516,-119.57402,314.01,0.42,0.38,2023-08-16,0953,N20,VIIRS,n,2,292.25,5.1,N,0
50.94553,-119.60533,342.23,0.42,0.38,2023-08-16,0953,N20,VIIRS,n,2,297.23,25.46,N,0
50.94556,-119.54907,313.91,0.42,0.38,2023-08-16,0953,N20,VIIRS,n,2,286.83,2.94,N,0
50.9463,-119.55489,311.54,0.42,0.38,2023-08-16,0953,N20,VIIRS,n,2,273.47,2.94,N,0
50.9463,-119.61149,349.48,0.42,0.38,2023-08-16,0953,N20,VIIRS,n,2,297.46,19.26,N,0
50.94674,-119.53028,305.34,0.42,0.38,2023-08-16,0953,N20,VIIRS,n,2,282.41,4.21,N,0
50.94707,-119.61766,349.77,0.42,0.38,2023-08-16,0953,N20,VIIRS,n,2,308.39,19.26,N,0
50.9475,-119.53632,308.99,0.42,0.38,2023-08-16,0953,N20,VIIRS,n,2,284.15,2.31,N,0
50.9478,-119.56673,346.08,0.42,0.38,2023-08-16,0953,N20,VIIRS,n,2,285.22,9.95,N,0
50.94783,-119.62383,312.84,0.42,0.38,2023-08-16,0953,N20,VIIRS,n,2,293.82,6.5,N,0
50.94817,-119.59802,334.6,0.42,0.38,2023-08-16,0953,N20,VIIRS,n,2,314.37,25.46,N,0
50.94823,-119.54205,313.65,0.42,0.38,2023-08-16,0953,N20,VIIRS,n,2,284.33,2.31,N,0
50.94854,-119.57269,351.72,0.42,0.38,2023-08-16,0953,N20,VIIRS,n,2,293.18,69.93,N,0
50.94894,-119.60416,338.15,0.42,0.38,2023-08-16,0953,N20,VIIRS,n,2,297.67,25.46,N,0
50.94895,-119.54772,319.68,0.42,0.38,2023-08-16,0953,N20,VIIRS,n,2,284.2,2.94,N,0
50.94929,-119.57861,341.09,0.42,0.38,2023-08-16,0953,N20,VIIRS,n,2,293.86,69.93,N,0
50.94968,-119.55349,323.52,0.42,0.38,2023-08-16,0953,N20,VIIRS,n,2,277.66,2.94,N,0
50.94971,-119.6104,341.54,0.42,0.38,2023-08-16,0953,N20,VIIRS,n,2,296.32,19.26,N,0
50.95004,-119.58455,353.56,0.42,0.38,2023-08-16,0953,N20,VIIRS,n,2,299.67,101.09,N,0
50.95013,-119.52898,305.83,0.42,0.38,2023-08-16,0953,N20,VIIRS,n,2,278.9,3.09,N,0
50.95049,-119.6166,350.68,0.42,0.38,2023-08-16,0953,N20,VIIRS,n,2,305.12,19.26,N,0
50.95079,-119.59056,343.57,0.42,0.38,2023-08-16,0953,N20,VIIRS,n,2,298.41,101.09,N,0
50.95089,-119.53506,311.04,0.42,0.38,2023-08-16,0953,N20,VIIRS,n,2,280.27,2.93,N,0
50.95117,-119.56533,340.94,0.42,0.38,2023-08-16,0953,N20,VIIRS,n,2,279.52,9.95,N,0
50.95124,-119.62258,338.41,0.42,0.38,2023-08-16,0953,N20,VIIRS,n,2,296.18,6.5,N,0
50.95156,-119.59666,321.61,0.42,0.38,2023-08-16,0953,N20,VIIRS,n,2,292.85,22.6,N,0
50.95193,-119.5713,340.81,0.42,0.38,2023-08-16,0953,N20,VIIRS,n,2,306.28,69.93,N,0
50.95197,-119.62837,305.84,0.42,0.38,2023-08-16,0953,N20,VIIRS,n,2,292.54,6.5,N,0
50.95233,-119.54636,320.71,0.42,0.38,2023-08-16,0953,N20,VIIRS,n,2,278.14,3.7,N,0
50.95234,-119.6029,336.18,0.42,0.38,2023-08-16,0953,N20,VIIRS,n,2,298.04,22.6,N,0
50.95267,-119.57722,323.77,0.42,0.38,2023-08-16,0953,N20,VIIRS,n,2,318.74,69.93,N,0
50.95305,-119.55206,330.79,0.42,0.38,2023-08-16,0953,N20,VIIRS,n,2,275.23,3.7,N,0
50.95313,-119.60929,336.12,0.42,0.38,2023-08-16,0953,N20,VIIRS,n,2,296.28,3.14,N,0
50.95342,-119.58317,367,0.42,0.38,2023-08-16,0953,N20,VIIRS,h,2,350.41,101.09,N,0
50.9538,-119.55792,309.79,0.42,0.38,2023-08-16,0953,N20,VIIRS,n,2,267.83,1.97,N,0
50.9539,-119.6155,311.39,0.42,0.38,2023-08-16,0953,N20,VIIRS,n,2,294.41,3.14,N,0
50.95418,-119.5892,367,0.42,0.38,2023-08-16,0953,N20,VIIRS,h,2,342.71,101.09,N,0
50.95429,-119.53376,310.2,0.42,0.38,2023-08-16,0953,N20,VIIRS,n,2,277.16,2.93,N,0
50.95455,-119.56391,309.61,0.42,0.38,2023-08-16,0953,N20,VIIRS,n,2,268.11,1.97,N,0
50.95465,-119.62144,311.35,0.42,0.38,2023-08-16,0953,N20,VIIRS,n,2,294.03,2,N,0
50.95496,-119.59542,339.55,0.42,0.38,2023-08-16,0953,N20,VIIRS,n,2,322.72,22.6,N,0
50.9553,-119.56989,347.51,0.42,0.38,2023-08-16,0953,N20,VIIRS,n,2,283.47,71.52,N,0
50.95536,-119.62702,322.28,0.42,0.38,2023-08-16,0953,N20,VIIRS,n,2,294.07,2,N,0
50.95572,-119.54504,319.96,0.42,0.38,2023-08-16,0953,N20,VIIRS,n,2,273.84,3.7,N,0
50.95575,-119.60178,350.15,0.42,0.38,2023-08-16,0953,N20,VIIRS,n,2,300.71,22.6,N,0
50.95644,-119.55069,312.09,0.42,0.38,2023-08-16,0953,N20,VIIRS,n,2,270.58,3.7,N,0
50.95655,-119.60818,336.42,0.42,0.38,2023-08-16,0953,N20,VIIRS,n,2,296.22,3.14,N,0
50.95681,-119.58183,351.15,0.42,0.38,2023-08-16,0953,N20,VIIRS,n,2,310.84,72.61,N,0
50.95732,-119.61433,328.31,0.42,0.38,2023-08-16,0953,N20,VIIRS,n,2,294.49,3.14,N,0
50.95758,-119.58794,367,0.42,0.38,2023-08-16,0953,N20,VIIRS,h,2,326.26,72.61,N,0
50.95803,-119.61999,318.29,0.42,0.38,2023-08-16,0953,N20,VIIRS,n,2,292.29,2,N,0
50.95837,-119.59429,346.91,0.42,0.38,2023-08-16,0953,N20,VIIRS,n,2,313.78,67.85,N,0
50.95874,-119.6256,326.12,0.42,0.38,2023-08-16,0953,N20,VIIRS,n,2,292.24,2,N,0
50.95911,-119.5438,321.76,0.42,0.38,2023-08-16,0953,N20,VIIRS,n,2,273.79,4.7,N,0
50.95918,-119.60079,354.88,0.42,0.38,2023-08-16,0953,N20,VIIRS,n,2,296.3,67.85,N,0
50.95944,-119.57446,319.85,0.42,0.38,2023-08-16,0953,N20,VIIRS,n,2,267.37,71.52,N,0
50.95946,-119.63128,305,0.42,0.38,2023-08-16,0953,N20,VIIRS,n,2,292.16,1.69,N,0
50.95982,-119.54936,314.11,0.42,0.38,2023-08-16,0953,N20,VIIRS,n,2,270.58,4.7,N,0
50.95998,-119.60717,353.27,0.42,0.38,2023-08-16,0953,N20,VIIRS,n,2,295.67,18.91,N,0
50.96019,-119.58049,340.56,0.42,0.38,2023-08-16,0953,N20,VIIRS,n,2,295.92,72.61,N,0
50.96072,-119.61311,367,0.42,0.38,2023-08-16,0953,N20,VIIRS,h,2,291.97,18.91,N,0
50.96098,-119.58669,334.34,0.42,0.38,2023-08-16,0953,N20,VIIRS,n,2,304.84,72.61,N,0
50.96143,-119.61868,345.42,0.42,0.38,2023-08-16,0953,N20,VIIRS,n,2,292.29,8.61,N,0
50.96175,-119.64964,318.34,0.42,0.38,2023-08-16,0953,N20,VIIRS,n,2,294.45,3.23,N,0
50.96179,-119.5932,329.18,0.42,0.38,2023-08-16,0953,N20,VIIRS,n,2,314.19,67.85,N,0
50.96213,-119.62418,319.67,0.42,0.38,2023-08-16,0953,N20,VIIRS,n,2,293.03,8.61,N,0
50.96254,-119.65591,324.97,0.42,0.38,2023-08-16,0953,N20,VIIRS,n,2,295.14,2.37,N,0
50.96261,-119.59977,353.33,0.42,0.38,2023-08-16,0953,N20,VIIRS,n,2,293.04,67.85,N,0
50.96283,-119.57316,315.35,0.42,0.38,2023-08-16,0953,N20,VIIRS,n,2,265.13,11.74,N,0
50.96284,-119.62982,316.83,0.42,0.38,2023-08-16,0953,N20,VIIRS,n,2,292.84,1.3,N,0
50.96333,-119.66232,315.84,0.42,0.38,2023-08-16,0953,N20,VIIRS,n,2,294.71,2.37,N,0
50.96339,-119.60608,356.28,0.42,0.38,2023-08-16,0953,N20,VIIRS,n,2,292.03,18.91,N,0
50.96358,-119.63578,306.09,0.42,0.38,2023-08-16,0953,N20,VIIRS,n,2,291.81,1.3,N,0
50.96361,-119.57935,337.97,0.42,0.38,2023-08-16,0953,N20,VIIRS,n,2,289.16,157.97,N,0
50.96413,-119.6119,367,0.42,0.38,2023-08-16,0953,N20,VIIRS,h,2,289.8,18.91,N,0
50.96436,-119.64192,310.15,0.42,0.38,2023-08-16,0953,N20,VIIRS,n,2,293.59,1.46,N,0
50.9644,-119.58567,326.23,0.42,0.38,2023-08-16,0953,N20,VIIRS,n,2,301.44,157.97,N,0
50.96481,-119.61726,367,0.42,0.38,2023-08-16,0953,N20,VIIRS,h,2,289.13,8.61,N,0
50.96513,-119.64812,312.12,0.42,0.38,2023-08-16,0953,N20,VIIRS,n,2,293.82,1.46,N,0
50.96521,-119.59222,331.03,0.42,0.38,2023-08-16,0953,N20,VIIRS,n,2,302.83,84.85,N,0
50.9655,-119.62267,327.12,0.42,0.38,2023-08-16,0953,N20,VIIRS,n,2,291.5,8.61,N,0
50.9659,-119.5413,311.65,0.42,0.38,2023-08-16,0953,N20,VIIRS,n,2,271.36,4.38,N,0
50.96603,-119.59874,345.97,0.42,0.38,2023-08-16,0953,N20,VIIRS,n,2,292.28,84.85,N,0
50.96621,-119.62827,311.03,0.42,0.38,2023-08-16,0953,N20,VIIRS,n,2,291.53,1.3,N,0
50.96626,-119.57217,339.82,0.42,0.38,2023-08-16,0953,N20,VIIRS,n,2,266.78,11.74,N,0
50.9668,-119.6049,351.72,0.42,0.38,2023-08-16,0953,N20,VIIRS,n,2,287.27,38.81,N,0
50.96733,-119.55257,329.84,0.42,0.38,2023-08-16,0953,N20,VIIRS,n,2,270.69,44.51,N,0
50.96752,-119.6105,367,0.42,0.38,2023-08-16,0953,N20,VIIRS,h,2,289.64,38.81,N,0
50.96785,-119.58492,367,0.42,0.38,2023-08-16,0953,N20,VIIRS,h,2,322.3,157.97,N,0
50.96809,-119.55858,344,0.42,0.38,2023-08-16,0953,N20,VIIRS,n,2,282.24,44.51,N,0
50.9682,-119.61588,367,0.42,0.38,2023-08-16,0953,N20,VIIRS,h,2,289.95,9.57,N,0
50.96866,-119.59137,325.33,0.42,0.38,2023-08-16,0953,N20,VIIRS,n,2,318.62,84.85,N,0
50.96887,-119.56476,351.16,0.42,0.38,2023-08-16,0953,N20,VIIRS,n,2,279.8,82.44,N,0
50.96888,-119.62122,317.54,0.42,0.38,2023-08-16,0953,N20,VIIRS,n,2,290.3,9.57,N,0
50.96927,-119.6527,306.79,0.42,0.38,2023-08-16,0953,N20,VIIRS,n,2,292.76,2.52,N,0
50.96946,-119.59769,340.57,0.42,0.38,2023-08-16,0953,N20,VIIRS,n,2,303.97,84.85,N,0
50.96968,-119.57117,329.32,0.42,0.38,2023-08-16,0953,N20,VIIRS,n,2,299.25,82.44,N,0
50.96999,-119.54554,327.46,0.42,0.38,2023-08-16,0953,N20,VIIRS,n,2,271.72,4.38,N,0
50.97021,-119.60373,350.88,0.42,0.38,2023-08-16,0953,N20,VIIRS,n,2,283.46,38.81,N,0
50.97072,-119.55128,355.93,0.42,0.38,2023-08-16,0953,N20,VIIRS,n,2,278.62,44.51,N,0
50.97091,-119.60922,355.32,0.42,0.38,2023-08-16,0953,N20,VIIRS,n,2,287.89,38.81,N,0
50.97128,-119.58394,323.78,0.42,0.38,2023-08-16,0953,N20,VIIRS,n,2,312.37,161.17,N,0
50.97149,-119.55738,352.3,0.42,0.38,2023-08-16,0953,N20,VIIRS,n,2,285.52,44.51,N,0
50.97158,-119.61449,367,0.42,0.38,2023-08-16,0953,N20,VIIRS,h,2,289.02,9.57,N,0
50.97208,-119.5903,338.75,0.42,0.38,2023-08-16,0953,N20,VIIRS,n,2,305.18,57.98,N,0
50.97226,-119.61978,341.15,0.42,0.38,2023-08-16,0953,N20,VIIRS,n,2,289.25,9.57,N,0
50.97229,-119.56367,351.79,0.42,0.38,2023-08-16,0953,N20,VIIRS,n,2,288.97,82.44,N,0
50.97287,-119.59656,349.27,0.42,0.38,2023-08-16,0953,N20,VIIRS,n,2,294.6,57.98,N,0
50.97308,-119.56998,340.91,0.42,0.38,2023-08-16,0953,N20,VIIRS,n,2,288.05,82.44,N,0
50.97338,-119.54427,324.35,0.42,0.38,2023-08-16,0953,N20,VIIRS,n,2,271.52,15.03,N,0
50.97362,-119.60254,352.81,0.42,0.38,2023-08-16,0953,N20,VIIRS,n,2,279.13,38.37,N,0
50.97387,-119.57622,333.26,0.42,0.38,2023-08-16,0953,N20,VIIRS,n,2,293.57,161.17,N,0
50.97413,-119.55016,367,0.42,0.38,2023-08-16,0953,N20,VIIRS,h,2,278.89,43.26,N,0
50.97431,-119.60799,354.43,0.42,0.38,2023-08-16,0953,N20,VIIRS,n,2,286.45,38.37,N,0
50.97466,-119.58247,346.64,0.42,0.38,2023-08-16,0953,N20,VIIRS,n,2,282.92,161.17,N,0
50.97491,-119.55633,367,0.42,0.38,2023-08-16,0953,N20,VIIRS,h,2,283.15,43.26,N,0
50.97498,-119.61321,355.38,0.42,0.38,2023-08-16,0953,N20,VIIRS,n,2,287.5,26.01,N,0
50.97545,-119.5888,348.34,0.42,0.38,2023-08-16,0953,N20,VIIRS,n,2,284.82,57.98,N,0
50.97564,-119.61842,346.26,0.42,0.38,2023-08-16,0953,N20,VIIRS,n,2,288.67,26.01,N,0
50.97571,-119.56262,355.85,0.42,0.38,2023-08-16,0953,N20,VIIRS,n,2,285.77,50.5,N,0
50.97604,-119.53725,346.49,0.42,0.38,2023-08-16,0953,N20,VIIRS,n,2,278.68,15.03,N,0
50.97626,-119.59525,346.71,0.42,0.38,2023-08-16,0953,N20,VIIRS,n,2,322.98,57.98,N,0
50.97633,-119.62381,307.63,0.42,0.38,2023-08-16,0953,N20,VIIRS,n,2,286.7,1.43,N,0
50.97648,-119.56879,351.98,0.42,0.38,2023-08-16,0953,N20,VIIRS,n,2,282.23,50.5,N,0
50.97678,-119.54302,367,0.42,0.38,2023-08-16,0953,N20,VIIRS,h,2,282.38,15.03,N,0
50.97702,-119.6013,352.82,0.42,0.38,2023-08-16,0953,N20,VIIRS,n,2,286.75,38.37,N,0
50.97725,-119.57481,344.31,0.42,0.38,2023-08-16,0953,N20,VIIRS,n,2,281.07,68.2,N,0
50.97753,-119.54895,351.38,0.42,0.38,2023-08-16,0953,N20,VIIRS,n,2,286.23,43.26,N,0
50.97773,-119.60684,353.72,0.42,0.38,2023-08-16,0953,N20,VIIRS,n,2,284.64,38.37,N,0
50.97801,-119.58088,349.02,0.42,0.38,2023-08-16,0953,N20,VIIRS,n,2,284.8,68.2,N,0
50.97832,-119.55524,354.93,0.42,0.38,2023-08-16,0953,N20,VIIRS,n,2,286.37,43.26,N,0
50.97838,-119.61197,353.06,0.42,0.38,2023-08-16,0953,N20,VIIRS,n,2,285.01,26.01,N,0
50.97867,-119.53001,309.81,0.42,0.38,2023-08-16,0953,N20,VIIRS,n,2,269.39,4.45,N,0
50.97881,-119.58727,352.09,0.42,0.38,2023-08-16,0953,N20,VIIRS,n,2,287.21,47.02,N,0
50.97904,-119.61716,355.61,0.42,0.38,2023-08-16,0953,N20,VIIRS,n,2,286.43,26.01,N,0
50.97911,-119.56148,353.73,0.42,0.38,2023-08-16,0953,N20,VIIRS,n,2,286.78,50.5,N,0
50.97942,-119.53589,348.93,0.42,0.38,2023-08-16,0953,N20,VIIRS,n,2,281.07,16.2,N,0
50.97964,-119.59383,346.61,0.42,0.38,2023-08-16,0953,N20,VIIRS,n,2,320.03,47.02,N,0
50.97972,-119.62243,314.8,0.42,0.38,2023-08-16,0953,N20,VIIRS,n,2,286.89,1.43,N,0
50.97987,-119.56744,348.48,0.42,0.38,2023-08-16,0953,N20,VIIRS,n,2,286.72,50.5,N,0
50.98016,-119.54171,355.34,0.42,0.38,2023-08-16,0953,N20,VIIRS,n,2,287.17,16.2,N,0
50.98043,-119.60007,350.56,0.42,0.38,2023-08-16,0953,N20,VIIRS,n,2,298.26,46.6,N,0
50.98057,-119.517,307.79,0.42,0.38,2023-08-16,0953,N20,VIIRS,n,2,274.67,3.03,N,0
50.98061,-119.57328,342.01,0.42,0.38,2023-08-16,0953,N20,VIIRS,n,2,289.18,68.2,N,0
50.98093,-119.54771,344.63,0.42,0.38,2023-08-16,0953,N20,VIIRS,n,2,292.79,107.44,N,0
50.98114,-119.60568,352.87,0.42,0.38,2023-08-16,0953,N20,VIIRS,n,2,280.26,46.6,N,0
50.98132,-119.52287,318.61,0.42,0.38,2023-08-16,0953,N20,VIIRS,n,2,278.45,4.45,N,0
50.98136,-119.57924,346.85,0.42,0.38,2023-08-16,0953,N20,VIIRS,n,2,296.1,68.2,N,0
50.98171,-119.55395,349.44,0.42,0.38,2023-08-16,0953,N20,VIIRS,n,2,292.36,107.44,N,0
50.9818,-119.6109,352.04,0.42,0.38,2023-08-16,0953,N20,VIIRS,n,2,283.91,30.72,N,0
50.98206,-119.52876,331.54,0.42,0.38,2023-08-16,0953,N20,VIIRS,n,2,279.73,4.45,N,0
50.98218,-119.58574,351.53,0.42,0.38,2023-08-16,0953,N20,VIIRS,n,2,283.47,47.02,N,0
50.98246,-119.61608,354.72,0.42,0.38,2023-08-16,0953,N20,VIIRS,n,2,285.21,30.72,N,0
50.98277,-119.76086,306.21,0.42,0.38,2023-08-16,0953,N20,VIIRS,n,2,291.21,1.07,N,0
50.98281,-119.53462,346.96,0.42,0.38,2023-08-16,0953,N20,VIIRS,n,2,284.13,16.2,N,0
50.98304,-119.59253,352.2,0.42,0.38,2023-08-16,0953,N20,VIIRS,n,2,288.4,47.02,N,0
50.98314,-119.62137,328.81,0.42,0.38,2023-08-16,0953,N20,VIIRS,n,2,288.8,2.8,N,0
50.98352,-119.76688,305.23,0.42,0.38,2023-08-16,0953,N20,VIIRS,n,2,291.87,1.07,N,0
50.98355,-119.54047,353.51,0.42,0.38,2023-08-16,0953,N20,VIIRS,n,2,288.76,16.2,N,0
50.98383,-119.59888,347.56,0.42,0.38,2023-08-16,0953,N20,VIIRS,n,2,307.15,46.6,N,0
50.98396,-119.5158,308.89,0.42,0.38,2023-08-16,0953,N20,VIIRS,n,2,273.67,1.17,N,0
50.98431,-119.54639,353.69,0.42,0.38,2023-08-16,0953,N20,VIIRS,n,2,291.65,107.44,N,0
50.98456,-119.60466,351.36,0.42,0.38,2023-08-16,0953,N20,VIIRS,n,2,286.72,46.6,N,0
50.98471,-119.52164,318.52,0.42,0.38,2023-08-16,0953,N20,VIIRS,n,2,281.35,4.3,N,0
50.98471,-119.57755,333.6,0.42,0.38,2023-08-16,0953,N20,VIIRS,n,2,327.77,1162.89,N,0
50.98509,-119.55261,367,0.42,0.38,2023-08-16,0953,N20,VIIRS,h,2,312.04,107.44,N,0
50.98523,-119.60988,353.38,0.42,0.38,2023-08-16,0953,N20,VIIRS,n,2,285.64,30.72,N,0
50.98546,-119.52752,323.34,0.42,0.38,2023-08-16,0953,N20,VIIRS,n,2,284.67,4.3,N,0
50.98553,-119.58414,345.08,0.42,0.38,2023-08-16,0953,N20,VIIRS,n,2,304.22,96.47,N,0
50.98589,-119.61507,353.23,0.42,0.38,2023-08-16,0953,N20,VIIRS,n,2,289.22,30.72,N,0
50.9862,-119.53338,323.45,0.42,0.38,2023-08-16,0953,N20,VIIRS,n,2,287.89,6.47,N,0
50.98625,-119.76019,336.99,0.42,0.38,2023-08-16,0953,N20,VIIRS,n,2,299.58,104.69,N,0
50.98641,-119.59111,345.95,0.42,0.38,2023-08-16,0953,N20,VIIRS,n,2,311.37,96.47,N,0
50.98656,-119.6203,311.49,0.42,0.38,2023-08-16,0953,N20,VIIRS,n,2,289.71,2.8,N,0
50.98694,-119.53922,316.9,0.42,0.38,2023-08-16,0953,N20,VIIRS,n,2,288.54,6.47,N,0
50.98698,-119.76605,351.17,0.42,0.38,2023-08-16,0953,N20,VIIRS,n,2,304.43,104.69,N,0
50.98724,-119.59765,344.83,0.42,0.38,2023-08-16,0953,N20,VIIRS,n,2,310.46,71.96,N,0
50.98735,-119.5146,309,0.42,0.38,2023-08-16,0953,N20,VIIRS,n,2,272.46,1.17,N,0
50.98769,-119.54507,319.85,0.42,0.38,2023-08-16,0953,N20,VIIRS,n,2,288.96,35.62,N,0
50.98771,-119.77186,351.4,0.43,0.38,2023-08-16,0953,N20,VIIRS,n,2,311.27,40.94,N,0
50.98797,-119.60345,349.53,0.42,0.38,2023-08-16,0953,N20,VIIRS,n,2,291.85,71.96,N,0
50.9881,-119.52042,318.08,0.42,0.38,2023-08-16,0953,N20,VIIRS,n,2,282.39,4.3,N,0
50.98844,-119.77775,355.67,0.43,0.38,2023-08-16,0953,N20,VIIRS,n,2,301.97,40.94,N,0
50.98847,-119.55123,323.19,0.42,0.38,2023-08-16,0953,N20,VIIRS,n,2,300.47,35.62,N,0
50.98865,-119.60879,351.54,0.42,0.38,2023-08-16,0953,N20,VIIRS,n,2,283.26,172.47,N,0
50.98888,-119.58251,367,0.42,0.38,2023-08-16,0953,N20,VIIRS,h,2,362.44,96.47,N,0
50.98917,-119.78361,333.42,0.43,0.38,2023-08-16,0953,N20,VIIRS,n,2,293.26,3.45,N,0
50.98923,-119.55726,353.48,0.42,0.38,2023-08-16,0953,N20,VIIRS,n,2,295.63,283.15,N,0
50.98931,-119.61399,355.13,0.42,0.38,2023-08-16,0953,N20,VIIRS,n,2,288.02,172.47,N,0
50.9897,-119.75921,330.5,0.42,0.38,2023-08-16,0953,N20,VIIRS,n,2,293.49,104.69,N,0
50.98979,-119.58968,334.29,0.42,0.38,2023-08-16,0953,N20,VIIRS,n,2,327.04,96.47,N,0
50.98997,-119.61918,344.99,0.42,0.38,2023-08-16,0953,N20,VIIRS,n,2,288.72,35.3,N,0
50.99064,-119.59642,329.45,0.42,0.38,2023-08-16,0953,N20,VIIRS,n,2,323.99,71.96,N,0
50.99075,-119.5134,303.25,0.42,0.38,2023-08-16,0953,N20,VIIRS,n,2,276.41,0.89,N,0
50.99111,-119.77052,353.03,0.43,0.38,2023-08-16,0953,N20,VIIRS,n,2,301.13,40.94,N,0
50.99137,-119.60226,344.44,0.42,0.38,2023-08-16,0953,N20,VIIRS,n,2,312.64,71.96,N,0
50.99142,-119.57442,367,0.42,0.38,2023-08-16,0953,N20,VIIRS,h,2,354.94,405.65,N,0
50.99149,-119.5192,309.58,0.42,0.38,2023-08-16,0953,N20,VIIRS,n,2,285.15,3.56,N,0
50.99183,-119.77623,334.72,0.43,0.38,2023-08-16,0953,N20,VIIRS,n,2,303.61,40.94,N,0
50.99206,-119.60762,340.07,0.42,0.38,2023-08-16,0953,N20,VIIRS,n,2,296.92,172.47,N,0
50.99225,-119.581,345.18,0.42,0.38,2023-08-16,0953,N20,VIIRS,n,2,325,52.66,N,0
50.99255,-119.78204,305,0.43,0.38,2023-08-16,0953,N20,VIIRS,n,2,290.96,3.45,N,0
50.99261,-119.55585,336.05,0.42,0.38,2023-08-16,0953,N20,VIIRS,n,2,290.67,283.15,N,0
50.99316,-119.5882,336.04,0.42,0.38,2023-08-16,0953,N20,VIIRS,n,2,319.67,52.66,N,0
50.99335,-119.56168,352.13,0.42,0.38,2023-08-16,0953,N20,VIIRS,n,2,297.8,283.15,N,0
50.99339,-119.61806,341.5,0.42,0.38,2023-08-16,0953,N20,VIIRS,n,2,295.21,35.3,N,0
50.99384,-119.76372,310.64,0.42,0.38,2023-08-16,0953,N20,VIIRS,n,2,291.77,1.29,N,0
50.99403,-119.59514,367,0.42,0.38,2023-08-16,0953,N20,VIIRS,h,2,327.58,184.33,N,0
50.99406,-119.56728,367,0.42,0.38,2023-08-16,0953,N20,VIIRS,h,2,354.8,405.65,N,0
50.99452,-119.76918,303.55,0.43,0.38,2023-08-16,0953,N20,VIIRS,n,2,290.5,1.03,N,0
50.99478,-119.60107,367,0.42,0.38,2023-08-16,0953,N20,VIIRS,h,2,332.5,184.33,N,0
50.9948,-119.57306,367,0.42,0.38,2023-08-16,0953,N20,VIIRS,h,2,364.23,405.65,N,0
50.99523,-119.54853,314.53,0.42,0.38,2023-08-16,0953,N20,VIIRS,n,2,287.96,5.98,N,0
50.99547,-119.60648,341.13,0.42,0.38,2023-08-16,0953,N20,VIIRS,n,2,314.66,96.68,N,0
50.9956,-119.57941,354.31,0.42,0.38,2023-08-16,0953,N20,VIIRS,n,2,316.92,52.66,N,0
50.99599,-119.55448,318.9,0.42,0.38,2023-08-16,0953,N20,VIIRS,n,2,288.62,9.48,N,0
50.99614,-119.61171,337.28,0.42,0.38,2023-08-16,0953,N20,VIIRS,n,2,336.16,96.68,N,0
50.99653,-119.58675,349.25,0.42,0.38,2023-08-16,0953,N20,VIIRS,n,2,314.71,52.66,N,0
50.99673,-119.56036,342.88,0.42,0.38,2023-08-16,0953,N20,VIIRS,n,2,293.51,9.48,N,0
50.9968,-119.61697,327.09,0.42,0.38,2023-08-16,0953,N20,VIIRS,n,2,290.25,5.18,N,0
50.99726,-119.76254,304.29,0.42,0.38,2023-08-16,0953,N20,VIIRS,n,2,291.46,1.29,N,0
50.99742,-119.5938,367,0.42,0.38,2023-08-16,0953,N20,VIIRS,h,2,336.96,184.33,N,0
50.99748,-119.62228,302.33,0.42,0.38,2023-08-16,0953,N20,VIIRS,n,2,288.36,5.18,N,0
50.99774,-119.8238,335.07,0.43,0.38,2023-08-16,0953,N20,VIIRS,n,2,291.83,5.04,N,0
50.99794,-119.76795,302.85,0.43,0.38,2023-08-16,0953,N20,VIIRS,n,2,290.51,1.03,N,0
50.99819,-119.57181,367,0.42,0.38,2023-08-16,0953,N20,VIIRS,h,2,347.6,214.98,N,0
50.99889,-119.60544,354.13,0.42,0.38,2023-08-16,0953,N20,VIIRS,n,2,309.67,96.68,N,0
50.999,-119.57819,353.93,0.42,0.38,2023-08-16,0953,N20,VIIRS,n,2,317.01,40.64,N,0
50.99957,-119.61071,343.38,0.42,0.38,2023-08-16,0953,N20,VIIRS,n,2,295.28,96.68,N,0
50.9999,-119.58534,352.26,0.42,0.38,2023-08-16,0953,N20,VIIRS,n,2,309.43,40.64,N,0
51.00012,-119.55904,334.88,0.42,0.38,2023-08-16,0953,N20,VIIRS,n,2,289.02,9.48,N,0
51.00023,-119.61594,333.84,0.42,0.38,2023-08-16,0953,N20,VIIRS,n,2,294.13,5.18,N,0
51.00068,-119.76133,304.47,0.42,0.38,2023-08-16,0953,N20,VIIRS,n,2,290.09,0.58,N,0
51.00081,-119.59251,331.42,0.42,0.38,2023-08-16,0953,N20,VIIRS,n,2,327.42,102.87,N,0
51.00084,-119.56476,367,0.42,0.38,2023-08-16,0953,N20,VIIRS,h,2,348.21,214.98,N,0
51.0009,-119.62123,347.68,0.42,0.38,2023-08-16,0953,N20,VIIRS,n,2,295.87,5.18,N,0
51.00158,-119.5705,367,0.42,0.38,2023-08-16,0953,N20,VIIRS,h,2,340.62,214.98,N,0
51.00161,-119.59884,367,0.42,0.38,2023-08-16,0953,N20,VIIRS,h,2,342.56,102.87,N,0
51.00232,-119.60444,367,0.42,0.38,2023-08-16,0953,N20,VIIRS,h,2,346.1,86.24,N,0
51.00238,-119.57687,348.65,0.42,0.38,2023-08-16,0953,N20,VIIRS,n,2,322.71,40.64,N,0
51.00299,-119.60973,345.61,0.42,0.38,2023-08-16,0953,N20,VIIRS,n,2,296.04,86.24,N,0
51.00329,-119.58398,352.03,0.42,0.38,2023-08-16,0953,N20,VIIRS,n,2,316.77,40.64,N,0
51.00351,-119.55775,318.65,0.42,0.38,2023-08-16,0953,N20,VIIRS,n,2,287.65,8.05,N,0
51.00366,-119.61494,341.96,0.42,0.38,2023-08-16,0953,N20,VIIRS,n,2,293.56,17,N,0
51.0042,-119.59118,340.31,0.42,0.38,2023-08-16,0953,N20,VIIRS,n,2,327.53,102.87,N,0
51.00423,-119.56348,325.59,0.42,0.38,2023-08-16,0953,N20,VIIRS,n,2,323.86,69.65,N,0
51.00432,-119.62013,338.02,0.42,0.38,2023-08-16,0953,N20,VIIRS,n,2,302.51,17,N,0
51.00498,-119.56934,367,0.42,0.38,2023-08-16,0953,N20,VIIRS,h,2,339.82,69.65,N,0
51.005,-119.62547,315.49,0.42,0.38,2023-08-16,0953,N20,VIIRS,n,2,286.83,12.08,N,0
51.00502,-119.59763,367,0.42,0.38,2023-08-16,0953,N20,VIIRS,h,2,333.3,102.87,N,0
51.00574,-119.60329,367,0.42,0.38,2023-08-16,0953,N20,VIIRS,h,2,355.01,86.24,N,0
51.00579,-119.57571,353.19,0.42,0.38,2023-08-16,0953,N20,VIIRS,n,2,316.93,42.87,N,0
51.00641,-119.60862,351.25,0.42,0.38,2023-08-16,0953,N20,VIIRS,n,2,306.78,86.24,N,0
51.00669,-119.5828,353.89,0.42,0.38,2023-08-16,0953,N20,VIIRS,n,2,313.01,42.87,N,0
51.00707,-119.61377,334.87,0.42,0.38,2023-08-16,0953,N20,VIIRS,n,2,294.98,17,N,0
51.0076,-119.58997,342.01,0.42,0.38,2023-08-16,0953,N20,VIIRS,n,2,323.89,87.29,N,0
51.00764,-119.56234,346.04,0.42,0.38,2023-08-16,0953,N20,VIIRS,n,2,295.19,69.65,N,0
51.00772,-119.61895,351.13,0.42,0.38,2023-08-16,0953,N20,VIIRS,n,2,298.5,17,N,0
51.00796,-119.64889,325.73,0.42,0.38,2023-08-16,0953,N20,VIIRS,n,2,285.97,3.53,N,0
51.00839,-119.56823,337.76,0.42,0.38,2023-08-16,0953,N20,VIIRS,n,2,319.38,69.65,N,0
51.0084,-119.62424,344.53,0.42,0.38,2023-08-16,0953,N20,VIIRS,n,2,292.65,12.08,N,0
51.00842,-119.59642,367,0.42,0.38,2023-08-16,0953,N20,VIIRS,h,2,342.27,87.29,N,0
51.00914,-119.60209,367,0.42,0.38,2023-08-16,0953,N20,VIIRS,h,2,341.35,59.71,N,0
51.0092,-119.57462,350.43,0.42,0.38,2023-08-16,0953,N20,VIIRS,n,2,322.33,42.87,N,0
51.00982,-119.60746,352.79,0.42,0.38,2023-08-16,0953,N20,VIIRS,n,2,316.63,59.71,N,0
51.01011,-119.58168,346.45,0.42,0.38,2023-08-16,0953,N20,VIIRS,n,2,324.15,42.87,N,0
51.01047,-119.61258,354.35,0.42,0.38,2023-08-16,0953,N20,VIIRS,n,2,302.48,8.65,N,0
51.01059,-119.64159,316.56,0.42,0.38,2023-08-16,0953,N20,VIIRS,n,2,285.72,3.16,N,0
51.01101,-119.58877,339.25,0.42,0.38,2023-08-16,0953,N20,VIIRS,n,2,330.17,87.29,N,0
51.01105,-119.56119,306.45,0.42,0.38,2023-08-16,0953,N20,VIIRS,n,2,285.72,1.54,N,0
51.01113,-119.61771,332.31,0.42,0.38,2023-08-16,0953,N20,VIIRS,n,2,295.29,8.65,N,0
51.01136,-119.64766,338.77,0.42,0.38,2023-08-16,0953,N20,VIIRS,n,2,288.15,3.53,N,0
51.0118,-119.56712,309.62,0.42,0.38,2023-08-16,0953,N20,VIIRS,n,2,286.8,1.54,N,0
51.0118,-119.59502,341.38,0.42,0.38,2023-08-16,0953,N20,VIIRS,n,2,324.66,87.29,N,0
51.0118,-119.62302,330.68,0.42,0.38,2023-08-16,0953,N20,VIIRS,n,2,288.85,2.03,N,0
51.0125,-119.62859,316.69,0.42,0.38,2023-08-16,0953,N20,VIIRS,n,2,284.78,2.03,N,0
51.01253,-119.60075,350.34,0.42,0.38,2023-08-16,0953,N20,VIIRS,n,2,313.66,59.71,N,0
51.01262,-119.57355,346.12,0.42,0.38,2023-08-16,0953,N20,VIIRS,n,2,310.03,64.98,N,0
51.01321,-119.60618,353.56,0.42,0.38,2023-08-16,0953,N20,VIIRS,n,2,316.36,59.71,N,0
51.01351,-119.58051,367,0.42,0.38,2023-08-16,0953,N20,VIIRS,h,2,336.46,64.98,N,0
51.01387,-119.61128,352.51,0.42,0.38,2023-08-16,0953,N20,VIIRS,n,2,301.65,8.65,N,0
51.01433,-119.84219,310.78,0.43,0.38,2023-08-16,0953,N20,VIIRS,n,2,287.42,1.2,N,0
51.0144,-119.5875,367,0.42,0.38,2023-08-16,0953,N20,VIIRS,h,2,341.28,112.66,N,0
51.01446,-119.56013,302.05,0.42,0.38,2023-08-16,0953,N20,VIIRS,n,2,285.5,1.54,N,0
51.01452,-119.61643,321.86,0.42,0.38,2023-08-16,0953,N20,VIIRS,n,2,290.58,8.65,N,0
51.01509,-119.84832,306.42,0.43,0.38,2023-08-16,0953,N20,VIIRS,n,2,286.79,1.21,N,0
51.01517,-119.59359,367,0.42,0.38,2023-08-16,0953,N20,VIIRS,h,2,340.68,112.66,N,0
51.01519,-119.62173,308.8,0.42,0.38,2023-08-16,0953,N20,VIIRS,n,2,285.86,2.03,N,0
51.01523,-119.56615,300.95,0.42,0.38,2023-08-16,0953,N20,VIIRS,n,2,285.08,1.54,N,0
51.01589,-119.5992,348.49,0.42,0.38,2023-08-16,0953,N20,VIIRS,n,2,318.4,44.83,N,0
51.01604,-119.57249,304.29,0.42,0.38,2023-08-16,0953,N20,VIIRS,n,2,286.53,64.98,N,0
51.01658,-119.60464,355.66,0.42,0.38,2023-08-16,0953,N20,VIIRS,n,2,308.98,44.83,N,0
51.01691,-119.57933,367,0.42,0.38,2023-08-16,0953,N20,VIIRS,h,2,322.6,64.98,N,0
51.01724,-119.60985,351.76,0.42,0.38,2023-08-16,0953,N20,VIIRS,n,2,299.39,12.08,N,0
51.01778,-119.58611,367,0.42,0.38,2023-08-16,0953,N20,VIIRS,h,2,332.12,112.66,N,0
51.0179,-119.61507,322.62,0.42,0.38,2023-08-16,0953,N20,VIIRS,n,2,290.02,12.08,N,0
51.01853,-119.59203,367,0.42,0.38,2023-08-16,0953,N20,VIIRS,h,2,342,112.66,N,0
51.01866,-119.56516,298.81,0.42,0.38,2023-08-16,0953,N20,VIIRS,n,2,285.28,1.35,N,0
51.01924,-119.5976,342.51,0.42,0.38,2023-08-16,0953,N20,VIIRS,n,2,326.74,44.83,N,0
51.01946,-119.57148,298.96,0.42,0.38,2023-08-16,0953,N20,VIIRS,n,2,285.9,0.89,N,0
51.01994,-119.60313,355.49,0.42,0.38,2023-08-16,0953,N20,VIIRS,n,2,308.77,44.83,N,0
51.02031,-119.57816,308.11,0.42,0.38,2023-08-16,0953,N20,VIIRS,n,2,289.15,0.89,N,0
51.02061,-119.60839,354.23,0.42,0.38,2023-08-16,0953,N20,VIIRS,n,2,303.97,12.08,N,0
51.02061,-119.66456,306.22,0.42,0.38,2023-08-16,0953,N20,VIIRS,n,2,293.01,24.03,N,0
51.02116,-119.58472,317.75,0.42,0.38,2023-08-16,0953,N20,VIIRS,n,2,291.58,8.01,N,0
51.02129,-119.61372,330.61,0.42,0.38,2023-08-16,0953,N20,VIIRS,n,2,288.51,12.08,N,0
51.02142,-119.67091,329.62,0.42,0.38,2023-08-16,0953,N20,VIIRS,n,2,289.39,14.44,N,0
51.02192,-119.5907,351.16,0.42,0.38,2023-08-16,0953,N20,VIIRS,n,2,303.44,8.01,N,0
51.0226,-119.59611,348.1,0.42,0.38,2023-08-16,0953,N20,VIIRS,n,2,323.8,58.3,N,0
51.02319,-119.65678,323.45,0.42,0.38,2023-08-16,0953,N20,VIIRS,n,2,286.98,13.57,N,0
51.0233,-119.60162,367,0.42,0.38,2023-08-16,0953,N20,VIIRS,h,2,345.6,58.3,N,0
51.02374,-119.5771,303.69,0.42,0.38,2023-08-16,0953,N20,VIIRS,n,2,288.43,0.89,N,0
51.02394,-119.77596,302.72,0.43,0.38,2023-08-16,0953,N20,VIIRS,n,2,286.36,0.7,N,0
51.024,-119.6071,339.23,0.42,0.38,2023-08-16,0953,N20,VIIRS,n,2,315.83,40.79,N,0
51.024,-119.66319,311.84,0.42,0.38,2023-08-16,0953,N20,VIIRS,n,2,299.01,13.57,N,0
51.02455,-119.58346,303.88,0.42,0.38,2023-08-16,0953,N20,VIIRS,n,2,289.41,8.01,N,0
51.02469,-119.61256,328.42,0.42,0.38,2023-08-16,0953,N20,VIIRS,n,2,284.23,40.79,N,0
51.02478,-119.66936,329.1,0.42,0.38,2023-08-16,0953,N20,VIIRS,n,2,288.27,12.06,N,0
51.02529,-119.58925,305.09,0.42,0.38,2023-08-16,0953,N20,VIIRS,n,2,289.03,8.01,N,0
51.02598,-119.59471,306.57,0.42,0.38,2023-08-16,0953,N20,VIIRS,n,2,286.85,58.3,N,0
51.02668,-119.60024,313.14,0.42,0.38,2023-08-16,0953,N20,VIIRS,n,2,285.84,58.3,N,0
51.02717,-119.57615,301.17,0.42,0.38,2023-08-16,0953,N20,VIIRS,n,2,288.13,1.49,N,0
51.02739,-119.60579,301.79,0.42,0.38,2023-08-16,0953,N20,VIIRS,n,2,285.26,40.79,N,0
51.02794,-119.5822,300.39,0.42,0.38,2023-08-16,0953,N20,VIIRS,n,2,288.25,0.88,N,0
51.02868,-119.58795,299.89,0.42,0.38,2023-08-16,0953,N20,VIIRS,n,2,287.51,0.88,N,0
51.03348,-119.59776,301.47,0.42,0.38,2023-08-16,0953,N20,VIIRS,n,2,284.59,1.08,N,0
51.05104,-119.76427,310.65,0.43,0.38,2023-08-16,0953,N20,VIIRS,n,2,292.28,2.32,N,0
51.05312,-119.78088,322.22,0.43,0.38,2023-08-16,0953,N20,VIIRS,n,2,290.39,2.02,N,0
51.05383,-119.75805,303.62,0.43,0.38,2023-08-16,0953,N20,VIIRS,n,2,291.33,1.12,N,0
51.06742,-119.68281,303.62,0.42,0.38,2023-08-16,0953,N20,VIIRS,n,2,290.25,1.7,N,0
51.0751,-119.68728,309.36,0.42,0.38,2023-08-16,0953,N20,VIIRS,n,2,292.44,2.31,N,0
51.0767,-119.70029,321.01,0.42,0.38,2023-08-16,0953,N20,VIIRS,n,2,293.32,4.28,N,0
51.07749,-119.7067,344.69,0.42,0.38,2023-08-16,0953,N20,VIIRS,n,2,295.44,4.28,N,3
51.07851,-119.68602,308.39,0.42,0.38,2023-08-16,0953,N20,VIIRS,n,2,292.12,2.24,N,0
51.08108,-119.67793,301.26,0.42,0.38,2023-08-16,0953,N20,VIIRS,n,2,290.26,1.21,N,0
51.08628,-119.66241,314.47,0.42,0.38,2023-08-16,0953,N20,VIIRS,n,2,288.26,1.46,N,0
51.08793,-119.67575,311.76,0.42,0.38,2023-08-16,0953,N20,VIIRS,n,2,290.9,1.54,N,0
51.0896,-118.35368,335.6,0.4,0.37,2023-08-16,0953,N20,VIIRS,n,2,295.07,2.5,N,0
51.08974,-119.66165,300.74,0.42,0.38,2023-08-16,0953,N20,VIIRS,n,2,288.61,1.57,N,0
51.09056,-119.66827,303.4,0.42,0.38,2023-08-16,0953,N20,VIIRS,n,2,289.98,0.96,N,0
51.09211,-118.34672,334.25,0.4,0.37,2023-08-16,0953,N20,VIIRS,n,2,297.01,4.25,N,0
51.09286,-118.35218,315,0.4,0.37,2023-08-16,0953,N20,VIIRS,n,2,293.77,2.5,N,0
51.09322,-119.661,317.85,0.42,0.38,2023-08-16,0953,N20,VIIRS,n,2,292.06,1.57,N,0
51.09363,-118.35773,310.14,0.4,0.37,2023-08-16,0953,N20,VIIRS,n,2,291.96,2.5,N,0
51.09464,-118.33981,328.91,0.4,0.37,2023-08-16,0953,N20,VIIRS,n,2,294.15,3.89,N,0
51.09538,-118.34518,339.65,0.4,0.37,2023-08-16,0953,N20,VIIRS,n,2,295.13,3.89,N,0
51.10067,-118.3836,301.3,0.4,0.37,2023-08-16,0953,N20,VIIRS,n,2,288.45,0.82,N,0
51.10376,-118.34587,302.17,0.4,0.37,2023-08-16,0953,N20,VIIRS,n,2,286.92,1.01,N,0
51.10637,-118.33955,300.75,0.4,0.37,2023-08-16,0953,N20,VIIRS,n,2,289.34,0.5,N,0
51.10708,-118.3447,302.23,0.4,0.37,2023-08-16,0953,N20,VIIRS,n,2,287.05,0.5,N,0
51.20821,-117.96098,312.27,0.4,0.37,2023-08-16,0953,N20,VIIRS,n,2,289.89,1.94,N,0
51.21078,-117.95465,305.83,0.4,0.37,2023-08-16,0953,N20,VIIRS,n,2,287.77,1.53,N,0
51.21154,-117.96001,324.52,0.4,0.37,2023-08-16,0953,N20,VIIRS,n,2,289.94,1.53,N,0
51.45578,-119.69955,320.13,0.43,0.38,2023-08-16,0953,N20,VIIRS,n,2,289.17,2.11,N,0
51.45832,-119.6912,310.66,0.43,0.38,2023-08-16,0953,N20,VIIRS,n,2,287.92,2.11,N,0
51.45915,-119.69785,316.86,0.43,0.38,2023-08-16,0953,N20,VIIRS,n,2,290.31,2.11,N,0
51.46003,-119.7049,333.43,0.43,0.38,2023-08-16,0953,N20,VIIRS,n,2,292.18,4.67,N,0
51.46254,-119.6963,298.03,0.43,0.38,2023-08-16,0953,N20,VIIRS,n,2,286.08,0.78,N,0
51.46339,-119.70316,329.45,0.43,0.38,2023-08-16,0953,N20,VIIRS,n,2,291.32,3.2,N,0
51.46376,-118.72482,298.02,0.41,0.37,2023-08-16,0953,N20,VIIRS,n,2,287.16,0.69,N,0
51.46593,-119.69487,303.33,0.43,0.38,2023-08-16,0953,N20,VIIRS,n,2,285.59,0.78,N,0
51.46677,-119.70158,320.86,0.43,0.38,2023-08-16,0953,N20,VIIRS,n,2,288.76,3.2,N,0
51.51114,-117.53896,334.09,0.39,0.36,2023-08-16,0953,N20,VIIRS,n,2,291.05,5.99,N,0
51.51123,-117.51548,328.4,0.39,0.36,2023-08-16,0953,N20,VIIRS,n,2,294.11,2.98,N,0
51.51199,-117.52082,322.51,0.39,0.36,2023-08-16,0953,N20,VIIRS,n,2,293.17,2.32,N,0
51.51279,-117.52637,318.92,0.39,0.36,2023-08-16,0953,N20,VIIRS,n,2,292.32,2.32,N,0
51.5136,-117.53201,321.43,0.39,0.36,2023-08-16,0953,N20,VIIRS,n,2,294.78,2.69,N,0
51.51441,-117.53767,323.89,0.39,0.36,2023-08-16,0953,N20,VIIRS,n,2,295.3,2.69,N,0
51.51451,-117.51424,328.45,0.39,0.36,2023-08-16,0953,N20,VIIRS,n,2,291.66,2.98,N,0
51.51529,-117.51969,323.99,0.39,0.36,2023-08-16,0953,N20,VIIRS,n,2,293.53,2.32,N,0
51.51608,-117.52519,309.48,0.39,0.36,2023-08-16,0953,N20,VIIRS,n,2,292.15,2.32,N,0
51.51858,-117.51852,313.98,0.39,0.36,2023-08-16,0953,N20,VIIRS,n,2,288.79,1.92,N,0
51.51938,-117.52407,329.75,0.39,0.36,2023-08-16,0953,N20,VIIRS,n,2,290.75,1.92,N,0
51.52405,-117.55675,329.58,0.39,0.36,2023-08-16,0953,N20,VIIRS,n,2,292.71,4.19,N,0
51.52483,-117.56223,308.84,0.39,0.36,2023-08-16,0953,N20,VIIRS,n,2,288.05,2.65,N,0
51.52739,-117.55585,337.34,0.39,0.36,2023-08-16,0953,N20,VIIRS,n,2,292.59,4.19,N,0
51.52816,-117.56127,326.31,0.39,0.36,2023-08-16,0953,N20,VIIRS,n,2,291.29,2.65,N,0
49.03584,-119.61296,304.43,0.41,0.37,2023-08-16,0954,N20,VIIRS,n,2,293.54,0.91,N,0
49.03658,-119.61852,317.14,0.41,0.37,2023-08-16,0954,N20,VIIRS,n,2,296.03,2.12,N,0
49.03997,-119.61774,339.46,0.41,0.37,2023-08-16,0954,N20,VIIRS,n,2,297.27,4.64,N,0
49.09999,-121.26865,334.15,0.45,0.39,2023-08-16,0954,N20,VIIRS,n,2,294.96,3.62,N,0
49.10062,-121.27399,321.34,0.45,0.39,2023-08-16,0954,N20,VIIRS,n,2,293.49,3.62,N,0
49.10128,-121.27952,318.49,0.45,0.39,2023-08-16,0954,N20,VIIRS,n,2,292.54,1.73,N,0
49.10196,-121.28527,316.57,0.45,0.39,2023-08-16,0954,N20,VIIRS,n,2,288.35,1.73,N,0
49.10293,-121.26283,350.53,0.45,0.39,2023-08-16,0954,N20,VIIRS,n,2,299.86,9.83,N,0
49.10354,-121.26794,345.27,0.45,0.39,2023-08-16,0954,N20,VIIRS,n,2,298.9,3.96,N,0
49.10418,-121.2733,332.09,0.45,0.39,2023-08-16,0954,N20,VIIRS,n,2,295.5,3.96,N,0
49.10647,-121.26206,347.65,0.45,0.39,2023-08-16,0954,N20,VIIRS,n,2,301.79,9.83,N,0
49.10708,-121.26717,332.42,0.45,0.39,2023-08-16,0954,N20,VIIRS,n,2,298.78,3.96,N,0
49.10773,-121.27261,304.57,0.45,0.39,2023-08-16,0954,N20,VIIRS,n,2,291.84,3.96,N,0
49.10951,-119.95719,302.11,0.41,0.37,2023-08-16,0954,N20,VIIRS,n,2,287.13,0.72,N,0
49.11001,-121.26127,350.47,0.45,0.39,2023-08-16,0954,N20,VIIRS,n,2,300.99,17.52,N,0
49.11063,-121.26639,324.66,0.45,0.39,2023-08-16,0954,N20,VIIRS,n,2,298.41,4.26,N,0
49.11129,-121.27199,320.25,0.45,0.39,2023-08-16,0954,N20,VIIRS,n,2,294.28,4.26,N,0
49.11287,-119.95598,326.54,0.41,0.37,2023-08-16,0954,N20,VIIRS,n,2,289.75,2.76,N,0
49.11357,-121.26064,350.45,0.45,0.39,2023-08-16,0954,N20,VIIRS,n,2,302.88,17.52,N,0
49.11363,-119.96174,310.54,0.41,0.37,2023-08-16,0954,N20,VIIRS,n,2,286.88,2.17,N,0
49.1142,-121.26588,348.74,0.45,0.39,2023-08-16,0954,N20,VIIRS,n,2,304.31,4.26,N,0
49.11438,-119.96748,332.18,0.41,0.37,2023-08-16,0954,N20,VIIRS,n,2,290.76,2.17,N,0
49.11477,-119.94363,310.32,0.41,0.37,2023-08-16,0954,N20,VIIRS,n,2,287.99,1.33,N,0
49.11488,-121.27161,325.14,0.45,0.39,2023-08-16,0954,N20,VIIRS,n,2,295.78,4.26,N,0
49.11514,-119.97321,299.72,0.41,0.37,2023-08-16,0954,N20,VIIRS,n,2,286,1.38,N,0
49.11552,-119.94933,317.85,0.41,0.37,2023-08-16,0954,N20,VIIRS,n,2,290.12,2.76,N,0
49.11589,-119.979,328.43,0.41,0.37,2023-08-16,0954,N20,VIIRS,n,2,286.06,1.38,N,0
49.11628,-119.95513,329.89,0.41,0.37,2023-08-16,0954,N20,VIIRS,n,2,290.48,2.76,N,0
49.11652,-121.25481,344.3,0.45,0.39,2023-08-16,0954,N20,VIIRS,n,2,296.09,10,N,0
49.11705,-119.96101,302.36,0.41,0.37,2023-08-16,0954,N20,VIIRS,n,2,286.97,2.17,N,0
49.11715,-121.26015,367,0.45,0.39,2023-08-16,0954,N20,VIIRS,h,2,302.17,10,N,0
49.1178,-121.26559,336.55,0.45,0.39,2023-08-16,0954,N20,VIIRS,n,2,297.38,6.03,N,0
49.11817,-119.94269,302.82,0.41,0.37,2023-08-16,0954,N20,VIIRS,n,2,287.11,1.37,N,0
49.11854,-119.97231,300.25,0.41,0.37,2023-08-16,0954,N20,VIIRS,n,2,286.42,1.38,N,0
49.11892,-119.94843,310.71,0.41,0.37,2023-08-16,0954,N20,VIIRS,n,2,290.23,1.22,N,0
49.11927,-119.97787,301.59,0.41,0.37,2023-08-16,0954,N20,VIIRS,n,2,287.79,1.38,N,0
49.11942,-119.92542,323.29,0.41,0.37,2023-08-16,0954,N20,VIIRS,n,2,288.41,2.97,N,0
49.1197,-119.95431,314.68,0.41,0.37,2023-08-16,0954,N20,VIIRS,n,2,290.7,1.22,N,0
49.12001,-119.98351,301.56,0.41,0.37,2023-08-16,0954,N20,VIIRS,n,2,286.72,0.58,N,0
49.12049,-119.9603,304.69,0.41,0.37,2023-08-16,0954,N20,VIIRS,n,2,290.32,1.29,N,0
49.12074,-121.25972,324.06,0.45,0.39,2023-08-16,0954,N20,VIIRS,n,2,292.41,10,N,0
49.12075,-119.9892,300.37,0.41,0.37,2023-08-16,0954,N20,VIIRS,n,2,288.39,0.58,N,0
49.12125,-119.96609,298.79,0.41,0.37,2023-08-16,0954,N20,VIIRS,n,2,287.36,1.29,N,0
49.12205,-119.91867,311.53,0.41,0.37,2023-08-16,0954,N20,VIIRS,n,2,289.4,2.42,N,0
49.12234,-119.94762,297.55,0.41,0.37,2023-08-16,0954,N20,VIIRS,n,2,286.01,1.22,N,0
49.1227,-119.97713,303.06,0.41,0.37,2023-08-16,0954,N20,VIIRS,n,2,287.79,1.64,N,0
49.12282,-119.9245,348.41,0.41,0.37,2023-08-16,0954,N20,VIIRS,n,2,300.42,3.53,N,0
49.12311,-119.95345,309.75,0.41,0.37,2023-08-16,0954,N20,VIIRS,n,2,287.99,1.22,N,0
49.12357,-119.93018,317.3,0.41,0.37,2023-08-16,0954,N20,VIIRS,n,2,291.96,3.53,N,0
49.12418,-119.98846,299.53,0.41,0.37,2023-08-16,0954,N20,VIIRS,n,2,288.66,0.98,N,0
49.12429,-119.93571,305.23,0.41,0.37,2023-08-16,0954,N20,VIIRS,n,2,289.6,1.07,N,0
49.12504,-119.94135,300.71,0.41,0.37,2023-08-16,0954,N20,VIIRS,n,2,289.15,1.07,N,0
49.12578,-119.94698,303.5,0.41,0.37,2023-08-16,0954,N20,VIIRS,n,2,288.57,1.11,N,0
49.12619,-119.92341,311.33,0.41,0.37,2023-08-16,0954,N20,VIIRS,n,2,291.33,3.53,N,0
49.12653,-119.95268,303.78,0.41,0.37,2023-08-16,0954,N20,VIIRS,n,2,288.26,1.11,N,0
49.12688,-119.98211,301.12,0.41,0.37,2023-08-16,0954,N20,VIIRS,n,2,287.6,0.98,N,0
49.12699,-119.92937,316.69,0.41,0.37,2023-08-16,0954,N20,VIIRS,n,2,293.01,3.53,N,0
49.12762,-119.98776,313.54,0.41,0.37,2023-08-16,0954,N20,VIIRS,n,2,290.9,0.98,N,0
49.12776,-119.93526,309.29,0.41,0.37,2023-08-16,0954,N20,VIIRS,n,2,292.71,1.07,N,0
49.12839,-119.99365,318.28,0.41,0.37,2023-08-16,0954,N20,VIIRS,n,2,290.81,2.49,N,0
49.1285,-119.94086,306.43,0.41,0.37,2023-08-16,0954,N20,VIIRS,n,2,291.68,1.07,N,0
49.12874,-119.91608,300.64,0.41,0.37,2023-08-16,0954,N20,VIIRS,n,2,287.87,0.74,N,0
49.12923,-119.94643,303.36,0.41,0.37,2023-08-16,0954,N20,VIIRS,n,2,290.38,1.11,N,0
49.13037,-119.92835,306.03,0.41,0.37,2023-08-16,0954,N20,VIIRS,n,2,291.62,1.4,N,0
49.13107,-119.98715,304.21,0.41,0.37,2023-08-16,0954,N20,VIIRS,n,2,289.88,3.96,N,0
49.13116,-119.93436,313.83,0.41,0.37,2023-08-16,0954,N20,VIIRS,n,2,294.37,1.8,N,0
49.13184,-119.99303,367,0.41,0.37,2023-08-16,0954,N20,VIIRS,h,2,333.73,70.89,N,0
49.13194,-119.9402,312.61,0.41,0.37,2023-08-16,0954,N20,VIIRS,n,2,293.88,1.8,N,0
49.13237,-119.97017,307.16,0.41,0.37,2023-08-16,0954,N20,VIIRS,n,2,292.91,2.67,N,0
49.13265,-119.99917,323.58,0.41,0.37,2023-08-16,0954,N20,VIIRS,n,2,291,70.89,N,0
49.13373,-119.92715,304.34,0.41,0.37,2023-08-16,0954,N20,VIIRS,n,2,289.29,1.4,N,0
49.13453,-119.98669,306.24,0.41,0.37,2023-08-16,0954,N20,VIIRS,n,2,291.58,3.96,N,0
49.13454,-119.93327,301.97,0.41,0.37,2023-08-16,0954,N20,VIIRS,n,2,290.83,1.8,N,0
49.1353,-119.99248,332.21,0.41,0.37,2023-08-16,0954,N20,VIIRS,n,2,327.22,70.89,N,0
49.1361,-119.99854,331.75,0.41,0.37,2023-08-16,0954,N20,VIIRS,n,2,293.5,70.89,N,0
49.13615,-119.94539,312.73,0.41,0.37,2023-08-16,0954,N20,VIIRS,n,2,294.53,4.04,N,0
49.13744,-120.03556,319.5,0.42,0.37,2023-08-16,0954,N20,VIIRS,n,2,292.83,5.5,N,0
49.13769,-119.95702,309.43,0.41,0.37,2023-08-16,0954,N20,VIIRS,n,2,294.43,2.3,N,0
49.138,-119.98614,325.93,0.41,0.37,2023-08-16,0954,N20,VIIRS,n,2,295.11,2.45,N,0
49.13845,-119.96281,312.7,0.41,0.37,2023-08-16,0954,N20,VIIRS,n,2,294.9,2.3,N,0
49.13875,-119.99187,340.21,0.41,0.37,2023-08-16,0954,N20,VIIRS,n,2,320.71,25.52,N,0
49.1388,-120.04604,303.74,0.42,0.37,2023-08-16,0954,N20,VIIRS,n,2,292.59,3.1,N,0
49.13923,-119.96868,310.78,0.41,0.37,2023-08-16,0954,N20,VIIRS,n,2,295.69,2.38,N,0
49.13949,-120.05137,311.55,0.42,0.37,2023-08-16,0954,N20,VIIRS,n,2,292.08,3.39,N,0
49.13953,-119.99778,308.43,0.41,0.37,2023-08-16,0954,N20,VIIRS,n,2,292.06,25.52,N,0
49.14,-119.97449,311.8,0.41,0.37,2023-08-16,0954,N20,VIIRS,n,2,295.43,2.38,N,0
49.1402,-120.05676,327.39,0.42,0.37,2023-08-16,0954,N20,VIIRS,n,2,293.63,3.39,N,0
49.14074,-119.9801,308.69,0.41,0.37,2023-08-16,0954,N20,VIIRS,n,2,294.78,2.45,N,0
49.14082,-120.03447,341.65,0.42,0.37,2023-08-16,0954,N20,VIIRS,n,2,298.77,5.5,N,0
49.1409,-120.0622,322.23,0.42,0.37,2023-08-16,0954,N20,VIIRS,n,2,291.93,5.22,N,0
49.14146,-119.98563,318.61,0.41,0.37,2023-08-16,0954,N20,VIIRS,n,2,294.51,2.45,N,0
49.14151,-120.03974,318.96,0.42,0.37,2023-08-16,0954,N20,VIIRS,n,2,296.02,3.1,N,0
49.14161,-120.06763,339.13,0.42,0.37,2023-08-16,0954,N20,VIIRS,n,2,294.76,5.22,N,0
49.14193,-120.01595,319.78,0.42,0.37,2023-08-16,0954,N20,VIIRS,n,2,292.75,32.3,N,0
49.14219,-119.9912,351.11,0.41,0.37,2023-08-16,0954,N20,VIIRS,n,2,297.98,25.52,N,0
49.14219,-120.04494,342.16,0.42,0.37,2023-08-16,0954,N20,VIIRS,n,2,299.52,3.1,N,0
49.14234,-120.07318,326.9,0.42,0.37,2023-08-16,0954,N20,VIIRS,n,2,289.41,6.01,N,0
49.14288,-120.05023,342.18,0.42,0.37,2023-08-16,0954,N20,VIIRS,n,2,299.7,3.39,N,0
49.14296,-119.99699,304.66,0.41,0.37,2023-08-16,0954,N20,VIIRS,n,2,292.99,25.52,N,0
49.14309,-120.0789,313.77,0.42,0.37,2023-08-16,0954,N20,VIIRS,n,2,288.96,6.01,N,0
49.14349,-120.02787,332.55,0.42,0.37,2023-08-16,0954,N20,VIIRS,n,2,296.4,3.06,N,0
49.14357,-120.05557,335.02,0.42,0.37,2023-08-16,0954,N20,VIIRS,n,2,298.54,3.39,N,0
49.14421,-120.03332,335.57,0.42,0.37,2023-08-16,0954,N20,VIIRS,n,2,296.06,3.06,N,0
49.14427,-120.06094,347.1,0.42,0.37,2023-08-16,0954,N20,VIIRS,n,2,304.32,5.22,N,0
49.14456,-120.00916,336.6,0.42,0.37,2023-08-16,0954,N20,VIIRS,n,2,309.77,31.5,N,0
49.14489,-120.0386,315.75,0.42,0.37,2023-08-16,0954,N20,VIIRS,n,2,295.46,2.04,N,0
49.14497,-120.06631,345.01,0.42,0.37,2023-08-16,0954,N20,VIIRS,n,2,305.23,5.22,N,0
49.14538,-120.01532,367,0.42,0.37,2023-08-16,0954,N20,VIIRS,h,2,330.8,32.3,N,0
49.14558,-120.04385,323.19,0.42,0.37,2023-08-16,0954,N20,VIIRS,n,2,297.55,2.04,N,0
49.14569,-120.0718,346.63,0.42,0.37,2023-08-16,0954,N20,VIIRS,n,2,304.59,6.01,N,0
49.14616,-120.02126,334.94,0.42,0.37,2023-08-16,0954,N20,VIIRS,n,2,295.48,32.3,N,0
49.14626,-120.0491,319.85,0.42,0.37,2023-08-16,0954,N20,VIIRS,n,2,295.89,2.7,N,0
49.14642,-120.07743,350.47,0.42,0.37,2023-08-16,0954,N20,VIIRS,n,2,303.16,6.01,N,0
49.14689,-120.02682,316.45,0.42,0.37,2023-08-16,0954,N20,VIIRS,n,2,295.55,3.06,N,0
49.14695,-120.05441,331.95,0.42,0.37,2023-08-16,0954,N20,VIIRS,n,2,300.2,2.7,N,0
49.14717,-120.08318,347.28,0.42,0.37,2023-08-16,0954,N20,VIIRS,n,2,293.95,6.82,N,0
49.14758,-120.03212,312.64,0.42,0.37,2023-08-16,0954,N20,VIIRS,n,2,293.29,3.06,N,0
49.14765,-120.05974,336.88,0.42,0.37,2023-08-16,0954,N20,VIIRS,n,2,301.98,3.19,N,0
49.14826,-120.03735,315,0.42,0.37,2023-08-16,0954,N20,VIIRS,n,2,295.16,2.04,N,0
49.14835,-120.06514,321.26,0.42,0.37,2023-08-16,0954,N20,VIIRS,n,2,295.68,3.19,N,0
49.14894,-120.04261,321.24,0.42,0.37,2023-08-16,0954,N20,VIIRS,n,2,296.49,2.04,N,0
49.14906,-120.07056,304.73,0.42,0.37,2023-08-16,0954,N20,VIIRS,n,2,291.64,1.58,N,0
49.14964,-120.0479,325.94,0.42,0.37,2023-08-16,0954,N20,VIIRS,n,2,297.04,2.7,N,0
49.15033,-120.05324,319.1,0.42,0.37,2023-08-16,0954,N20,VIIRS,n,2,295.48,2.7,N,0
49.15051,-120.08173,326.62,0.42,0.37,2023-08-16,0954,N20,VIIRS,n,2,290.27,1.44,N,0
49.15103,-120.05862,334.32,0.42,0.37,2023-08-16,0954,N20,VIIRS,n,2,298.46,3.19,N,0
49.15173,-120.06402,315.35,0.42,0.37,2023-08-16,0954,N20,VIIRS,n,2,293,3.19,N,0
49.15244,-120.06941,316.29,0.42,0.37,2023-08-16,0954,N20,VIIRS,n,2,293.32,1.58,N,0
49.15314,-120.07485,315.49,0.42,0.37,2023-08-16,0954,N20,VIIRS,n,2,294.12,1.58,N,0
49.15387,-120.08039,304.26,0.42,0.37,2023-08-16,0954,N20,VIIRS,n,2,289.48,1.44,N,0
49.17664,-121.39316,304.52,0.45,0.39,2023-08-16,0954,N20,VIIRS,n,2,291.52,2.77,N,0
49.17955,-121.38692,325.07,0.45,0.39,2023-08-16,0954,N20,VIIRS,n,2,296.9,2.77,N,0
49.18015,-121.39195,329.52,0.45,0.39,2023-08-16,0954,N20,VIIRS,n,2,296.21,2.77,N,0
49.18079,-121.39739,315.24,0.45,0.39,2023-08-16,0954,N20,VIIRS,n,2,290.54,1.47,N,0
49.1831,-121.38599,334.83,0.45,0.39,2023-08-16,0954,N20,VIIRS,n,2,299.15,4.07,N,0
49.18371,-121.39117,338.82,0.45,0.39,2023-08-16,0954,N20,VIIRS,n,2,298.18,4.07,N,0
49.18665,-121.38509,337.16,0.45,0.39,2023-08-16,0954,N20,VIIRS,n,2,299.51,4.07,N,0
49.18727,-121.39036,309.3,0.45,0.39,2023-08-16,0954,N20,VIIRS,n,2,292.14,4.07,N,0
49.19023,-121.38445,302.83,0.45,0.39,2023-08-16,0954,N20,VIIRS,n,2,291.68,1.48,N,0
49.19441,-121.38895,314.98,0.45,0.39,2023-08-16,0954,N20,VIIRS,n,2,293.85,1.48,N,0
49.19503,-121.39421,322.11,0.45,0.39,2023-08-16,0954,N20,VIIRS,n,2,293,2.45,N,0
49.20423,-121.39323,309.48,0.45,0.39,2023-08-16,0954,N20,VIIRS,n,2,293.16,2.92,N,0
49.20595,-121.39366,324.08,0.45,0.39,2023-08-16,0954,N20,VIIRS,n,2,294.14,2.96,N,0
49.2079,-121.39351,336.3,0.45,0.39,2023-08-16,0954,N20,VIIRS,n,2,294.37,2.92,N,0
49.20966,-121.394,324.58,0.45,0.39,2023-08-16,0954,N20,VIIRS,n,2,292.53,2.96,N,0
51.52598,-117.54973,306.63,0.75,0.77,2023-08-16,1132,N20,VIIRS,n,2,287.73,2.97,N,0
51.53062,-117.56098,305.13,0.75,0.77,2023-08-16,1132,N20,VIIRS,n,2,286.1,2.97,N,0
49.1129,-119.96442,305.95,0.76,0.77,2023-08-16,1133,N20,VIIRS,n,2,285.2,3.21,N,0
49.11578,-119.97181,298.8,0.76,0.77,2023-08-16,1133,N20,VIIRS,n,2,284.23,3.06,N,0
49.11584,-119.95071,305.35,0.77,0.77,2023-08-16,1133,N20,VIIRS,n,2,285.55,3.21,N,0
49.11829,-119.957,311.76,0.76,0.77,2023-08-16,1133,N20,VIIRS,n,2,285.56,3.21,N,0
49.11914,-119.98044,303.45,0.76,0.77,2023-08-16,1133,N20,VIIRS,n,2,284.63,3.06,N,0
49.12252,-119.9308,311.9,0.77,0.77,2023-08-16,1133,N20,VIIRS,n,2,286.39,6.11,N,0
49.12254,-119.92531,305.13,0.77,0.77,2023-08-16,1133,N20,VIIRS,n,2,286.02,3.34,N,0
49.12542,-119.9327,309.34,0.77,0.77,2023-08-16,1133,N20,VIIRS,n,2,286.38,7.64,N,0
49.12945,-119.9856,302.81,0.76,0.77,2023-08-16,1133,N20,VIIRS,n,2,286.54,12.38,N,0
49.13181,-119.99165,355.32,0.76,0.77,2023-08-16,1133,N20,VIIRS,n,2,293.79,34.93,N,0
49.13381,-119.99678,367,0.76,0.77,2023-08-16,1133,N20,VIIRS,h,2,292.59,34.93,N,0
49.13561,-120.0014,329.6,0.76,0.77,2023-08-16,1133,N20,VIIRS,n,2,288.48,22.63,N,0
49.13564,-119.98019,309.15,0.76,0.77,2023-08-16,1133,N20,VIIRS,n,2,287.88,36.65,N,0
49.13871,-119.98809,346.74,0.76,0.77,2023-08-16,1133,N20,VIIRS,n,2,297.1,36.65,N,0
49.14032,-120.07717,334.7,0.75,0.77,2023-08-16,1133,N20,VIIRS,n,2,288.13,7.46,N,0
49.14127,-119.99465,367,0.76,0.77,2023-08-16,1133,N20,VIIRS,h,2,291.96,18.51,N,0
49.14177,-120.01717,353.05,0.76,0.77,2023-08-16,1133,N20,VIIRS,n,2,290.87,19.86,N,0
49.14265,-119.98181,313.04,0.76,0.77,2023-08-16,1133,N20,VIIRS,n,2,289.49,5.48,N,0
49.14346,-120.00027,306.37,0.76,0.77,2023-08-16,1133,N20,VIIRS,n,2,289.06,18.51,N,0
49.14375,-120.02225,328.45,0.76,0.77,2023-08-16,1133,N20,VIIRS,n,2,289.57,15.63,N,0
49.14456,-120.06684,306.97,0.75,0.77,2023-08-16,1133,N20,VIIRS,n,2,289.68,7.46,N,0
49.14481,-120.08871,299.74,0.75,0.77,2023-08-16,1133,N20,VIIRS,n,2,286.88,5.58,N,0
49.14534,-119.98382,306.69,0.76,0.77,2023-08-16,1133,N20,VIIRS,n,2,289.28,18.51,N,0
49.14544,-120.00536,341.61,0.76,0.77,2023-08-16,1133,N20,VIIRS,n,2,291.64,13.77,N,0
49.14583,-119.96384,303.45,0.76,0.77,2023-08-16,1133,N20,VIIRS,n,2,288.4,7.16,N,0
49.14589,-119.99001,316.92,0.76,0.77,2023-08-16,1133,N20,VIIRS,n,2,288.58,5.48,N,0
49.14734,-120.01025,367,0.76,0.77,2023-08-16,1133,N20,VIIRS,h,2,296.28,13.77,N,0
49.14848,-119.99659,310.72,0.76,0.77,2023-08-16,1133,N20,VIIRS,n,2,288.97,6.61,N,0
49.14851,-119.99198,309.04,0.76,0.77,2023-08-16,1133,N20,VIIRS,n,2,288.56,18.51,N,0
49.14945,-120.07944,337.81,0.75,0.77,2023-08-16,1133,N20,VIIRS,n,2,290.25,7.46,N,0
49.14946,-120.01569,346.61,0.76,0.77,2023-08-16,1133,N20,VIIRS,n,2,293.88,14.87,N,0
49.15062,-120.00198,329.63,0.76,0.77,2023-08-16,1133,N20,VIIRS,n,2,289.82,6.61,N,0
49.15087,-119.99805,311.41,0.76,0.77,2023-08-16,1133,N20,VIIRS,n,2,289.28,13.77,N,0
49.15125,-120.06284,304.02,0.75,0.77,2023-08-16,1133,N20,VIIRS,n,2,289.38,2.82,N,0
49.1518,-119.89388,304.27,0.77,0.77,2023-08-16,1133,N20,VIIRS,n,2,285.18,4.74,N,0
49.15268,-119.87474,307.89,0.77,0.77,2023-08-16,1133,N20,VIIRS,n,2,287.05,5.93,N,0
49.15298,-120.00346,302.67,0.76,0.77,2023-08-16,1133,N20,VIIRS,n,2,289.23,13.77,N,0
49.1531,-119.88168,320.5,0.77,0.77,2023-08-16,1133,N20,VIIRS,n,2,287.61,5.25,N,0
49.15571,-120.09556,313.14,0.75,0.77,2023-08-16,1133,N20,VIIRS,n,2,286.19,5.58,N,0
49.15575,-119.90957,302.45,0.77,0.77,2023-08-16,1133,N20,VIIRS,n,2,284.82,3.24,N,0
49.15631,-119.99075,304.25,0.76,0.77,2023-08-16,1133,N20,VIIRS,n,2,289.62,2.15,N,0
49.15673,-119.88522,303.07,0.77,0.77,2023-08-16,1133,N20,VIIRS,n,2,286.17,4.74,N,0
49.1575,-120.07893,304.52,0.75,0.77,2023-08-16,1133,N20,VIIRS,n,2,287.26,2.82,N,0
49.15827,-120.00036,304.33,0.76,0.77,2023-08-16,1133,N20,VIIRS,n,2,289.45,5.47,N,0
49.15845,-119.86821,306.86,0.77,0.77,2023-08-16,1133,N20,VIIRS,n,2,286.39,4.67,N,0
49.15871,-119.99693,305.53,0.76,0.77,2023-08-16,1133,N20,VIIRS,n,2,289.71,2.15,N,0
49.15881,-119.87504,305.66,0.77,0.77,2023-08-16,1133,N20,VIIRS,n,2,286.59,5.25,N,0
49.15907,-119.91264,308.1,0.77,0.77,2023-08-16,1133,N20,VIIRS,n,2,283.94,7.29,N,0
49.16011,-119.89948,304.03,0.77,0.77,2023-08-16,1133,N20,VIIRS,n,2,286.28,3.12,N,0
49.16209,-120.04826,318.47,0.75,0.77,2023-08-16,1133,N20,VIIRS,n,2,288.04,14.87,N,0
49.16232,-119.8782,306.12,0.77,0.77,2023-08-16,1133,N20,VIIRS,n,2,286.53,7.82,N,0
49.16298,-119.99126,305,0.76,0.77,2023-08-16,1133,N20,VIIRS,n,2,289.31,5.81,N,0
49.16376,-119.98866,304.02,0.76,0.77,2023-08-16,1133,N20,VIIRS,n,2,288.63,2.15,N,0
49.16471,-119.99563,302.98,0.76,0.77,2023-08-16,1133,N20,VIIRS,n,2,289,5.72,N,0
49.16539,-119.99284,303.89,0.76,0.77,2023-08-16,1133,N20,VIIRS,n,2,289.11,2.15,N,0
49.16727,-119.87537,303.62,0.77,0.77,2023-08-16,1133,N20,VIIRS,n,2,286.78,2.61,N,0
49.16887,-119.94292,301.73,0.76,0.77,2023-08-16,1133,N20,VIIRS,n,2,284.06,2.8,N,0
49.16934,-119.90181,301.86,0.76,0.77,2023-08-16,1133,N20,VIIRS,n,2,285.75,3.12,N,0
49.17101,-119.92206,308.37,0.76,0.77,2023-08-16,1133,N20,VIIRS,n,2,285.77,7.63,N,0
49.17162,-119.92878,303.02,0.76,0.77,2023-08-16,1133,N20,VIIRS,n,2,284.18,3.43,N,0
49.17215,-119.88779,302.98,0.76,0.77,2023-08-16,1133,N20,VIIRS,n,2,287.74,3.42,N,0
49.17491,-119.88927,313.89,0.76,0.77,2023-08-16,1133,N20,VIIRS,n,2,288.37,11.08,N,0
49.17553,-119.8964,313.73,0.76,0.77,2023-08-16,1133,N20,VIIRS,n,2,287.89,2.39,N,0
49.17571,-120.00254,302.38,0.75,0.77,2023-08-16,1133,N20,VIIRS,n,2,289.03,3.47,N,0
49.17618,-119.96152,300.98,0.76,0.77,2023-08-16,1133,N20,VIIRS,n,2,286.59,3.85,N,0
49.17621,-119.91933,305.98,0.76,0.77,2023-08-16,1133,N20,VIIRS,n,2,287.27,3.43,N,0
49.17868,-119.89902,308.29,0.76,0.77,2023-08-16,1133,N20,VIIRS,n,2,287.27,4.81,N,0
49.17912,-119.92165,310.01,0.76,0.77,2023-08-16,1133,N20,VIIRS,n,2,287.64,4.81,N,0
49.17923,-119.92702,312.45,0.76,0.77,2023-08-16,1133,N20,VIIRS,n,2,288.09,4.31,N,0
49.17944,-119.88518,300.82,0.76,0.77,2023-08-16,1133,N20,VIIRS,n,2,287.26,2.39,N,0
49.18134,-119.91121,305.23,0.76,0.77,2023-08-16,1133,N20,VIIRS,n,2,287.31,2.39,N,0
49.18179,-120.03523,301.47,0.75,0.77,2023-08-16,1133,N20,VIIRS,n,2,287.98,2.31,N,0
49.18203,-119.92913,314.6,0.76,0.77,2023-08-16,1133,N20,VIIRS,n,2,287.83,10.63,N,0
49.18257,-119.93552,311.61,0.76,0.77,2023-08-16,1133,N20,VIIRS,n,2,287.5,4.31,N,0
49.1827,-119.99922,305.55,0.75,0.77,2023-08-16,1133,N20,VIIRS,n,2,290.22,2.35,N,0
49.18341,-119.99668,305.15,0.75,0.77,2023-08-16,1133,N20,VIIRS,n,2,290.77,8.86,N,0
49.18406,-119.91299,310.33,0.76,0.77,2023-08-16,1133,N20,VIIRS,n,2,287.42,4.81,N,0
49.18458,-119.91949,311.23,0.76,0.77,2023-08-16,1133,N20,VIIRS,n,2,287.15,2.29,N,0
49.18472,-119.98327,302.4,0.76,0.77,2023-08-16,1133,N20,VIIRS,n,2,288.6,5.78,N,0
49.18544,-120.00193,304.51,0.75,0.77,2023-08-16,1133,N20,VIIRS,n,2,289.76,2.34,N,0
49.18545,-119.964,300.68,0.76,0.77,2023-08-16,1133,N20,VIIRS,n,2,286.14,2.25,N,0
49.18634,-119.94514,301.37,0.76,0.77,2023-08-16,1133,N20,VIIRS,n,2,285.74,4.58,N,0
49.18658,-119.98804,304.34,0.76,0.77,2023-08-16,1133,N20,VIIRS,n,2,289.31,3.85,N,0
49.18707,-120.04888,303.01,0.75,0.77,2023-08-16,1133,N20,VIIRS,n,2,288.11,2.31,N,0
49.18791,-120.02974,301.91,0.75,0.77,2023-08-16,1133,N20,VIIRS,n,2,288.58,2.34,N,0
49.18824,-119.99224,307.62,0.75,0.77,2023-08-16,1133,N20,VIIRS,n,2,289.66,3.85,N,0
49.18888,-119.98952,307.68,0.76,0.77,2023-08-16,1133,N20,VIIRS,n,2,289.32,4.25,N,0
49.18928,-120.03708,305.5,0.75,0.77,2023-08-16,1133,N20,VIIRS,n,2,289.3,3.47,N,0
49.18982,-119.99626,306.56,0.75,0.77,2023-08-16,1133,N20,VIIRS,n,2,290.13,2.35,N,0
49.19039,-119.99342,306.67,0.75,0.77,2023-08-16,1133,N20,VIIRS,n,2,289.75,4.25,N,0
49.1907,-119.95625,307.22,0.76,0.77,2023-08-16,1133,N20,VIIRS,n,2,286.87,2.25,N,0
49.1917,-119.97993,301.81,0.76,0.77,2023-08-16,1133,N20,VIIRS,n,2,287.83,5.09,N,0
49.19171,-120.00108,304.06,0.75,0.77,2023-08-16,1133,N20,VIIRS,n,2,290.16,2.35,N,0
49.19172,-120.02222,303.47,0.75,0.77,2023-08-16,1133,N20,VIIRS,n,2,289.32,2.35,N,0
49.19205,-119.9977,305.82,0.75,0.77,2023-08-16,1133,N20,VIIRS,n,2,290.13,8.88,N,0
49.19216,-120.04074,306.76,0.75,0.77,2023-08-16,1133,N20,VIIRS,n,2,288.33,2.34,N,0
49.19272,-119.9614,308.35,0.76,0.77,2023-08-16,1133,N20,VIIRS,n,2,287.03,2.25,N,0
49.19283,-119.95707,307.64,0.76,0.77,2023-08-16,1133,N20,VIIRS,n,2,287.01,5.28,N,0
49.19307,-120.04676,300.15,0.75,0.77,2023-08-16,1133,N20,VIIRS,n,2,287.6,4.41,N,0
49.19315,-119.98365,304.73,0.76,0.77,2023-08-16,1133,N20,VIIRS,n,2,288.75,5.7,N,0
49.19452,-119.98714,308.21,0.75,0.77,2023-08-16,1133,N20,VIIRS,n,2,289.31,5.7,N,0
49.19522,-119.98458,308.27,0.76,0.77,2023-08-16,1133,N20,VIIRS,n,2,288.86,4.25,N,0
49.19555,-120.00672,305.9,0.75,0.77,2023-08-16,1133,N20,VIIRS,n,2,289.04,8.88,N,0
49.19566,-120.02846,304.18,0.75,0.77,2023-08-16,1133,N20,VIIRS,n,2,288.8,2.34,N,0
49.19587,-119.99056,315.73,0.75,0.77,2023-08-16,1133,N20,VIIRS,n,2,290.39,11.05,N,0
49.19655,-119.98801,314.69,0.75,0.77,2023-08-16,1133,N20,VIIRS,n,2,290.17,4.25,N,0
49.19714,-120.03604,304.56,0.75,0.77,2023-08-16,1133,N20,VIIRS,n,2,288.31,4.23,N,0
49.19731,-119.99426,323.09,0.75,0.77,2023-08-16,1133,N20,VIIRS,n,2,289.52,11.05,N,0
49.19797,-119.99163,329.94,0.75,0.77,2023-08-16,1133,N20,VIIRS,n,2,291.01,8.88,N,0
49.19926,-119.97808,319,0.76,0.77,2023-08-16,1133,N20,VIIRS,n,2,289.62,5.7,N,0
49.20002,-119.99693,322.35,0.75,0.77,2023-08-16,1133,N20,VIIRS,n,2,289.88,8.88,N,0
49.20052,-119.9813,328.49,0.75,0.77,2023-08-16,1133,N20,VIIRS,n,2,290.97,5.7,N,0
49.20114,-119.97855,326.43,0.76,0.77,2023-08-16,1133,N20,VIIRS,n,2,290.15,14.41,N,0
49.20133,-120.04316,302.84,0.75,0.77,2023-08-16,1133,N20,VIIRS,n,2,288.27,7.53,N,0
49.20148,-120.02602,306.77,0.75,0.77,2023-08-16,1133,N20,VIIRS,n,2,288.76,4.23,N,0
49.20175,-119.98443,367,0.75,0.77,2023-08-16,1133,N20,VIIRS,h,2,294.92,11.05,N,0
49.20241,-119.9818,341.72,0.75,0.77,2023-08-16,1133,N20,VIIRS,n,2,291.99,14.41,N,0
49.203,-120.05099,306.53,0.75,0.77,2023-08-16,1133,N20,VIIRS,n,2,288.71,4.23,N,0
49.20325,-119.98828,325.68,0.75,0.77,2023-08-16,1133,N20,VIIRS,n,2,290.52,11.05,N,0
49.20373,-119.98518,347.74,0.75,0.77,2023-08-16,1133,N20,VIIRS,n,2,290.8,19.45,N,0
49.20536,-119.99367,321.58,0.75,0.77,2023-08-16,1133,N20,VIIRS,n,2,290.9,19.28,N,0
49.20552,-119.98981,309.24,0.75,0.77,2023-08-16,1133,N20,VIIRS,n,2,289.86,19.45,N,0
49.20618,-120.01688,335.12,0.75,0.77,2023-08-16,1133,N20,VIIRS,n,2,290.18,19.28,N,0
49.2069,-121.39841,301.56,0.66,0.73,2023-08-16,1133,N20,VIIRS,n,2,288.24,1.59,N,0
49.207,-120.03651,323.61,0.75,0.77,2023-08-16,1133,N20,VIIRS,n,2,288.93,17.28,N,0
49.20708,-120.05807,343.84,0.75,0.77,2023-08-16,1133,N20,VIIRS,n,2,290.28,7.53,N,0
49.20765,-121.39083,299.09,0.66,0.73,2023-08-16,1133,N20,VIIRS,n,2,288.22,1.34,N,0
49.20804,-120.06388,339.67,0.75,0.77,2023-08-16,1133,N20,VIIRS,n,2,287.47,6.27,N,0
49.20978,-120.04723,323.93,0.75,0.77,2023-08-16,1133,N20,VIIRS,n,2,288.97,4.23,N,0
49.20978,-121.39658,299.44,0.66,0.73,2023-08-16,1133,N20,VIIRS,n,2,287.89,1.26,N,0
49.21114,-119.98728,321.68,0.75,0.77,2023-08-16,1133,N20,VIIRS,n,2,290.78,17.69,N,0
49.21196,-120.02799,353.05,0.75,0.77,2023-08-16,1133,N20,VIIRS,n,2,294.02,17.28,N,0
49.21347,-120.05332,312.98,0.75,0.77,2023-08-16,1133,N20,VIIRS,n,2,286.49,17.28,N,0
49.21393,-120.05783,302.4,0.75,0.77,2023-08-16,1133,N20,VIIRS,n,2,287.09,6.27,N,0
49.21407,-119.99058,367,0.75,0.77,2023-08-16,1133,N20,VIIRS,h,2,293.35,15.25,N,0
49.21542,-120.04053,367,0.75,0.77,2023-08-16,1133,N20,VIIRS,h,2,292.43,19.28,N,0
49.21616,-120.0175,367,0.75,0.77,2023-08-16,1133,N20,VIIRS,h,2,291.41,15.25,N,0
49.2185,-120.045,337.6,0.75,0.77,2023-08-16,1133,N20,VIIRS,n,2,287.55,17.28,N,0
49.21926,-120.02921,320.49,0.75,0.77,2023-08-16,1133,N20,VIIRS,n,2,288.62,19.28,N,0
49.22263,-120.01671,367,0.75,0.77,2023-08-16,1133,N20,VIIRS,h,2,291.31,17.69,N,0
49.22626,-120.02239,301.95,0.75,0.77,2023-08-16,1133,N20,VIIRS,n,2,287.57,15.25,N,0
50.39562,-120.4111,305.45,0.65,0.73,2023-08-16,1133,N20,VIIRS,n,2,285.63,8.18,N,0
50.39847,-120.41866,320.06,0.65,0.73,2023-08-16,1133,N20,VIIRS,n,2,287,8.18,N,0
50.40259,-120.42962,346.99,0.65,0.73,2023-08-16,1133,N20,VIIRS,n,2,288.52,79.16,N,0
50.40448,-120.41384,303.32,0.65,0.73,2023-08-16,1133,N20,VIIRS,n,2,286.39,3.62,N,0
50.40707,-120.44151,345.21,0.65,0.73,2023-08-16,1133,N20,VIIRS,n,2,299.87,79.16,N,0
50.40762,-120.42218,317.01,0.65,0.73,2023-08-16,1133,N20,VIIRS,n,2,286.47,18.01,N,0
50.41082,-120.45149,322.93,0.65,0.73,2023-08-16,1133,N20,VIIRS,n,2,285.82,56.72,N,0
50.4119,-120.43357,349.81,0.65,0.73,2023-08-16,1133,N20,VIIRS,n,2,290.23,18.01,N,0
50.41618,-120.44496,346.62,0.65,0.73,2023-08-16,1133,N20,VIIRS,n,2,297.06,32.68,N,0
50.41966,-120.45421,367,0.65,0.73,2023-08-16,1133,N20,VIIRS,h,2,288.58,32.68,N,0
50.42126,-120.43771,312.42,0.65,0.73,2023-08-16,1133,N20,VIIRS,n,2,287.7,32.68,N,0
50.42337,-120.46409,309.32,0.65,0.73,2023-08-16,1133,N20,VIIRS,n,2,286.47,31.06,N,0
50.42529,-120.44843,354.05,0.65,0.73,2023-08-16,1133,N20,VIIRS,n,2,288.62,32.68,N,0
50.42692,-120.47353,309.49,0.65,0.73,2023-08-16,1133,N20,VIIRS,n,2,285.68,31.06,N,0
50.42897,-120.45824,310.07,0.65,0.73,2023-08-16,1133,N20,VIIRS,n,2,286.23,31.06,N,0
50.43032,-120.4826,328.27,0.65,0.73,2023-08-16,1133,N20,VIIRS,n,2,284.66,87.68,N,0
50.43284,-120.46855,344.16,0.65,0.73,2023-08-16,1133,N20,VIIRS,n,2,289.68,31.06,N,0
50.43629,-120.47774,338.34,0.65,0.73,2023-08-16,1133,N20,VIIRS,n,2,314.72,87.68,N,0
50.43932,-120.47019,312.8,0.65,0.73,2023-08-16,1133,N20,VIIRS,n,2,285.69,4.83,N,0
50.43941,-120.48605,332.38,0.65,0.73,2023-08-16,1133,N20,VIIRS,n,2,284.94,87.68,N,0
50.44217,-120.47264,322.68,0.65,0.73,2023-08-16,1133,N20,VIIRS,n,2,287.13,3.23,N,0
50.44231,-120.47807,353.54,0.65,0.73,2023-08-16,1133,N20,VIIRS,n,2,288.36,4.83,N,0
50.44496,-120.48007,325.35,0.65,0.73,2023-08-16,1133,N20,VIIRS,n,2,285.11,3.23,N,0
50.44529,-120.46535,300.31,0.65,0.73,2023-08-16,1133,N20,VIIRS,n,2,284.56,4.83,N,0
50.44805,-120.46754,309.26,0.65,0.73,2023-08-16,1133,N20,VIIRS,n,2,285.02,3.23,N,0
50.44818,-120.47295,310.28,0.65,0.73,2023-08-16,1133,N20,VIIRS,n,2,285.58,4.83,N,0
50.4507,-120.45901,303.91,0.65,0.73,2023-08-16,1133,N20,VIIRS,n,2,284.93,1.07,N,0
50.45078,-120.47482,297.15,0.65,0.73,2023-08-16,1133,N20,VIIRS,n,2,284.83,3.23,N,0
50.45349,-120.46126,298.94,0.65,0.73,2023-08-16,1133,N20,VIIRS,n,2,284.56,1.14,N,0
50.45388,-120.46737,301.57,0.65,0.73,2023-08-16,1133,N20,VIIRS,n,2,285.02,1.07,N,0
50.93359,-119.53889,303.69,0.67,0.74,2023-08-16,1133,N20,VIIRS,n,2,288.2,3.06,N,0
50.93712,-119.52731,307.53,0.67,0.74,2023-08-16,1133,N20,VIIRS,n,2,287.16,3.06,N,0
50.93779,-119.54983,308.1,0.67,0.74,2023-08-16,1133,N20,VIIRS,n,2,287.36,16.72,N,0
50.93847,-119.57233,301.02,0.67,0.74,2023-08-16,1133,N20,VIIRS,n,2,287.1,1.71,N,0
50.94026,-119.53548,316.53,0.67,0.74,2023-08-16,1133,N20,VIIRS,n,2,287.62,3.06,N,0
50.9413,-119.52849,308.88,0.67,0.74,2023-08-16,1133,N20,VIIRS,n,2,287.63,4.46,N,0
50.94152,-119.55956,316.35,0.67,0.74,2023-08-16,1133,N20,VIIRS,n,2,287.09,16.72,N,0
50.94167,-119.5807,302.7,0.67,0.74,2023-08-16,1133,N20,VIIRS,n,2,287.12,1.71,N,0
50.9443,-119.52524,305.85,0.67,0.74,2023-08-16,1133,N20,VIIRS,n,2,287.17,7.57,N,0
50.94431,-119.54606,331.94,0.67,0.74,2023-08-16,1133,N20,VIIRS,n,2,287.65,16.72,N,0
50.94437,-119.53637,319.47,0.67,0.74,2023-08-16,1133,N20,VIIRS,n,2,287.97,19.01,N,0
50.9444,-119.60851,305.48,0.67,0.73,2023-08-16,1133,N20,VIIRS,n,2,288.16,7.13,N,0
50.94489,-119.56832,319.02,0.67,0.74,2023-08-16,1133,N20,VIIRS,n,2,286.94,60.97,N,0
50.94491,-119.58911,308.03,0.67,0.73,2023-08-16,1133,N20,VIIRS,n,2,287.34,11.56,N,0
50.94564,-119.51909,301.76,0.67,0.74,2023-08-16,1133,N20,VIIRS,n,2,287.13,4.46,N,0
50.94689,-119.61497,342.42,0.67,0.73,2023-08-16,1133,N20,VIIRS,n,2,291.18,7.13,N,0
50.94698,-119.53223,315.28,0.67,0.74,2023-08-16,1133,N20,VIIRS,n,2,287.4,7.57,N,0
50.94797,-119.59708,367,0.67,0.73,2023-08-16,1133,N20,VIIRS,h,2,290.5,11.56,N,0
50.94833,-119.52599,308.03,0.67,0.74,2023-08-16,1133,N20,VIIRS,n,2,287.7,4.46,N,0
50.94846,-119.57762,319.18,0.67,0.74,2023-08-16,1133,N20,VIIRS,n,2,287.27,60.97,N,0
50.94851,-119.55701,355.14,0.67,0.74,2023-08-16,1133,N20,VIIRS,n,2,288.44,16.72,N,0
50.94907,-119.54846,339.92,0.67,0.74,2023-08-16,1133,N20,VIIRS,n,2,287.58,19.01,N,0
50.94968,-119.62224,351.59,0.67,0.73,2023-08-16,1133,N20,VIIRS,n,2,292.08,11.01,N,0
50.95066,-119.60409,326.2,0.67,0.73,2023-08-16,1133,N20,VIIRS,n,2,289.43,7.13,N,0
50.95098,-119.54267,335.72,0.67,0.74,2023-08-16,1133,N20,VIIRS,n,2,287.17,70.01,N,0
50.95106,-119.53301,326.09,0.67,0.74,2023-08-16,1133,N20,VIIRS,n,2,287.68,19.01,N,0
50.95116,-119.52237,309.25,0.67,0.74,2023-08-16,1133,N20,VIIRS,n,2,287.62,7.57,N,0
50.95207,-119.58705,341.84,0.67,0.73,2023-08-16,1133,N20,VIIRS,n,2,290.91,18.6,N,0
50.95221,-119.56664,339.69,0.67,0.74,2023-08-16,1133,N20,VIIRS,n,2,298.13,60.97,N,0
50.95268,-119.51659,303.43,0.67,0.74,2023-08-16,1133,N20,VIIRS,n,2,286.85,5.42,N,0
50.95291,-119.60995,304.89,0.67,0.73,2023-08-16,1133,N20,VIIRS,n,2,288.32,7.13,N,0
50.95341,-119.55959,355.14,0.67,0.74,2023-08-16,1133,N20,VIIRS,n,2,289.54,91.03,N,0
50.95379,-119.63297,313.68,0.66,0.73,2023-08-16,1133,N20,VIIRS,n,2,287.15,11.01,N,0
50.95383,-119.5293,328.81,0.67,0.74,2023-08-16,1133,N20,VIIRS,n,2,287.9,7.57,N,0
50.95485,-119.59431,349.87,0.67,0.73,2023-08-16,1133,N20,VIIRS,n,2,291.26,18.6,N,0
50.95539,-119.52358,317.76,0.67,0.74,2023-08-16,1133,N20,VIIRS,n,2,287.96,5.42,N,0
50.95571,-119.51344,303.38,0.67,0.74,2023-08-16,1133,N20,VIIRS,n,2,286.51,2.92,N,0
50.9558,-119.57601,367,0.67,0.74,2023-08-16,1133,N20,VIIRS,h,2,294.71,60.97,N,0
50.95615,-119.55619,367,0.67,0.74,2023-08-16,1133,N20,VIIRS,h,2,288.41,70.01,N,0
50.95646,-119.54688,346.97,0.67,0.74,2023-08-16,1133,N20,VIIRS,n,2,286.88,19.01,N,0
50.95692,-119.50694,304.07,0.67,0.74,2023-08-16,1133,N20,VIIRS,n,2,285.62,3.8,N,0
50.95693,-119.56865,350.12,0.67,0.74,2023-08-16,1133,N20,VIIRS,n,2,298.28,91.03,N,0
50.95699,-119.59988,321.83,0.67,0.73,2023-08-16,1133,N20,VIIRS,n,2,288.81,6.85,N,0
50.95705,-119.53772,354.12,0.67,0.74,2023-08-16,1133,N20,VIIRS,n,2,288.68,70.01,N,0
50.95845,-119.53143,342.3,0.67,0.74,2023-08-16,1133,N20,VIIRS,n,2,288.93,80.89,N,0
50.95857,-119.52092,316.42,0.67,0.74,2023-08-16,1133,N20,VIIRS,n,2,286.7,13.3,N,0
50.95861,-119.49068,300.77,0.67,0.74,2023-08-16,1133,N20,VIIRS,n,2,282.94,1.81,N,0
50.9589,-119.58414,340.77,0.67,0.73,2023-08-16,1133,N20,VIIRS,n,2,291.09,18.6,N,0
50.95902,-119.60516,307.37,0.67,0.73,2023-08-16,1133,N20,VIIRS,n,2,288.39,6.85,N,0
50.95926,-119.50191,305.57,0.67,0.74,2023-08-16,1133,N20,VIIRS,n,2,284.6,2.92,N,0
50.95968,-119.56541,351.39,0.67,0.74,2023-08-16,1133,N20,VIIRS,n,2,296.68,93.05,N,0
50.95999,-119.51482,314.23,0.67,0.74,2023-08-16,1133,N20,VIIRS,n,2,286.44,5.42,N,0
50.96042,-119.57761,367,0.67,0.73,2023-08-16,1133,N20,VIIRS,h,2,293.5,60.1,N,0
50.96084,-119.55816,347.11,0.67,0.74,2023-08-16,1133,N20,VIIRS,n,2,294.64,91.03,N,0
50.96128,-119.59033,344.57,0.67,0.73,2023-08-16,1133,N20,VIIRS,n,2,291.45,18.6,N,0
50.96176,-119.52925,339.41,0.67,0.74,2023-08-16,1133,N20,VIIRS,n,2,288.16,13.3,N,0
50.96258,-119.5106,313.2,0.67,0.74,2023-08-16,1133,N20,VIIRS,n,2,285.71,2.92,N,0
50.9626,-119.54211,336.61,0.67,0.74,2023-08-16,1133,N20,VIIRS,n,2,294.68,80.89,N,0
50.96273,-119.57338,367,0.67,0.74,2023-08-16,1133,N20,VIIRS,h,2,298.12,93.05,N,0
50.963,-119.58427,355.2,0.67,0.73,2023-08-16,1133,N20,VIIRS,n,2,293.11,60.1,N,0
50.96315,-119.50237,303.2,0.67,0.74,2023-08-16,1133,N20,VIIRS,n,2,284.56,1.81,N,0
50.96317,-119.59526,326.68,0.67,0.73,2023-08-16,1133,N20,VIIRS,n,2,289.24,6.85,N,0
50.96325,-119.52322,328.41,0.67,0.74,2023-08-16,1133,N20,VIIRS,n,2,286.66,5.42,N,0
50.96331,-119.55413,343.74,0.67,0.74,2023-08-16,1133,N20,VIIRS,n,2,297.41,70.01,N,0
50.96396,-119.56619,352.24,0.67,0.74,2023-08-16,1133,N20,VIIRS,n,2,302.6,91.03,N,0
50.96439,-119.53613,349.05,0.67,0.74,2023-08-16,1133,N20,VIIRS,n,2,292.99,112.63,N,0
50.96492,-119.5892,353.6,0.67,0.73,2023-08-16,1133,N20,VIIRS,n,2,293.63,52.08,N,0
50.96505,-119.60017,323.29,0.67,0.73,2023-08-16,1133,N20,VIIRS,n,2,288.78,6.85,N,0
50.96511,-119.57959,367,0.67,0.73,2023-08-16,1133,N20,VIIRS,h,2,295.39,52.18,N,0
50.96582,-119.51907,325.97,0.67,0.74,2023-08-16,1133,N20,VIIRS,n,2,286.48,13.3,N,0
50.96613,-119.53065,350.72,0.67,0.74,2023-08-16,1133,N20,VIIRS,n,2,288.49,80.89,N,0
50.96636,-119.56208,354.37,0.67,0.74,2023-08-16,1133,N20,VIIRS,n,2,300.83,93.05,N,0
50.9664,-119.57246,367,0.67,0.73,2023-08-16,1133,N20,VIIRS,h,2,300.82,60.1,N,0
50.96658,-119.51122,309.65,0.67,0.74,2023-08-16,1133,N20,VIIRS,n,2,285.34,5.35,N,0
50.96678,-119.594,354.11,0.67,0.73,2023-08-16,1133,N20,VIIRS,n,2,298.92,52.08,N,0
50.96705,-119.58463,367,0.67,0.73,2023-08-16,1133,N20,VIIRS,h,2,295.66,52.18,N,0
50.9677,-119.55526,350.77,0.67,0.74,2023-08-16,1133,N20,VIIRS,n,2,303.74,127.04,N,0
50.96843,-119.57768,367,0.67,0.73,2023-08-16,1133,N20,VIIRS,h,2,293.21,60.1,N,0
50.96873,-119.56827,367,0.67,0.74,2023-08-16,1133,N20,VIIRS,h,2,301.18,93.05,N,0
50.96888,-119.5994,367,0.67,0.73,2023-08-16,1133,N20,VIIRS,h,2,293,28.9,N,0
50.96895,-119.58961,351.86,0.67,0.73,2023-08-16,1133,N20,VIIRS,n,2,300.75,57.67,N,0
50.96902,-119.52744,341.58,0.67,0.74,2023-08-16,1133,N20,VIIRS,n,2,287.63,13.3,N,0
50.96951,-119.53934,321.13,0.67,0.74,2023-08-16,1133,N20,VIIRS,n,2,301.64,80.89,N,0
50.96972,-119.61239,303.51,0.67,0.73,2023-08-16,1133,N20,VIIRS,n,2,286.09,4,N,0
50.96991,-119.55059,347.72,0.67,0.74,2023-08-16,1133,N20,VIIRS,n,2,309.27,112.63,N,0
50.97004,-119.52011,317.81,0.67,0.74,2023-08-16,1133,N20,VIIRS,n,2,285.86,5.35,N,0
50.97038,-119.56215,347.5,0.67,0.74,2023-08-16,1133,N20,VIIRS,n,2,299.92,127.04,N,0
50.97052,-119.58309,353.59,0.67,0.73,2023-08-16,1133,N20,VIIRS,n,2,297.71,52.08,N,0
50.97087,-119.57385,367,0.67,0.73,2023-08-16,1133,N20,VIIRS,h,2,293.28,52.18,N,0
50.97115,-119.59534,367,0.67,0.73,2023-08-16,1133,N20,VIIRS,h,2,296.98,57.67,N,0
50.97199,-119.53521,343.24,0.67,0.74,2023-08-16,1133,N20,VIIRS,n,2,293.06,112.63,N,0
50.97226,-119.51511,302.73,0.67,0.74,2023-08-16,1133,N20,VIIRS,n,2,285.75,3.9,N,0
50.97263,-119.56796,367,0.67,0.73,2023-08-16,1133,N20,VIIRS,h,2,294.27,48.6,N,0
50.97275,-119.55801,367,0.67,0.74,2023-08-16,1133,N20,VIIRS,h,2,298.45,82.6,N,0
50.97287,-119.58916,367,0.67,0.73,2023-08-16,1133,N20,VIIRS,h,2,296.06,52.08,N,0
50.9732,-119.57993,352.57,0.67,0.73,2023-08-16,1133,N20,VIIRS,n,2,295.95,52.18,N,0
50.97328,-119.52846,328.41,0.67,0.74,2023-08-16,1133,N20,VIIRS,n,2,287.12,25.96,N,0
50.97393,-119.55075,354.85,0.67,0.74,2023-08-16,1133,N20,VIIRS,n,2,305.31,127.04,N,0
50.9745,-119.6041,355.28,0.67,0.73,2023-08-16,1133,N20,VIIRS,n,2,288.14,20.58,N,0
50.97499,-119.56386,367,0.67,0.74,2023-08-16,1133,N20,VIIRS,h,2,295.02,82.6,N,0
50.97516,-119.57449,342.78,0.67,0.73,2023-08-16,1133,N20,VIIRS,n,2,291.2,48.6,N,0
50.97541,-119.5957,367,0.67,0.73,2023-08-16,1133,N20,VIIRS,h,2,297.5,28.9,N,0
50.9757,-119.52412,306.18,0.67,0.74,2023-08-16,1133,N20,VIIRS,n,2,286.45,3.9,N,0
50.97586,-119.5869,367,0.67,0.73,2023-08-16,1133,N20,VIIRS,h,2,294.66,57.67,N,0
50.97616,-119.54613,352.8,0.67,0.74,2023-08-16,1133,N20,VIIRS,n,2,302.79,112.63,N,0
50.97641,-119.55712,367,0.67,0.74,2023-08-16,1133,N20,VIIRS,h,2,296.63,127.04,N,0
50.97676,-119.53745,355.52,0.67,0.74,2023-08-16,1133,N20,VIIRS,n,2,290.65,25.96,N,0
50.97768,-119.5709,339.23,0.67,0.73,2023-08-16,1133,N20,VIIRS,n,2,289.88,26.64,N,0
50.97813,-119.59283,367,0.67,0.73,2023-08-16,1133,N20,VIIRS,h,2,297.22,57.67,N,0
50.9782,-119.58232,367,0.67,0.73,2023-08-16,1133,N20,VIIRS,h,2,291.86,17.51,N,0
50.97888,-119.55324,367,0.67,0.74,2023-08-16,1133,N20,VIIRS,h,2,296.55,82.6,N,0
50.97902,-119.56387,367,0.67,0.73,2023-08-16,1133,N20,VIIRS,h,2,295.01,48.6,N,0
50.97919,-119.53324,322.41,0.67,0.74,2023-08-16,1133,N20,VIIRS,n,2,286.92,31.34,N,0
50.97954,-119.62685,312.64,0.66,0.73,2023-08-16,1133,N20,VIIRS,n,2,284.07,28.9,N,0
50.97959,-119.60645,350.45,0.66,0.73,2023-08-16,1133,N20,VIIRS,n,2,288.39,28.9,N,0
50.98046,-119.58814,335.26,0.67,0.73,2023-08-16,1133,N20,VIIRS,n,2,290.39,17.51,N,0
50.98047,-119.54703,341.52,0.67,0.74,2023-08-16,1133,N20,VIIRS,n,2,303.53,65.48,N,0
50.98068,-119.59949,367,0.67,0.73,2023-08-16,1133,N20,VIIRS,h,2,292.02,20.58,N,0
50.98117,-119.58003,335.67,0.67,0.73,2023-08-16,1133,N20,VIIRS,n,2,290.29,26.64,N,0
50.98148,-119.56004,355.6,0.67,0.74,2023-08-16,1133,N20,VIIRS,n,2,296.66,82.6,N,0
50.98235,-119.593,352.31,0.67,0.73,2023-08-16,1133,N20,VIIRS,n,2,292.15,15.93,N,0
50.98292,-119.54302,343.62,0.67,0.74,2023-08-16,1133,N20,VIIRS,n,2,294.84,31.34,N,0
50.98321,-119.5541,367,0.67,0.74,2023-08-16,1133,N20,VIIRS,h,2,295.26,65.48,N,0
50.98342,-119.75166,306.24,0.66,0.73,2023-08-16,1133,N20,VIIRS,n,2,287.44,24.53,N,0
50.98352,-119.58617,323.04,0.67,0.73,2023-08-16,1133,N20,VIIRS,n,2,288.91,14.11,N,0
50.98354,-119.57552,353.32,0.67,0.73,2023-08-16,1133,N20,VIIRS,n,2,291.32,48.6,N,0
50.98358,-119.53445,308.6,0.67,0.74,2023-08-16,1133,N20,VIIRS,n,2,286.25,25.96,N,0
50.9849,-119.59959,337.57,0.66,0.73,2023-08-16,1133,N20,VIIRS,n,2,289.42,15.93,N,0
50.98525,-119.59071,333.73,0.67,0.73,2023-08-16,1133,N20,VIIRS,n,2,289.78,14.11,N,0
50.98582,-119.55064,350.67,0.67,0.74,2023-08-16,1133,N20,VIIRS,n,2,297.89,53.74,N,0
50.98601,-119.75842,346.88,0.66,0.73,2023-08-16,1133,N20,VIIRS,n,2,292.82,24.53,N,0
50.98619,-119.58237,346.85,0.67,0.73,2023-08-16,1133,N20,VIIRS,n,2,291.32,17.51,N,0
50.98695,-119.5744,367,0.67,0.73,2023-08-16,1133,N20,VIIRS,h,2,295.24,26.64,N,0
50.98713,-119.59561,332.25,0.67,0.73,2023-08-16,1133,N20,VIIRS,n,2,289.09,17.73,N,0
50.98746,-119.54447,326.43,0.67,0.74,2023-08-16,1133,N20,VIIRS,n,2,286.63,65.48,N,0
50.98749,-119.78294,298.15,0.65,0.73,2023-08-16,1133,N20,VIIRS,n,2,286.36,2.04,N,0
50.98755,-119.74178,306.51,0.66,0.73,2023-08-16,1133,N20,VIIRS,n,2,288.98,24.53,N,0
50.98763,-119.56552,355.58,0.67,0.73,2023-08-16,1133,N20,VIIRS,n,2,299.05,35.57,N,0
50.98789,-119.58675,335.04,0.67,0.73,2023-08-16,1133,N20,VIIRS,n,2,289.68,17.51,N,0
50.98918,-119.55944,367,0.67,0.74,2023-08-16,1133,N20,VIIRS,h,2,295.16,53.74,N,0
50.9893,-119.58057,352.55,0.67,0.73,2023-08-16,1133,N20,VIIRS,n,2,292.64,26.64,N,0
50.98946,-119.53934,302.22,0.67,0.74,2023-08-16,1133,N20,VIIRS,n,2,285.1,31.34,N,0
50.98955,-119.59104,344.88,0.67,0.73,2023-08-16,1133,N20,VIIRS,n,2,291.09,15.93,N,0
50.98987,-119.76853,367,0.66,0.73,2023-08-16,1133,N20,VIIRS,h,2,291.32,37.97,N,0
50.99002,-119.53046,298.36,0.67,0.74,2023-08-16,1133,N20,VIIRS,n,2,285.25,1.82,N,0
50.99031,-119.55185,356.35,0.67,0.74,2023-08-16,1133,N20,VIIRS,n,2,293.1,65.48,N,0
50.99092,-119.58481,341.1,0.67,0.73,2023-08-16,1133,N20,VIIRS,n,2,290.94,14.11,N,0
50.99107,-119.75098,352.09,0.66,0.73,2023-08-16,1133,N20,VIIRS,n,2,290.86,24.53,N,0
50.99142,-119.59587,348.13,0.66,0.73,2023-08-16,1133,N20,VIIRS,n,2,291.09,15.93,N,0
50.99168,-119.57596,367,0.67,0.73,2023-08-16,1133,N20,VIIRS,h,2,291.96,35.57,N,0
50.99229,-119.63,301.96,0.66,0.73,2023-08-16,1133,N20,VIIRS,n,2,284.21,20.58,N,0
50.99245,-119.58877,341.15,0.67,0.73,2023-08-16,1133,N20,VIIRS,n,2,290.7,14.11,N,0
50.99287,-119.54828,307.85,0.67,0.74,2023-08-16,1133,N20,VIIRS,n,2,285.43,53.74,N,0
50.99366,-119.58108,337.59,0.67,0.73,2023-08-16,1133,N20,VIIRS,n,2,290.77,13.14,N,0
50.99386,-119.54041,299.81,0.67,0.74,2023-08-16,1133,N20,VIIRS,n,2,285.07,3.87,N,0
50.99413,-119.56168,353.61,0.67,0.73,2023-08-16,1133,N20,VIIRS,n,2,290.42,35.57,N,0
50.99413,-119.59319,356.17,0.67,0.73,2023-08-16,1133,N20,VIIRS,n,2,293.39,17.73,N,0
50.99419,-119.57259,367,0.67,0.73,2023-08-16,1133,N20,VIIRS,h,2,293.27,22.47,N,0
50.99522,-119.58511,332.45,0.67,0.73,2023-08-16,1133,N20,VIIRS,n,2,289.88,13.14,N,0
50.99549,-119.76257,367,0.66,0.73,2023-08-16,1133,N20,VIIRS,h,2,289.97,37.97,N,0
50.99584,-119.78414,322.77,0.65,0.73,2023-08-16,1133,N20,VIIRS,n,2,285.77,37.97,N,0
50.99635,-119.5574,328.87,0.67,0.74,2023-08-16,1133,N20,VIIRS,n,2,287.17,53.74,N,0
50.9965,-119.59939,351.72,0.66,0.73,2023-08-16,1133,N20,VIIRS,n,2,289.32,17.73,N,0
50.99654,-119.57877,328.99,0.67,0.73,2023-08-16,1133,N20,VIIRS,n,2,289.66,22.47,N,0
50.9967,-119.58895,340.79,0.67,0.73,2023-08-16,1133,N20,VIIRS,n,2,290.43,26.9,N,0
50.99672,-119.62082,320.25,0.66,0.73,2023-08-16,1133,N20,VIIRS,n,2,285.03,17.73,N,0
50.99716,-119.63124,306.25,0.66,0.73,2023-08-16,1133,N20,VIIRS,n,2,283.7,8.92,N,0
50.9974,-119.54957,311.19,0.67,0.74,2023-08-16,1133,N20,VIIRS,n,2,285.96,3.87,N,0
50.99815,-119.58295,330.01,0.67,0.73,2023-08-16,1133,N20,VIIRS,n,2,289.86,11.4,N,0
50.99841,-119.59338,352.49,0.66,0.73,2023-08-16,1133,N20,VIIRS,n,2,295.3,26.9,N,0
50.99872,-119.57358,367,0.67,0.73,2023-08-16,1133,N20,VIIRS,h,2,293.64,35.57,N,0
50.99945,-119.54475,304.7,0.67,0.74,2023-08-16,1133,N20,VIIRS,n,2,285.37,33.12,N,0
50.99958,-119.58669,331.93,0.67,0.73,2023-08-16,1133,N20,VIIRS,n,2,289.42,11.4,N,0
51.00072,-119.57876,331.28,0.67,0.73,2023-08-16,1133,N20,VIIRS,n,2,290.37,13.14,N,0
51.001,-119.60005,367,0.66,0.73,2023-08-16,1133,N20,VIIRS,h,2,289.7,24.59,N,0
51.00101,-119.62064,322.86,0.66,0.73,2023-08-16,1133,N20,VIIRS,n,2,285.54,8.92,N,0
51.00105,-119.59053,367,0.67,0.73,2023-08-16,1133,N20,VIIRS,h,2,292.99,26.45,N,0
51.00107,-119.56985,367,0.67,0.73,2023-08-16,1133,N20,VIIRS,h,2,293.85,22.47,N,0
51.00117,-119.55932,352.82,0.67,0.73,2023-08-16,1133,N20,VIIRS,n,2,290.69,126.34,N,0
51.00231,-119.58286,332.63,0.67,0.73,2023-08-16,1133,N20,VIIRS,n,2,290.8,13.14,N,0
51.00299,-119.59561,367,0.66,0.73,2023-08-16,1133,N20,VIIRS,h,2,292.88,26.45,N,0
51.00307,-119.55425,336.44,0.67,0.74,2023-08-16,1133,N20,VIIRS,n,2,287.6,33.12,N,0
51.00334,-119.57579,346.98,0.67,0.73,2023-08-16,1133,N20,VIIRS,n,2,290.25,22.47,N,0
51.00372,-119.58652,335.19,0.67,0.73,2023-08-16,1133,N20,VIIRS,n,2,291.05,26.9,N,0
51.00383,-119.54558,299.89,0.67,0.74,2023-08-16,1133,N20,VIIRS,n,2,284.48,3.87,N,0
51.005,-119.58014,330.02,0.67,0.73,2023-08-16,1133,N20,VIIRS,n,2,289.76,11.4,N,0
51.00521,-119.56976,367,0.67,0.73,2023-08-16,1133,N20,VIIRS,h,2,295.53,126.34,N,0
51.00521,-119.59037,349.02,0.66,0.73,2023-08-16,1133,N20,VIIRS,n,2,292.43,26.9,N,0
51.00642,-119.58382,329.18,0.67,0.73,2023-08-16,1133,N20,VIIRS,n,2,290.25,11.4,N,0
51.00734,-119.57529,348.23,0.67,0.73,2023-08-16,1133,N20,VIIRS,n,2,290.05,114.25,N,0
51.0074,-119.59605,346.14,0.66,0.73,2023-08-16,1133,N20,VIIRS,n,2,288.49,24.59,N,0
51.00755,-119.55521,327.25,0.67,0.73,2023-08-16,1133,N20,VIIRS,n,2,285.61,126.34,N,0
51.00782,-119.5875,346.38,0.67,0.73,2023-08-16,1133,N20,VIIRS,n,2,292.47,26.45,N,0
51.00894,-119.57941,330.64,0.67,0.73,2023-08-16,1133,N20,VIIRS,n,2,290.33,114.25,N,0
51.00974,-119.59253,367,0.66,0.73,2023-08-16,1133,N20,VIIRS,h,2,291.46,26.45,N,0
51.00975,-119.57183,348.19,0.67,0.73,2023-08-16,1133,N20,VIIRS,n,2,304.84,167.43,N,0
51.01035,-119.58306,345.09,0.67,0.73,2023-08-16,1133,N20,VIIRS,n,2,292.99,49.56,N,0
51.01038,-119.64486,323.81,0.66,0.73,2023-08-16,1133,N20,VIIRS,n,2,283.63,2.58,N,0
51.01146,-119.57632,367,0.67,0.73,2023-08-16,1133,N20,VIIRS,h,2,295.28,81.42,N,0
51.01189,-119.58707,367,0.66,0.73,2023-08-16,1133,N20,VIIRS,h,2,295.24,49.56,N,0
51.0122,-119.64071,310.16,0.66,0.73,2023-08-16,1133,N20,VIIRS,n,2,282.71,10.86,N,0
51.01291,-119.55928,307.71,0.67,0.73,2023-08-16,1133,N20,VIIRS,n,2,283.38,167.43,N,0
51.01298,-119.58026,367,0.67,0.73,2023-08-16,1133,N20,VIIRS,h,2,295.56,81.42,N,0
51.01316,-119.65205,296.12,0.66,0.73,2023-08-16,1133,N20,VIIRS,n,2,282.49,2.58,N,0
51.01348,-119.63233,300.73,0.66,0.73,2023-08-16,1133,N20,VIIRS,n,2,281.88,24.59,N,0
51.01366,-119.57104,338.73,0.67,0.73,2023-08-16,1133,N20,VIIRS,n,2,308.08,114.25,N,0
51.01436,-119.59347,367,0.66,0.73,2023-08-16,1133,N20,VIIRS,h,2,288.96,29.71,N,0
51.01453,-119.58432,367,0.67,0.73,2023-08-16,1133,N20,VIIRS,h,2,297.51,31.35,N,0
51.01482,-119.62679,317.26,0.66,0.73,2023-08-16,1133,N20,VIIRS,n,2,282.25,26.07,N,0
51.015,-119.64806,301.49,0.66,0.73,2023-08-16,1133,N20,VIIRS,n,2,282.47,2.99,N,0
51.01543,-119.57561,348.57,0.67,0.73,2023-08-16,1133,N20,VIIRS,n,2,303.48,114.25,N,0
51.01568,-119.56656,347.73,0.67,0.73,2023-08-16,1133,N20,VIIRS,n,2,290.06,167.43,N,0
51.01693,-119.59063,367,0.66,0.73,2023-08-16,1133,N20,VIIRS,h,2,292.54,31.35,N,0
51.01706,-119.57985,367,0.67,0.73,2023-08-16,1133,N20,VIIRS,h,2,297.97,49.56,N,0
51.01708,-119.83978,297.48,0.65,0.73,2023-08-16,1133,N20,VIIRS,n,2,283.39,0.84,N,0
51.01775,-119.572,353.3,0.67,0.73,2023-08-16,1133,N20,VIIRS,n,2,293.66,81.42,N,0
51.01876,-119.58427,367,0.66,0.73,2023-08-16,1133,N20,VIIRS,h,2,295.25,49.56,N,0
51.01955,-119.57671,367,0.67,0.73,2023-08-16,1133,N20,VIIRS,h,2,292.73,81.42,N,0
51.0214,-119.58157,367,0.67,0.73,2023-08-16,1133,N20,VIIRS,h,2,290.14,31.35,N,0
51.02397,-119.65951,298.75,0.66,0.73,2023-08-16,1133,N20,VIIRS,n,2,282.79,1.41,N,0
51.02425,-119.59851,350.29,0.66,0.73,2023-08-16,1133,N20,VIIRS,n,2,285.84,29.71,N,0
51.02458,-119.58994,341.42,0.66,0.73,2023-08-16,1133,N20,VIIRS,n,2,285.03,31.35,N,0
51.02512,-119.67464,309.61,0.66,0.73,2023-08-16,1133,N20,VIIRS,n,2,283.04,1.89,N,0
51.026,-119.6562,301.29,0.66,0.73,2023-08-16,1133,N20,VIIRS,n,2,282.41,0.99,N,0
51.02629,-119.61534,305.19,0.66,0.73,2023-08-16,1133,N20,VIIRS,n,2,281.35,13.72,N,0
51.0267,-119.6666,298.8,0.66,0.73,2023-08-16,1133,N20,VIIRS,n,2,283.67,1.88,N,0
51.07698,-119.71507,300.68,0.65,0.73,2023-08-16,1133,N20,VIIRS,n,2,287.11,2.4,N,3
51.08062,-119.70393,309.81,0.65,0.73,2023-08-16,1133,N20,VIIRS,n,2,289.45,2.4,N,0
51.09148,-119.67042,302.12,0.66,0.73,2023-08-16,1133,N20,VIIRS,n,2,287.1,1.45,N,0
51.45827,-119.70004,302.13,0.63,0.72,2023-08-16,1133,N20,VIIRS,n,2,285.72,3.95,N,0
51.46013,-119.70491,326.17,0.63,0.72,2023-08-16,1133,N20,VIIRS,n,2,287.04,3.95,N,0
51.4619,-119.70956,303.67,0.63,0.72,2023-08-16,1133,N20,VIIRS,n,2,285.13,7,N,0
51.46573,-119.69915,314.17,0.63,0.72,2023-08-16,1133,N20,VIIRS,n,2,285.6,3.95,N,0
51.46758,-119.70403,324.12,0.63,0.72,2023-08-16,1133,N20,VIIRS,n,2,286.24,3.95,N,0
51.51383,-117.53794,301.06,0.75,0.77,2023-08-16,1133,N20,VIIRS,n,2,285.97,3.8,N,0
51.51673,-117.52419,299.93,0.75,0.77,2023-08-16,1133,N20,VIIRS,n,2,287.91,4.07,N,0
51.52317,-117.56096,303.54,0.75,0.77,2023-08-16,1133,N20,VIIRS,n,2,285.04,3.8,N,0
51.53022,-117.55747,303.74,0.75,0.77,2023-08-16,1133,N20,VIIRS,n,2,286.39,5.52,N,0
49.09973,-121.25951,331.91,0.49,0.65,2023-08-16,1941,N20,VIIRS,n,2,293.82,4.37,D,0
49.10306,-121.26183,338.48,0.49,0.65,2023-08-16,1941,N20,VIIRS,n,2,295.3,9.56,D,0
49.10422,-121.25833,325.95,0.49,0.65,2023-08-16,1941,N20,VIIRS,n,2,294.5,9.56,D,0
49.10712,-120.02847,330.81,0.44,0.62,2023-08-16,1941,N20,VIIRS,n,2,287.06,14,D,0
49.10795,-121.25493,332.88,0.49,0.65,2023-08-16,1941,N20,VIIRS,n,2,294.4,12.45,D,0
49.11116,-121.25773,367,0.49,0.65,2023-08-16,1941,N20,VIIRS,h,2,298.6,11.26,D,0
49.11169,-120.03421,343.94,0.44,0.62,2023-08-16,1941,N20,VIIRS,n,2,286.56,14,D,0
49.11179,-119.99335,326.41,0.43,0.62,2023-08-16,1941,N20,VIIRS,n,2,283.14,7.76,D,0
49.11243,-121.25391,325.71,0.49,0.65,2023-08-16,1941,N20,VIIRS,n,2,294.7,11.26,D,0
49.11349,-121.25854,367,0.49,0.65,2023-08-16,1941,N20,VIIRS,h,2,298.02,12.45,D,0
49.11437,-121.24804,333.48,0.49,0.65,2023-08-16,1941,N20,VIIRS,n,2,294.69,4.14,D,0
49.11452,-120.00487,350.23,0.43,0.62,2023-08-16,1941,N20,VIIRS,n,2,280.46,29.63,D,0
49.11465,-121.255,355.7,0.49,0.65,2023-08-16,1941,N20,VIIRS,n,2,298.01,12.36,D,0
49.11565,-120.02153,355.97,0.43,0.62,2023-08-16,1941,N20,VIIRS,l,2,281.62,14,D,0
49.11619,-121.25028,351.09,0.49,0.65,2023-08-16,1941,N20,VIIRS,n,2,295.65,12.36,D,0
49.1167,-120.03851,346.07,0.44,0.62,2023-08-16,1941,N20,VIIRS,n,2,290.55,12.37,D,0
49.11695,-119.99712,356.16,0.43,0.62,2023-08-16,1941,N20,VIIRS,l,2,282.97,29.63,D,0
49.11782,-121.25796,367,0.49,0.65,2023-08-16,1941,N20,VIIRS,h,2,298.21,20.42,D,0
49.11868,-120.01187,355.85,0.43,0.62,2023-08-16,1941,N20,VIIRS,l,2,282.05,29.63,D,0
49.11877,-120.03191,356.39,0.43,0.62,2023-08-16,1941,N20,VIIRS,l,2,283.5,12.37,D,0
49.11902,-121.25436,341.75,0.49,0.65,2023-08-16,1941,N20,VIIRS,n,2,294.44,11.61,D,0
49.11929,-119.98969,356.28,0.43,0.62,2023-08-16,1941,N20,VIIRS,l,2,282.6,26.19,D,0
49.12004,-121.25906,354.41,0.49,0.65,2023-08-16,1941,N20,VIIRS,n,2,294.19,8.57,D,0
49.12111,-119.98389,334.85,0.43,0.62,2023-08-16,1941,N20,VIIRS,n,2,282.05,26.19,D,0
49.12123,-120.00375,353.32,0.43,0.62,2023-08-16,1941,N20,VIIRS,n,2,286.18,29.63,D,0
49.1218,-120.04253,326.01,0.44,0.62,2023-08-16,1941,N20,VIIRS,n,2,294.25,12.37,D,0
49.12234,-120.02048,356.36,0.43,0.62,2023-08-16,1941,N20,VIIRS,l,2,282.04,47.33,D,0
49.12292,-120.03896,367,0.43,0.62,2023-08-16,1941,N20,VIIRS,h,2,290.71,12.37,D,0
49.12352,-119.99645,355.85,0.43,0.62,2023-08-16,1941,N20,VIIRS,l,2,288.49,26.19,D,0
49.1248,-120.01265,344.76,0.43,0.62,2023-08-16,1941,N20,VIIRS,n,2,287.51,47.33,D,0
49.12548,-119.9902,355.97,0.43,0.62,2023-08-16,1941,N20,VIIRS,l,2,284.89,26.19,D,0
49.12617,-120.02856,356.36,0.43,0.62,2023-08-16,1941,N20,VIIRS,l,2,289.16,47.33,D,0
49.12688,-120.006,354.45,0.43,0.62,2023-08-16,1941,N20,VIIRS,n,2,290.55,60.33,D,0
49.12699,-119.98539,337.71,0.43,0.62,2023-08-16,1941,N20,VIIRS,n,2,284.87,8.44,D,0
49.12825,-119.98138,330.76,0.43,0.62,2023-08-16,1941,N20,VIIRS,n,2,286.88,8.44,D,0
49.12897,-120.01962,355.25,0.43,0.62,2023-08-16,1941,N20,VIIRS,n,2,290.58,47.33,D,0
49.12919,-119.99863,356.17,0.43,0.62,2023-08-16,1941,N20,VIIRS,n,2,293.99,60.33,D,0
49.13085,-120.01363,354.49,0.43,0.62,2023-08-16,1941,N20,VIIRS,n,2,294.08,60.33,D,0
49.13115,-119.99237,367,0.43,0.62,2023-08-16,1941,N20,VIIRS,h,2,292.89,87.93,D,0
49.13263,-120.00794,354.15,0.43,0.62,2023-08-16,1941,N20,VIIRS,n,2,297.63,60.33,D,0
49.13266,-119.98755,335.21,0.43,0.62,2023-08-16,1941,N20,VIIRS,n,2,291.25,87.93,D,0
49.13452,-120.00191,349.65,0.43,0.62,2023-08-16,1941,N20,VIIRS,n,2,299.14,87.93,D,0
49.13465,-120.02179,344.04,0.43,0.62,2023-08-16,1941,N20,VIIRS,n,2,296.92,28.42,D,0
49.13499,-120.04105,335.33,0.43,0.62,2023-08-16,1941,N20,VIIRS,n,2,298.27,20.02,D,0
49.13602,-120.02884,336.29,0.43,0.62,2023-08-16,1941,N20,VIIRS,n,2,297.87,20.43,D,0
49.13636,-120.03668,350.69,0.43,0.62,2023-08-16,1941,N20,VIIRS,n,2,304.47,20.02,D,0
49.13674,-120.01511,352.32,0.43,0.62,2023-08-16,1941,N20,VIIRS,n,2,306.67,28.42,D,0
49.13792,-120.03168,367,0.43,0.62,2023-08-16,1941,N20,VIIRS,h,2,302.83,28.42,D,0
49.13814,-119.99033,207.93,0.43,0.62,2023-08-16,1941,N20,VIIRS,l,2,312.31,171.11,D,0
49.13816,-120.04213,340.89,0.43,0.62,2023-08-16,1941,N20,VIIRS,n,2,300.07,15.68,D,0
49.13845,-120.02122,350.68,0.43,0.62,2023-08-16,1941,N20,VIIRS,n,2,301.65,32.28,D,0
49.13853,-120.00938,356.29,0.43,0.62,2023-08-16,1941,N20,VIIRS,n,2,311.52,75.25,D,0
49.13943,-120.03814,350.96,0.43,0.62,2023-08-16,1941,N20,VIIRS,n,2,304.62,20.43,D,0
49.13948,-119.98605,367,0.43,0.62,2023-08-16,1941,N20,VIIRS,h,2,294.73,171.11,D,0
49.14005,-120.02486,367,0.43,0.62,2023-08-16,1941,N20,VIIRS,h,2,298.6,28.42,D,0
49.14057,-120.01458,367,0.43,0.62,2023-08-16,1941,N20,VIIRS,h,2,307.14,32.28,D,0
49.14088,-120.04253,329.82,0.43,0.62,2023-08-16,1941,N20,VIIRS,l,2,300.38,4.93,D,0
49.1409,-120.03352,367,0.43,0.62,2023-08-16,1941,N20,VIIRS,h,2,302.68,20.43,D,0
49.14216,-120.01812,367,0.43,0.62,2023-08-16,1941,N20,VIIRS,h,2,300.95,75.25,D,0
49.14241,-119.99699,207.93,0.43,0.62,2023-08-16,1941,N20,VIIRS,l,2,321.45,122.02,D,0
49.14246,-120.00865,367,0.43,0.62,2023-08-16,1941,N20,VIIRS,h,2,303.22,26.93,D,0
49.14257,-120.0283,367,0.43,0.62,2023-08-16,1941,N20,VIIRS,h,2,299.21,32.28,D,0
49.14264,-119.89505,331.88,0.43,0.62,2023-08-16,1941,N20,VIIRS,n,2,293.17,15.38,D,0
49.14319,-120.07575,327.92,0.44,0.62,2023-08-16,1941,N20,VIIRS,n,2,297.83,9.84,D,0
49.14394,-119.89088,352.95,0.43,0.62,2023-08-16,1941,N20,VIIRS,n,2,297.16,15.38,D,0
49.14397,-119.992,367,0.43,0.62,2023-08-16,1941,N20,VIIRS,h,2,295.38,122.02,D,0
49.144,-120.0438,329.32,0.43,0.62,2023-08-16,1941,N20,VIIRS,l,2,300.58,12.63,D,0
49.14414,-120.01178,342.33,0.43,0.62,2023-08-16,1941,N20,VIIRS,n,2,298.84,75.25,D,0
49.14458,-120.00198,355.93,0.43,0.62,2023-08-16,1941,N20,VIIRS,n,2,300.85,26.93,D,0
49.14528,-119.88661,367,0.43,0.62,2023-08-16,1941,N20,VIIRS,h,2,292.63,13.35,D,0
49.14537,-120.03951,327.12,0.43,0.62,2023-08-16,1941,N20,VIIRS,n,2,299.69,8.83,D,0
49.14621,-120.00517,332.65,0.43,0.62,2023-08-16,1941,N20,VIIRS,n,2,297.1,122.02,D,0
49.14651,-119.99593,336.2,0.43,0.62,2023-08-16,1941,N20,VIIRS,n,2,295.04,16.82,D,0
49.14663,-119.88231,342.95,0.43,0.62,2023-08-16,1941,N20,VIIRS,n,2,291.74,13.35,D,0
49.14672,-120.04417,328.81,0.43,0.62,2023-08-16,1941,N20,VIIRS,l,2,299.97,4.93,D,0
49.14781,-119.8987,351.91,0.43,0.62,2023-08-16,1941,N20,VIIRS,n,2,300.03,128.1,D,0
49.14816,-120.03955,328.35,0.43,0.62,2023-08-16,1941,N20,VIIRS,l,2,298.96,4.93,D,0
49.14909,-119.89458,207.93,0.43,0.62,2023-08-16,1941,N20,VIIRS,l,2,322.77,128.1,D,0
49.14958,-120.03499,345.17,0.43,0.62,2023-08-16,1941,N20,VIIRS,n,2,298.51,13.83,D,0
49.15049,-119.89014,367,0.43,0.62,2023-08-16,1941,N20,VIIRS,h,2,300.16,85.12,D,0
49.1516,-120.03997,350.02,0.43,0.62,2023-08-16,1941,N20,VIIRS,n,2,301.94,8.83,D,0
49.15187,-119.88573,330.33,0.43,0.62,2023-08-16,1941,N20,VIIRS,n,2,296.53,85.12,D,0
49.15309,-120.03527,367,0.43,0.62,2023-08-16,1941,N20,VIIRS,h,2,301.31,8.83,D,0
49.15447,-120.03966,342.79,0.43,0.62,2023-08-16,1941,N20,VIIRS,n,2,300.42,13.53,D,0
49.15602,-120.03468,354.76,0.43,0.62,2023-08-16,1941,N20,VIIRS,n,2,299.7,8.92,D,0
49.15752,-120.02986,326.48,0.43,0.62,2023-08-16,1941,N20,VIIRS,l,2,299.13,8.92,D,0
49.16266,-120.08541,334.5,0.44,0.62,2023-08-16,1941,N20,VIIRS,n,2,298.2,10.06,D,0
49.16448,-120.07966,367,0.44,0.62,2023-08-16,1941,N20,VIIRS,h,2,299.55,10.06,D,0
49.16654,-120.07316,329.11,0.44,0.62,2023-08-16,1941,N20,VIIRS,n,2,299.3,10.59,D,0
49.16897,-119.91183,328.23,0.43,0.62,2023-08-16,1941,N20,VIIRS,l,2,299.93,3.98,D,0
49.1721,-119.9155,328.72,0.43,0.62,2023-08-16,1941,N20,VIIRS,l,2,300.44,4.86,D,0
49.17377,-119.91669,327.75,0.43,0.62,2023-08-16,1941,N20,VIIRS,l,2,300.66,3.98,D,0
49.17483,-119.89307,338.35,0.43,0.62,2023-08-16,1941,N20,VIIRS,n,2,295.18,5.4,D,0
49.17608,-119.88907,349.95,0.43,0.62,2023-08-16,1941,N20,VIIRS,n,2,295.64,5.4,D,0
49.17681,-119.92061,328.96,0.43,0.62,2023-08-16,1941,N20,VIIRS,l,2,300.85,4.86,D,0
49.17795,-119.89704,334.54,0.43,0.62,2023-08-16,1941,N20,VIIRS,n,2,295.86,6.91,D,0
49.1784,-119.92211,329.62,0.43,0.62,2023-08-16,1941,N20,VIIRS,l,2,301.08,4.1,D,0
49.18145,-119.92593,331.44,0.43,0.62,2023-08-16,1941,N20,VIIRS,n,2,298.79,6.14,D,0
49.18309,-119.92731,327.76,0.43,0.62,2023-08-16,1941,N20,VIIRS,n,2,296.09,4.1,D,0
49.19104,-121.39618,367,0.49,0.65,2023-08-16,1941,N20,VIIRS,h,2,296.31,20.56,D,0
49.19238,-121.39212,337.96,0.49,0.65,2023-08-16,1941,N20,VIIRS,n,2,294.92,11.65,D,0
49.19302,-121.39784,367,0.49,0.65,2023-08-16,1941,N20,VIIRS,h,2,295.87,11.23,D,0
49.1944,-121.39365,343.36,0.49,0.65,2023-08-16,1941,N20,VIIRS,n,2,295.04,11.23,D,0
49.20142,-120.06352,352.66,0.43,0.62,2023-08-16,1941,N20,VIIRS,n,2,302.5,38.35,D,0
49.2029,-120.05882,345.43,0.43,0.62,2023-08-16,1941,N20,VIIRS,n,2,308.81,38.35,D,0
49.20396,-119.97495,331.4,0.43,0.62,2023-08-16,1941,N20,VIIRS,n,2,296.77,3.38,D,0
49.20443,-120.05395,367,0.43,0.62,2023-08-16,1941,N20,VIIRS,h,2,303.14,71.9,D,0
49.20591,-120.04925,367,0.43,0.62,2023-08-16,1941,N20,VIIRS,h,2,297.18,71.9,D,0
49.20843,-120.06143,340.64,0.43,0.62,2023-08-16,1941,N20,VIIRS,n,2,298.67,38.35,D,0
49.2089,-120.03976,331.4,0.43,0.62,2023-08-16,1941,N20,VIIRS,n,2,297.58,124.05,D,0
49.20965,-120.01726,341.47,0.43,0.62,2023-08-16,1941,N20,VIIRS,n,2,298.68,20.57,D,0
49.21009,-120.05614,341.84,0.43,0.62,2023-08-16,1941,N20,VIIRS,n,2,312.63,71.9,D,0
49.21027,-120.03541,330.39,0.43,0.62,2023-08-16,1941,N20,VIIRS,n,2,297.9,60.4,D,0
49.21093,-120.01318,351.72,0.43,0.62,2023-08-16,1941,N20,VIIRS,n,2,308.47,20.57,D,0
49.21175,-120.05087,304.21,0.43,0.62,2023-08-16,1941,N20,VIIRS,l,2,313.59,71.9,D,0
49.21212,-120.00945,367,0.43,0.62,2023-08-16,1941,N20,VIIRS,h,2,304.12,15.72,D,0
49.21321,-120.00597,330.49,0.43,0.62,2023-08-16,1941,N20,VIIRS,n,2,299.27,15.72,D,0
49.21467,-120.04159,367,0.43,0.62,2023-08-16,1941,N20,VIIRS,h,2,306.93,124.05,D,0
49.21527,-120.01954,351.08,0.43,0.62,2023-08-16,1941,N20,VIIRS,n,2,304.81,109.06,D,0
49.21658,-120.0154,353.18,0.43,0.62,2023-08-16,1941,N20,VIIRS,n,2,316.16,109.06,D,0
49.21721,-120.03352,367,0.43,0.62,2023-08-16,1941,N20,VIIRS,h,2,298.35,60.4,D,0
49.21776,-120.01164,367,0.43,0.62,2023-08-16,1941,N20,VIIRS,h,2,311.03,28.52,D,0
49.21885,-120.00817,367,0.43,0.62,2023-08-16,1941,N20,VIIRS,h,2,306.36,28.52,D,0
49.21986,-120.00499,367,0.43,0.62,2023-08-16,1941,N20,VIIRS,h,2,303.14,13.15,D,0
49.22082,-120.00195,341.65,0.43,0.62,2023-08-16,1941,N20,VIIRS,n,2,299.33,13.15,D,0
49.22091,-120.02177,367,0.43,0.62,2023-08-16,1941,N20,VIIRS,l,2,346.7,109.06,D,0
49.22211,-120.01798,367,0.43,0.62,2023-08-16,1941,N20,VIIRS,h,2,310.3,109.06,D,0
49.22324,-120.01437,367,0.43,0.62,2023-08-16,1941,N20,VIIRS,h,2,304.14,28.52,D,0
49.22425,-120.01118,367,0.43,0.62,2023-08-16,1941,N20,VIIRS,h,2,299.9,28.52,D,0
49.42871,-117.67916,326.62,0.34,0.56,2023-08-16,1941,N20,VIIRS,n,2,297.01,2.48,D,0
49.90596,-119.63333,344.17,0.39,0.6,2023-08-16,1941,N20,VIIRS,n,2,301.72,29.25,D,0
49.90728,-119.62907,367,0.39,0.6,2023-08-16,1941,N20,VIIRS,h,2,296.73,31.88,D,0
49.91125,-119.63599,367,0.39,0.6,2023-08-16,1941,N20,VIIRS,h,2,295.33,11.06,D,0
49.91265,-119.63142,327.55,0.39,0.6,2023-08-16,1941,N20,VIIRS,n,2,292.29,7.21,D,0
50.39265,-120.42837,344.18,0.41,0.61,2023-08-16,1941,N20,VIIRS,n,2,297.4,7.55,D,0
50.39657,-120.43575,345.65,0.41,0.61,2023-08-16,1941,N20,VIIRS,n,2,293.95,13.37,D,0
50.39807,-120.43095,367,0.41,0.61,2023-08-16,1941,N20,VIIRS,h,2,294.03,13.37,D,0
50.39946,-120.42649,367,0.41,0.6,2023-08-16,1941,N20,VIIRS,h,2,297.25,9.39,D,0
50.40047,-120.44316,355.47,0.41,0.61,2023-08-16,1941,N20,VIIRS,n,2,300.79,27.15,D,0
50.40199,-120.43829,367,0.41,0.61,2023-08-16,1941,N20,VIIRS,h,2,297.63,13.37,D,0
50.40342,-120.43375,353.62,0.41,0.61,2023-08-16,1941,N20,VIIRS,n,2,294.69,13.37,D,0
50.40477,-120.42942,338.29,0.41,0.6,2023-08-16,1941,N20,VIIRS,n,2,293.62,9.39,D,0
50.40596,-120.44555,367,0.41,0.61,2023-08-16,1941,N20,VIIRS,h,2,301.44,18.57,D,0
50.40737,-120.44102,332.72,0.41,0.61,2023-08-16,1941,N20,VIIRS,n,2,298.07,19.26,D,0
50.41001,-120.43255,356.35,0.41,0.6,2023-08-16,1941,N20,VIIRS,n,2,301.46,21.17,D,0
50.41125,-120.44854,353.13,0.41,0.61,2023-08-16,1941,N20,VIIRS,n,2,297.32,18.57,D,0
50.41267,-120.44395,367,0.41,0.61,2023-08-16,1941,N20,VIIRS,h,2,298.91,19.26,D,0
50.41582,-120.41391,348.41,0.41,0.6,2023-08-16,1941,N20,VIIRS,n,2,295.59,26.18,D,0
50.41764,-120.40808,367,0.41,0.6,2023-08-16,1941,N20,VIIRS,h,2,295.67,26.18,D,0
50.41774,-120.44765,367,0.41,0.61,2023-08-16,1941,N20,VIIRS,h,2,309.61,36.46,D,0
50.41912,-120.44323,367,0.41,0.61,2023-08-16,1941,N20,VIIRS,h,2,297.9,36.46,D,0
50.42052,-120.43876,326.05,0.41,0.6,2023-08-16,1941,N20,VIIRS,n,2,294.89,7.45,D,0
50.42106,-120.41707,330.41,0.41,0.6,2023-08-16,1941,N20,VIIRS,n,2,296.24,26.18,D,0
50.4222,-120.45417,335.17,0.41,0.61,2023-08-16,1941,N20,VIIRS,n,2,298.76,6.49,D,0
50.42265,-120.41195,345.4,0.41,0.6,2023-08-16,1941,N20,VIIRS,n,2,312.16,26.18,D,0
50.42289,-120.4511,355.2,0.41,0.61,2023-08-16,1941,N20,VIIRS,n,2,301.99,36.46,D,0
50.42368,-120.44947,347.46,0.41,0.6,2023-08-16,1941,N20,VIIRS,n,2,300.84,8.8,D,0
50.42428,-120.40672,367,0.41,0.6,2023-08-16,1941,N20,VIIRS,h,2,298.79,23.64,D,0
50.4244,-120.44624,325.77,0.41,0.61,2023-08-16,1941,N20,VIIRS,n,2,298.51,36.46,D,0
50.4259,-120.40152,335.57,0.41,0.6,2023-08-16,1941,N20,VIIRS,n,2,295.57,23.64,D,0
50.4259,-120.48145,340.37,0.41,0.61,2023-08-16,1941,N20,VIIRS,n,2,299.57,7.73,D,0
50.42661,-120.47968,367,0.41,0.61,2023-08-16,1941,N20,VIIRS,h,2,303.56,14.24,D,0
50.42739,-120.47664,367,0.41,0.61,2023-08-16,1941,N20,VIIRS,h,2,295.18,12.4,D,0
50.5218,-120.41427,328.82,0.4,0.6,2023-08-16,1941,N20,VIIRS,n,2,296.24,3.17,D,0
50.93832,-119.61308,329.68,0.36,0.58,2023-08-16,1941,N20,VIIRS,n,2,292.97,4.95,D,0
50.93857,-119.61195,330.95,0.36,0.58,2023-08-16,1941,N20,VIIRS,n,2,292.87,5.47,D,0
50.93969,-119.60857,343.93,0.36,0.58,2023-08-16,1941,N20,VIIRS,n,2,294.26,4.95,D,0
50.93991,-119.60748,349.03,0.36,0.58,2023-08-16,1941,N20,VIIRS,n,2,294.13,6.51,D,0
50.94265,-119.61825,349.08,0.36,0.58,2023-08-16,1941,N20,VIIRS,n,2,300.26,70.12,D,0
50.94413,-119.6134,367,0.36,0.58,2023-08-16,1941,N20,VIIRS,l,2,332.67,70.12,D,0
50.94443,-119.47409,331,0.36,0.57,2023-08-16,1941,N20,VIIRS,n,2,291.06,3.26,D,0
50.94535,-119.57047,338.44,0.36,0.57,2023-08-16,1941,N20,VIIRS,n,2,293.68,10.95,D,0
50.94546,-119.56906,346.28,0.36,0.57,2023-08-16,1941,N20,VIIRS,n,2,294.61,6.92,D,0
50.94568,-119.60829,367,0.36,0.58,2023-08-16,1941,N20,VIIRS,h,2,297.67,149.8,D,0
50.94703,-119.56495,356.3,0.36,0.57,2023-08-16,1941,N20,VIIRS,l,2,295.54,10.95,D,0
50.94711,-119.56354,356.86,0.36,0.57,2023-08-16,1941,N20,VIIRS,l,2,295.8,8.03,D,0
50.94856,-119.61826,349.96,0.36,0.58,2023-08-16,1941,N20,VIIRS,n,2,296.5,70.12,D,0
50.94871,-119.55942,344.41,0.36,0.57,2023-08-16,1941,N20,VIIRS,n,2,293.2,11.89,D,0
50.94875,-119.55802,338.28,0.36,0.57,2023-08-16,1941,N20,VIIRS,n,2,292.57,8.03,D,0
50.94909,-119.59705,351.51,0.36,0.58,2023-08-16,1941,N20,VIIRS,n,2,298.54,36.42,D,0
50.95077,-119.57097,338.9,0.36,0.57,2023-08-16,1941,N20,VIIRS,n,2,296.42,6.92,D,0
50.95092,-119.59103,355.03,0.36,0.58,2023-08-16,1941,N20,VIIRS,n,2,304.69,36.42,D,0
50.95201,-119.62635,328.07,0.36,0.58,2023-08-16,1941,N20,VIIRS,n,2,295.83,4.45,D,0
50.95234,-119.52624,325.43,0.36,0.57,2023-08-16,1941,N20,VIIRS,n,2,288.85,3.19,D,0
50.95245,-119.56529,330.58,0.36,0.57,2023-08-16,1941,N20,VIIRS,n,2,293.42,8.03,D,0
50.9527,-119.58514,348.82,0.36,0.58,2023-08-16,1941,N20,VIIRS,n,2,295.3,25.26,D,0
50.95428,-119.53941,337.38,0.36,0.57,2023-08-16,1941,N20,VIIRS,n,2,291.33,8.94,D,0
50.95568,-119.53468,356.86,0.36,0.57,2023-08-16,1941,N20,VIIRS,l,2,294.56,28.66,D,0
50.9558,-119.55398,356.57,0.36,0.57,2023-08-16,1941,N20,VIIRS,l,2,297.13,12.41,D,0
50.95583,-119.55537,356.15,0.36,0.57,2023-08-16,1941,N20,VIIRS,l,2,295.98,11.89,D,0
50.95726,-119.54912,355.08,0.36,0.57,2023-08-16,1941,N20,VIIRS,n,2,293.83,12.41,D,0
50.95762,-119.52813,303.17,0.36,0.57,2023-08-16,1941,N20,VIIRS,l,2,310.32,28.66,D,0
50.95849,-119.54496,353.02,0.36,0.57,2023-08-16,1941,N20,VIIRS,n,2,291.18,8.94,D,0
50.95949,-119.56274,349.09,0.36,0.57,2023-08-16,1941,N20,VIIRS,n,2,298.63,29.14,D,0
50.95963,-119.5214,356.86,0.36,0.57,2023-08-16,1941,N20,VIIRS,l,2,293.09,46.14,D,0
50.95966,-119.54103,330.17,0.36,0.57,2023-08-16,1941,N20,VIIRS,n,2,292.54,8.94,D,0
50.96099,-119.53652,334.21,0.36,0.57,2023-08-16,1941,N20,VIIRS,n,2,292.75,28.66,D,0
50.96288,-119.57098,349.76,0.36,0.57,2023-08-16,1941,N20,VIIRS,n,2,300.03,22.97,D,0
50.963,-119.64861,331.88,0.36,0.58,2023-08-16,1941,N20,VIIRS,n,2,295.03,3.73,D,0
50.9631,-119.5294,348.13,0.36,0.57,2023-08-16,1941,N20,VIIRS,n,2,293.58,28.66,D,0
50.96489,-119.52339,352.52,0.36,0.57,2023-08-16,1941,N20,VIIRS,n,2,289.29,46.14,D,0
50.97424,-119.72898,337.93,0.37,0.58,2023-08-16,1941,N20,VIIRS,n,2,294.72,3.46,D,0
50.9769,-119.7398,335.71,0.37,0.58,2023-08-16,1941,N20,VIIRS,n,2,294.83,4.9,D,0
50.97792,-119.73644,342.69,0.37,0.58,2023-08-16,1941,N20,VIIRS,n,2,295.99,12.38,D,0
50.97891,-119.73315,330.29,0.37,0.58,2023-08-16,1941,N20,VIIRS,n,2,293.95,12.38,D,0
50.98154,-119.74409,334.84,0.37,0.58,2023-08-16,1941,N20,VIIRS,n,2,298,4.9,D,0
50.98256,-119.74069,353.4,0.37,0.58,2023-08-16,1941,N20,VIIRS,n,2,304.05,12.38,D,0
50.98356,-119.73738,352.51,0.37,0.58,2023-08-16,1941,N20,VIIRS,n,2,312.88,12.38,D,0
50.98394,-119.48186,356.22,0.36,0.57,2023-08-16,1941,N20,VIIRS,l,2,293.64,5.22,D,0
50.9843,-119.77429,333.81,0.37,0.58,2023-08-16,1941,N20,VIIRS,n,2,294.33,4.66,D,0
50.98456,-119.73408,337.67,0.37,0.58,2023-08-16,1941,N20,VIIRS,n,2,294.45,16.1,D,0
50.98484,-119.47889,325.55,0.36,0.57,2023-08-16,1941,N20,VIIRS,n,2,290.24,5.22,D,0
50.98557,-119.77006,347.55,0.37,0.58,2023-08-16,1941,N20,VIIRS,n,2,295.23,4.66,D,0
50.98601,-119.74891,335.12,0.37,0.58,2023-08-16,1941,N20,VIIRS,n,2,298.41,6.65,D,0
50.98676,-119.76612,325.44,0.37,0.58,2023-08-16,1941,N20,VIIRS,n,2,295.45,6.98,D,0
50.9872,-119.74496,354.64,0.37,0.58,2023-08-16,1941,N20,VIIRS,n,2,304.15,15.23,D,0
50.98748,-119.54801,350.76,0.36,0.57,2023-08-16,1941,N20,VIIRS,n,2,294.23,19.68,D,0
50.98778,-119.77969,341.12,0.37,0.58,2023-08-16,1941,N20,VIIRS,n,2,301.43,26.68,D,0
50.98828,-119.74137,367,0.37,0.58,2023-08-16,1941,N20,VIIRS,h,2,304.41,15.23,D,0
50.98915,-119.48401,336.25,0.36,0.57,2023-08-16,1941,N20,VIIRS,n,2,289.83,5.22,D,0
50.98922,-119.77766,351.52,0.37,0.58,2023-08-16,1941,N20,VIIRS,n,2,304.68,23.4,D,0
50.98936,-119.77454,367,0.37,0.58,2023-08-16,1941,N20,VIIRS,h,2,296.85,41.6,D,0
50.99061,-119.75333,334.52,0.37,0.58,2023-08-16,1941,N20,VIIRS,n,2,296.74,6.65,D,0
50.99076,-119.77253,352.52,0.37,0.58,2023-08-16,1941,N20,VIIRS,n,2,293.71,23.4,D,0
50.99194,-119.74891,333.91,0.37,0.58,2023-08-16,1941,N20,VIIRS,n,2,294.25,15.23,D,0
50.99201,-119.76585,352.85,0.37,0.58,2023-08-16,1941,N20,VIIRS,n,2,298.24,10.13,D,0
50.99317,-119.76207,353.04,0.37,0.58,2023-08-16,1941,N20,VIIRS,n,2,292.93,10.13,D,0
50.99322,-119.76434,367,0.37,0.58,2023-08-16,1941,N20,VIIRS,h,2,299.05,24.3,D,0
50.99358,-119.78017,367,0.37,0.58,2023-08-16,1941,N20,VIIRS,h,2,294.56,26.68,D,0
50.99424,-119.79745,326.38,0.37,0.58,2023-08-16,1941,N20,VIIRS,n,2,295.44,3.42,D,0
50.99506,-119.77792,339.7,0.37,0.58,2023-08-16,1941,N20,VIIRS,n,2,294.28,23.4,D,0
50.99511,-119.77517,352.64,0.37,0.58,2023-08-16,1941,N20,VIIRS,n,2,300.3,41.6,D,0
50.9964,-119.77346,367,0.37,0.58,2023-08-16,1941,N20,VIIRS,h,2,296.1,23.4,D,0
51.00634,-119.64178,340.51,0.36,0.58,2023-08-16,1941,N20,VIIRS,n,2,294.89,4.4,D,0
51.01145,-119.83854,337.02,0.37,0.58,2023-08-16,1941,N20,VIIRS,n,2,293.06,1.92,D,0
51.0158,-119.57101,367,0.36,0.57,2023-08-16,1941,N20,VIIRS,h,2,291.93,12.02,D,0
51.01948,-119.57835,353.19,0.36,0.57,2023-08-16,1941,N20,VIIRS,n,2,289.83,12.02,D,0
51.01949,-119.59794,340.43,0.36,0.57,2023-08-16,1941,N20,VIIRS,n,2,289.37,14.3,D,0
51.02076,-119.59372,349.21,0.36,0.57,2023-08-16,1941,N20,VIIRS,n,2,295.86,43.58,D,0
51.02175,-119.60997,367,0.36,0.57,2023-08-16,1941,N20,VIIRS,h,2,294.65,24.07,D,0
51.02208,-119.5893,349.88,0.36,0.57,2023-08-16,1941,N20,VIIRS,n,2,301.21,43.58,D,0
51.02226,-119.78352,352.27,0.37,0.58,2023-08-16,1941,N20,VIIRS,n,2,295.17,5,D,0
51.02362,-119.58414,367,0.36,0.57,2023-08-16,1941,N20,VIIRS,h,2,290.04,36.95,D,0
51.02401,-119.60242,356.12,0.36,0.57,2023-08-16,1941,N20,VIIRS,n,2,290.99,14.3,D,0
51.02524,-119.59832,356.36,0.36,0.57,2023-08-16,1941,N20,VIIRS,l,2,288.02,14.3,D,0
51.02648,-119.59418,356.44,0.36,0.57,2023-08-16,1941,N20,VIIRS,l,2,289.22,43.58,D,0
51.05091,-119.7673,348.24,0.37,0.58,2023-08-16,1941,N20,VIIRS,n,2,295.49,6.9,D,0
51.05181,-119.76435,348.2,0.36,0.58,2023-08-16,1941,N20,VIIRS,n,2,295.01,5.11,D,0
51.05273,-119.76128,334.65,0.36,0.58,2023-08-16,1941,N20,VIIRS,n,2,295.49,5.11,D,0
51.05275,-119.78075,332.75,0.37,0.58,2023-08-16,1941,N20,VIIRS,n,2,293.44,3.38,D,0
51.07794,-119.69746,367,0.36,0.58,2023-08-16,1941,N20,VIIRS,h,2,298.18,13.07,D,0
51.08222,-119.7028,328.24,0.36,0.58,2023-08-16,1941,N20,VIIRS,n,2,293.09,1.37,D,0
51.09242,-118.33652,367,0.32,0.55,2023-08-16,1941,N20,VIIRS,h,2,301.52,8.52,D,0
51.09349,-118.33286,342.61,0.32,0.55,2023-08-16,1941,N20,VIIRS,n,2,294.28,8.52,D,0
51.52529,-117.5569,338.84,0.58,0.52,2023-08-16,1941,N20,VIIRS,n,2,296.18,6.4,D,0
51.52625,-117.55643,335.97,0.58,0.52,2023-08-16,1941,N20,VIIRS,n,2,295.47,9.41,D,0
49.1119,-121.2602,342.04,0.4,0.44,2023-08-16,2121,N20,VIIRS,n,2,299.95,7.64,D,0
49.11461,-120.00051,347.33,0.45,0.47,2023-08-16,2121,N20,VIIRS,n,2,294.04,41.42,D,0
49.11668,-121.25281,330.48,0.4,0.44,2023-08-16,2121,N20,VIIRS,n,2,298.29,7.64,D,0
49.11782,-120.01611,334.28,0.45,0.47,2023-08-16,2121,N20,VIIRS,n,2,305.05,67.1,D,0
49.11819,-120.01116,367,0.45,0.47,2023-08-16,2121,N20,VIIRS,l,2,361.85,585.39,D,0
49.11856,-120.00613,367,0.45,0.47,2023-08-16,2121,N20,VIIRS,h,2,351.99,585.39,D,0
49.11894,-120.00108,367,0.45,0.47,2023-08-16,2121,N20,VIIRS,h,2,299.14,41.42,D,0
49.11933,-119.99577,356.42,0.45,0.47,2023-08-16,2121,N20,VIIRS,n,2,297.55,41.42,D,0
49.11972,-119.99049,335.08,0.45,0.47,2023-08-16,2121,N20,VIIRS,n,2,289.07,7.39,D,0
49.12219,-120.01615,367,0.45,0.47,2023-08-16,2121,N20,VIIRS,h,2,333.36,94.49,D,0
49.12257,-120.01109,367,0.45,0.47,2023-08-16,2121,N20,VIIRS,h,2,347.26,95.57,D,0
49.12294,-120.00607,350.51,0.45,0.47,2023-08-16,2121,N20,VIIRS,n,2,324.09,95.57,D,0
49.12332,-120.00096,367,0.45,0.47,2023-08-16,2121,N20,VIIRS,h,2,301.77,16.46,D,0
49.1237,-119.9958,367,0.45,0.47,2023-08-16,2121,N20,VIIRS,h,2,299.72,16.46,D,0
49.12411,-119.99032,340.86,0.45,0.47,2023-08-16,2121,N20,VIIRS,n,2,289.62,7.32,D,0
49.12616,-120.02148,335.45,0.45,0.47,2023-08-16,2121,N20,VIIRS,n,2,302.04,94.49,D,0
49.12656,-120.01617,367,0.45,0.47,2023-08-16,2121,N20,VIIRS,h,2,342.22,94.49,D,0
49.12696,-120.01076,353.22,0.45,0.47,2023-08-16,2121,N20,VIIRS,n,2,314.8,95.57,D,0
49.12737,-120.00539,356.32,0.45,0.47,2023-08-16,2121,N20,VIIRS,n,2,307.72,95.57,D,0
49.12774,-120.00039,367,0.45,0.47,2023-08-16,2121,N20,VIIRS,h,2,302.24,16.46,D,0
49.12812,-119.99528,353.31,0.45,0.47,2023-08-16,2121,N20,VIIRS,n,2,297.34,16.46,D,0
49.12854,-119.98968,337.81,0.45,0.47,2023-08-16,2121,N20,VIIRS,n,2,290.14,7.32,D,0
49.13054,-120.02141,339.16,0.45,0.47,2023-08-16,2121,N20,VIIRS,n,2,313.53,127.43,D,0
49.13094,-120.01601,348.89,0.45,0.47,2023-08-16,2121,N20,VIIRS,n,2,318.42,127.43,D,0
49.13137,-120.01033,367,0.45,0.47,2023-08-16,2121,N20,VIIRS,h,2,307.88,18.37,D,0
49.13179,-120.0047,367,0.45,0.47,2023-08-16,2121,N20,VIIRS,h,2,307.44,18.37,D,0
49.13179,-120.02679,341.61,0.45,0.47,2023-08-16,2121,N20,VIIRS,n,2,301.55,170,D,0
49.13214,-120.02191,367,0.45,0.47,2023-08-16,2121,N20,VIIRS,h,2,337.59,170,D,0
49.13217,-119.99965,356.92,0.45,0.47,2023-08-16,2121,N20,VIIRS,n,2,311.38,20.65,D,0
49.13252,-120.0166,367,0.45,0.47,2023-08-16,2121,N20,VIIRS,h,2,311.8,36.74,D,0
49.13256,-119.99439,344.7,0.45,0.47,2023-08-16,2121,N20,VIIRS,n,2,296.12,20.65,D,0
49.13292,-120.01096,367,0.45,0.47,2023-08-16,2121,N20,VIIRS,h,2,309.98,36.74,D,0
49.13332,-120.00526,367,0.45,0.47,2023-08-16,2121,N20,VIIRS,h,2,308.97,22,D,0
49.1337,-120.00002,367,0.45,0.47,2023-08-16,2121,N20,VIIRS,h,2,315.97,22,D,0
49.13407,-119.99476,341.87,0.45,0.47,2023-08-16,2121,N20,VIIRS,n,2,297.36,9.95,D,0
49.13461,-120.02556,367,0.45,0.47,2023-08-16,2121,N20,VIIRS,l,2,347.16,228.92,D,0
49.13486,-120.04486,335.84,0.45,0.47,2023-08-16,2121,N20,VIIRS,n,2,302.45,10.88,D,0
49.13496,-120.02078,367,0.45,0.47,2023-08-16,2121,N20,VIIRS,h,2,358,127.43,D,0
49.13536,-120.0155,355.51,0.45,0.47,2023-08-16,2121,N20,VIIRS,n,2,316.89,127.43,D,0
49.13542,-120.03705,353.71,0.45,0.47,2023-08-16,2121,N20,VIIRS,n,2,303.74,35.37,D,0
49.13579,-120.00981,367,0.45,0.47,2023-08-16,2121,N20,VIIRS,h,2,307.6,18.37,D,0
49.13621,-120.02599,367,0.45,0.47,2023-08-16,2121,N20,VIIRS,h,2,350.22,170,D,0
49.13622,-120.00414,367,0.45,0.47,2023-08-16,2121,N20,VIIRS,h,2,308.86,18.37,D,0
49.13655,-120.02115,367,0.45,0.47,2023-08-16,2121,N20,VIIRS,h,2,359.29,170,D,0
49.13662,-119.99879,367,0.45,0.47,2023-08-16,2121,N20,VIIRS,h,2,315.34,20.65,D,0
49.13692,-120.01603,353.65,0.45,0.47,2023-08-16,2121,N20,VIIRS,n,2,320.96,36.74,D,0
49.13732,-120.01045,351.3,0.45,0.47,2023-08-16,2121,N20,VIIRS,n,2,304.93,36.74,D,0
49.13749,-120.04489,336,0.45,0.47,2023-08-16,2121,N20,VIIRS,n,2,303.71,25.29,D,0
49.13773,-120.00466,353.19,0.45,0.47,2023-08-16,2121,N20,VIIRS,n,2,309.28,22,D,0
49.13811,-119.99931,354.92,0.45,0.47,2023-08-16,2121,N20,VIIRS,n,2,317.4,22,D,0
49.13811,-120.03694,356.47,0.45,0.47,2023-08-16,2121,N20,VIIRS,n,2,308.29,25.29,D,0
49.13851,-119.9938,367,0.45,0.47,2023-08-16,2121,N20,VIIRS,h,2,307.83,9.95,D,0
49.13862,-120.03029,345.83,0.45,0.47,2023-08-16,2121,N20,VIIRS,n,2,302.67,101.93,D,0
49.13895,-119.9876,342.17,0.45,0.47,2023-08-16,2121,N20,VIIRS,n,2,300.12,9.95,D,0
49.13902,-120.025,367,0.45,0.47,2023-08-16,2121,N20,VIIRS,h,2,336.79,101.93,D,0
49.13924,-120.07883,341.53,0.45,0.47,2023-08-16,2121,N20,VIIRS,n,2,306.38,15.31,D,0
49.1394,-120.02004,367,0.45,0.47,2023-08-16,2121,N20,VIIRS,l,2,335.2,49.74,D,0
49.13965,-120.07342,335.63,0.45,0.47,2023-08-16,2121,N20,VIIRS,l,2,307.48,9.78,D,0
49.13967,-120.03862,344.08,0.45,0.47,2023-08-16,2121,N20,VIIRS,n,2,303.02,9.31,D,0
49.13979,-120.01476,367,0.45,0.47,2023-08-16,2121,N20,VIIRS,h,2,314.98,49.74,D,0
49.14018,-120.03149,345.44,0.45,0.47,2023-08-16,2121,N20,VIIRS,n,2,304.07,9.31,D,0
49.14021,-120.00925,350.17,0.45,0.47,2023-08-16,2121,N20,VIIRS,n,2,305.94,18.21,D,0
49.1406,-120.02567,367,0.45,0.47,2023-08-16,2121,N20,VIIRS,h,2,325.27,56.85,D,0
49.14062,-120.00369,355.87,0.45,0.47,2023-08-16,2121,N20,VIIRS,n,2,316.13,18.21,D,0
49.14097,-120.02052,367,0.45,0.47,2023-08-16,2121,N20,VIIRS,l,2,330.44,56.85,D,0
49.14101,-119.89626,350.67,0.46,0.47,2023-08-16,2121,N20,VIIRS,n,2,302.63,74.9,D,0
49.14103,-119.99834,355.74,0.45,0.47,2023-08-16,2121,N20,VIIRS,n,2,317,32.47,D,0
49.14103,-120.08059,344.35,0.45,0.47,2023-08-16,2121,N20,VIIRS,n,2,313.04,18.61,D,0
49.14135,-120.01517,367,0.45,0.47,2023-08-16,2121,N20,VIIRS,h,2,312.52,15.68,D,0
49.14141,-120.07522,347.21,0.45,0.47,2023-08-16,2121,N20,VIIRS,n,2,310.4,18.61,D,0
49.14147,-119.99255,354.53,0.45,0.47,2023-08-16,2121,N20,VIIRS,n,2,317.83,32.47,D,0
49.14174,-120.00973,347.12,0.45,0.47,2023-08-16,2121,N20,VIIRS,n,2,305.33,15.68,D,0
49.142,-119.98563,339.16,0.45,0.47,2023-08-16,2121,N20,VIIRS,n,2,298.88,10.33,D,0
49.14212,-120.00432,355.3,0.45,0.47,2023-08-16,2121,N20,VIIRS,n,2,314.59,20.08,D,0
49.14251,-119.99901,354.7,0.45,0.47,2023-08-16,2121,N20,VIIRS,n,2,315.76,20.08,D,0
49.14291,-119.99323,355.44,0.45,0.47,2023-08-16,2121,N20,VIIRS,n,2,311.59,29.06,D,0
49.14384,-120.01914,356.41,0.45,0.47,2023-08-16,2121,N20,VIIRS,n,2,314.4,49.74,D,0
49.14424,-120.01384,336.27,0.45,0.47,2023-08-16,2121,N20,VIIRS,n,2,303.98,49.74,D,0
49.14436,-119.8956,367,0.46,0.47,2023-08-16,2121,N20,VIIRS,h,2,329.64,68.47,D,0
49.14492,-119.88824,341.19,0.46,0.47,2023-08-16,2121,N20,VIIRS,n,2,293.28,68.47,D,0
49.14495,-120.02595,334.28,0.45,0.47,2023-08-16,2121,N20,VIIRS,n,2,309.13,56.85,D,0
49.14503,-120.00333,353.07,0.45,0.47,2023-08-16,2121,N20,VIIRS,n,2,307.17,18.21,D,0
49.14521,-120.08292,355.98,0.45,0.47,2023-08-16,2121,N20,VIIRS,n,2,309.24,10.29,D,0
49.14537,-119.89664,367,0.46,0.47,2023-08-16,2121,N20,VIIRS,h,2,327.12,74.9,D,0
49.14539,-120.01977,350.52,0.45,0.47,2023-08-16,2121,N20,VIIRS,n,2,307.93,56.85,D,0
49.14543,-119.99806,355.96,0.45,0.47,2023-08-16,2121,N20,VIIRS,n,2,310.99,32.47,D,0
49.14547,-119.88091,345.4,0.46,0.47,2023-08-16,2121,N20,VIIRS,n,2,295.44,10.3,D,0
49.14562,-120.07738,332.17,0.45,0.47,2023-08-16,2121,N20,VIIRS,n,2,306.63,10.29,D,0
49.14589,-119.88926,344.97,0.46,0.47,2023-08-16,2121,N20,VIIRS,n,2,297.14,28.57,D,0
49.14639,-119.88194,353.47,0.46,0.47,2023-08-16,2121,N20,VIIRS,n,2,296.91,28.57,D,0
49.14653,-120.00388,345.79,0.45,0.47,2023-08-16,2121,N20,VIIRS,n,2,304.85,20.08,D,0
49.1469,-119.99863,350.87,0.45,0.47,2023-08-16,2121,N20,VIIRS,n,2,304.17,20.08,D,0
49.14873,-119.8959,353.69,0.46,0.47,2023-08-16,2121,N20,VIIRS,n,2,305.91,14.2,D,0
49.14927,-119.88876,350.63,0.46,0.47,2023-08-16,2121,N20,VIIRS,n,2,301.62,14.2,D,0
49.14942,-120.08501,367,0.45,0.47,2023-08-16,2121,N20,VIIRS,h,2,306.16,10.29,D,0
49.14983,-119.88145,339.19,0.46,0.47,2023-08-16,2121,N20,VIIRS,n,2,300.43,12.05,D,0
49.15024,-119.88975,342.65,0.46,0.47,2023-08-16,2121,N20,VIIRS,n,2,301.01,5.8,D,0
49.15075,-119.88245,331.97,0.46,0.47,2023-08-16,2121,N20,VIIRS,n,2,301.61,5.8,D,0
49.16249,-120.085,342.93,0.45,0.47,2023-08-16,2121,N20,VIIRS,n,2,309.65,12.47,D,0
49.16295,-120.07862,344.82,0.45,0.47,2023-08-16,2121,N20,VIIRS,n,2,304.66,8.83,D,0
49.16717,-120.08046,341.28,0.45,0.47,2023-08-16,2121,N20,VIIRS,n,2,301.43,8.83,D,0
49.16761,-120.07452,340.08,0.45,0.47,2023-08-16,2121,N20,VIIRS,n,2,308.89,8.83,D,0
49.18898,-119.9612,342.55,0.46,0.47,2023-08-16,2121,N20,VIIRS,n,2,298.38,11.56,D,0
49.19127,-120.04922,338.96,0.45,0.47,2023-08-16,2121,N20,VIIRS,n,2,302.05,7.45,D,0
49.19831,-120.07191,332.64,0.45,0.47,2023-08-16,2121,N20,VIIRS,n,2,302.24,61.68,D,0
49.19886,-120.06449,346.97,0.45,0.47,2023-08-16,2121,N20,VIIRS,n,2,315.44,61.68,D,0
49.19938,-120.05757,342.59,0.45,0.47,2023-08-16,2121,N20,VIIRS,n,2,299.53,33.62,D,0
49.20367,-120.05853,367,0.45,0.47,2023-08-16,2121,N20,VIIRS,l,2,327.21,33.62,D,0
49.20419,-120.05151,348.27,0.45,0.47,2023-08-16,2121,N20,VIIRS,n,2,305.73,33.62,D,0
49.20843,-120.05315,351.23,0.45,0.47,2023-08-16,2121,N20,VIIRS,n,2,320.55,81.84,D,0
49.20895,-120.04634,343.44,0.45,0.47,2023-08-16,2121,N20,VIIRS,n,2,303.65,88.5,D,0
49.21073,-120.02264,344.08,0.45,0.47,2023-08-16,2121,N20,VIIRS,n,2,299.93,25.31,D,0
49.21131,-120.01484,355.71,0.45,0.47,2023-08-16,2121,N20,VIIRS,n,2,308.17,20.52,D,0
49.21199,-120.00574,344.55,0.45,0.47,2023-08-16,2121,N20,VIIRS,n,2,299.54,20.52,D,0
49.2127,-120.05438,349.78,0.45,0.47,2023-08-16,2121,N20,VIIRS,n,2,304.53,81.84,D,0
49.21319,-120.04786,367,0.45,0.47,2023-08-16,2121,N20,VIIRS,h,2,341.3,88.5,D,0
49.21373,-120.04073,350.38,0.45,0.47,2023-08-16,2121,N20,VIIRS,n,2,312.83,88.5,D,0
49.21435,-120.03253,348.1,0.45,0.47,2023-08-16,2121,N20,VIIRS,n,2,302.2,25.31,D,0
49.21498,-120.02412,346.66,0.45,0.47,2023-08-16,2121,N20,VIIRS,n,2,305.94,25.31,D,0
49.21558,-120.01615,367,0.45,0.47,2023-08-16,2121,N20,VIIRS,h,2,312.53,20.52,D,0
49.21625,-120.00726,345.87,0.45,0.47,2023-08-16,2121,N20,VIIRS,n,2,302,20.52,D,0
49.21863,-120.03362,344.94,0.45,0.47,2023-08-16,2121,N20,VIIRS,n,2,301.73,100.17,D,0
49.21924,-120.0256,367,0.45,0.47,2023-08-16,2121,N20,VIIRS,h,2,339.92,100.17,D,0
49.21985,-120.01753,356.38,0.45,0.47,2023-08-16,2121,N20,VIIRS,n,2,311.63,16.71,D,0
49.22054,-120.00853,333.63,0.45,0.47,2023-08-16,2121,N20,VIIRS,n,2,302.03,16.71,D,0
49.2242,-120.01786,367,0.45,0.47,2023-08-16,2121,N20,VIIRS,h,2,302.95,16.71,D,0
49.22494,-120.00822,351.49,0.45,0.47,2023-08-16,2121,N20,VIIRS,n,2,305.32,16.71,D,0
49.90615,-119.63463,334.98,0.48,0.48,2023-08-16,2121,N20,VIIRS,n,2,297.76,3.19,D,0
49.90725,-119.63937,334.55,0.48,0.48,2023-08-16,2121,N20,VIIRS,n,2,300.3,20.82,D,0
49.91055,-119.63578,345.43,0.48,0.48,2023-08-16,2121,N20,VIIRS,n,2,299.3,15.97,D,0
50.38972,-120.43063,354.75,0.45,0.47,2023-08-16,2121,N20,VIIRS,n,2,304.05,13.4,D,0
50.39155,-120.43375,347.2,0.45,0.47,2023-08-16,2121,N20,VIIRS,n,2,310.8,44.01,D,0
50.39203,-120.42696,350.03,0.45,0.47,2023-08-16,2121,N20,VIIRS,n,2,302.4,18.91,D,0
50.39628,-120.42841,350.96,0.45,0.47,2023-08-16,2121,N20,VIIRS,n,2,300.12,25.8,D,0
50.39956,-120.44331,346.71,0.45,0.47,2023-08-16,2121,N20,VIIRS,n,2,311.94,48.69,D,0
50.40005,-120.43652,348.89,0.45,0.47,2023-08-16,2121,N20,VIIRS,n,2,309.71,48.69,D,0
50.4038,-120.44485,343.01,0.45,0.47,2023-08-16,2121,N20,VIIRS,n,2,300.7,15.7,D,0
50.40431,-120.43777,332.63,0.45,0.47,2023-08-16,2121,N20,VIIRS,n,2,297.29,15.7,D,0
50.40806,-120.44603,351.98,0.45,0.47,2023-08-16,2121,N20,VIIRS,n,2,308.66,15.7,D,0
50.40912,-120.43129,344.58,0.45,0.47,2023-08-16,2121,N20,VIIRS,n,2,301.66,20.18,D,0
50.41234,-120.447,349.27,0.45,0.47,2023-08-16,2121,N20,VIIRS,n,2,314.01,53.8,D,0
50.41664,-120.44762,353.7,0.45,0.47,2023-08-16,2121,N20,VIIRS,n,2,309.86,53.8,D,0
50.41869,-120.41921,335.81,0.45,0.47,2023-08-16,2121,N20,VIIRS,n,2,299.26,73.85,D,0
50.41916,-120.41273,319.39,0.45,0.47,2023-08-16,2121,N20,VIIRS,l,2,323.05,73.85,D,0
50.42044,-120.45519,346.21,0.45,0.47,2023-08-16,2121,N20,VIIRS,n,2,301.29,21.49,D,0
50.42094,-120.4483,346.91,0.45,0.47,2023-08-16,2121,N20,VIIRS,n,2,300.62,8.06,D,0
50.42145,-120.44133,340.47,0.45,0.47,2023-08-16,2121,N20,VIIRS,n,2,298.18,8.06,D,0
50.42344,-120.41383,348.03,0.45,0.47,2023-08-16,2121,N20,VIIRS,n,2,302.79,14.68,D,0
50.42372,-120.46981,347.34,0.45,0.47,2023-08-16,2121,N20,VIIRS,n,2,303.85,35.4,D,0
50.42702,-120.48407,342.13,0.45,0.47,2023-08-16,2121,N20,VIIRS,n,2,307.53,12.89,D,0
50.42751,-120.47739,345.05,0.45,0.47,2023-08-16,2121,N20,VIIRS,n,2,298.5,9.71,D,0
50.4282,-120.40817,333.83,0.45,0.47,2023-08-16,2121,N20,VIIRS,n,2,298.91,13.88,D,0
50.43178,-120.47836,336.89,0.45,0.47,2023-08-16,2121,N20,VIIRS,n,2,305.1,9.71,D,0
50.45158,-117.57072,335.74,0.6,0.53,2023-08-16,2121,N20,VIIRS,n,2,296.14,9.17,D,0
50.4534,-117.57092,339.07,0.6,0.53,2023-08-16,2121,N20,VIIRS,n,2,297.09,5.25,D,0
50.52076,-120.41652,341.69,0.45,0.47,2023-08-16,2121,N20,VIIRS,n,2,303,6.77,D,0
50.94275,-119.62257,338.62,0.49,0.49,2023-08-16,2121,N20,VIIRS,n,2,297.31,12.09,D,0
50.94317,-119.6161,356.09,0.49,0.49,2023-08-16,2121,N20,VIIRS,n,2,301.39,12.09,D,0
50.94361,-119.60945,348.6,0.49,0.49,2023-08-16,2121,N20,VIIRS,n,2,300.75,9.79,D,0
50.94405,-119.60278,334.57,0.49,0.49,2023-08-16,2121,N20,VIIRS,n,2,298.26,9.79,D,0
50.94491,-119.58949,344.35,0.49,0.49,2023-08-16,2121,N20,VIIRS,n,2,307.95,167.22,D,0
50.94624,-119.56908,367,0.49,0.49,2023-08-16,2121,N20,VIIRS,h,2,303.31,16.9,D,0
50.94668,-119.56239,355.86,0.49,0.49,2023-08-16,2121,N20,VIIRS,n,2,302.04,16.9,D,0
50.94712,-119.55551,346.56,0.5,0.49,2023-08-16,2121,N20,VIIRS,n,2,296.31,15.51,D,0
50.94728,-119.6226,347.86,0.49,0.49,2023-08-16,2121,N20,VIIRS,n,2,298.28,6.4,D,0
50.9481,-119.54051,329.44,0.5,0.49,2023-08-16,2121,N20,VIIRS,n,2,294.33,3.43,D,0
50.94894,-119.59731,342.2,0.49,0.49,2023-08-16,2121,N20,VIIRS,n,2,306.94,32.65,D,0
50.94935,-119.59098,346.5,0.49,0.49,2023-08-16,2121,N20,VIIRS,n,2,318.7,32.65,D,0
50.94978,-119.58443,345.37,0.49,0.49,2023-08-16,2121,N20,VIIRS,n,2,299.8,9.16,D,0
50.95022,-119.57767,332.23,0.49,0.49,2023-08-16,2121,N20,VIIRS,n,2,297.8,9.16,D,0
50.95066,-119.57088,342.59,0.49,0.49,2023-08-16,2121,N20,VIIRS,n,2,302.62,5.43,D,0
50.9511,-119.56424,339.3,0.49,0.49,2023-08-16,2121,N20,VIIRS,n,2,300.45,5.43,D,0
50.95152,-119.55761,341.22,0.5,0.49,2023-08-16,2121,N20,VIIRS,n,2,295.82,9.88,D,0
50.95174,-119.62365,335.7,0.49,0.49,2023-08-16,2121,N20,VIIRS,n,2,297.3,6.4,D,0
50.95198,-119.55056,333.09,0.5,0.49,2023-08-16,2121,N20,VIIRS,n,2,293.12,9.88,D,0
50.95303,-119.53458,330.87,0.5,0.49,2023-08-16,2121,N20,VIIRS,n,2,295.37,8.5,D,0
50.95339,-119.59847,331.52,0.49,0.49,2023-08-16,2121,N20,VIIRS,n,2,300.79,32.65,D,0
50.95345,-119.52819,356.38,0.5,0.49,2023-08-16,2121,N20,VIIRS,n,2,302.15,44.95,D,0
50.95378,-119.59243,367,0.49,0.49,2023-08-16,2121,N20,VIIRS,h,2,307.81,32.65,D,0
50.95383,-119.52208,342.15,0.5,0.49,2023-08-16,2121,N20,VIIRS,n,2,295.6,44.95,D,0
50.9542,-119.58608,334.02,0.49,0.49,2023-08-16,2121,N20,VIIRS,n,2,301.11,9.16,D,0
50.95463,-119.5795,325.97,0.49,0.49,2023-08-16,2121,N20,VIIRS,l,2,298.42,9.16,D,0
50.95508,-119.57272,336.14,0.49,0.49,2023-08-16,2121,N20,VIIRS,n,2,299.77,5.43,D,0
50.95551,-119.56609,329.31,0.49,0.49,2023-08-16,2121,N20,VIIRS,n,2,296.34,5.43,D,0
50.95594,-119.55952,344.53,0.5,0.49,2023-08-16,2121,N20,VIIRS,n,2,296.13,9.88,D,0
50.95638,-119.55271,355.41,0.5,0.49,2023-08-16,2121,N20,VIIRS,n,2,302.12,9.88,D,0
50.95691,-119.54478,327.08,0.5,0.49,2023-08-16,2121,N20,VIIRS,n,2,293.67,8.5,D,0
50.95747,-119.53625,345.72,0.5,0.49,2023-08-16,2121,N20,VIIRS,n,2,299,8.5,D,0
50.95787,-119.53004,336.16,0.5,0.49,2023-08-16,2121,N20,VIIRS,n,2,299.65,44.95,D,0
50.95844,-119.65925,337.22,0.49,0.49,2023-08-16,2121,N20,VIIRS,n,2,296.32,7.41,D,0
50.95866,-119.51775,341.66,0.5,0.49,2023-08-16,2121,N20,VIIRS,n,2,292.9,18.61,D,0
50.95866,-119.58721,330.03,0.49,0.49,2023-08-16,2121,N20,VIIRS,n,2,302.01,4.64,D,0
50.95882,-119.6535,345.26,0.49,0.49,2023-08-16,2121,N20,VIIRS,n,2,296.07,11.71,D,0
50.95907,-119.51143,343.66,0.5,0.49,2023-08-16,2121,N20,VIIRS,n,2,293.28,18.61,D,0
50.95907,-119.58104,331.87,0.49,0.49,2023-08-16,2121,N20,VIIRS,l,2,303.28,4.64,D,0
50.9595,-119.57452,351.98,0.49,0.49,2023-08-16,2121,N20,VIIRS,n,2,306.69,12.31,D,0
50.95961,-119.64158,339.35,0.49,0.49,2023-08-16,2121,N20,VIIRS,n,2,295.15,3.11,D,0
50.95993,-119.56792,367,0.49,0.49,2023-08-16,2121,N20,VIIRS,h,2,309.98,12.31,D,0
50.96035,-119.56134,367,0.5,0.49,2023-08-16,2121,N20,VIIRS,h,2,309.57,15.73,D,0
50.9605,-119.65643,352.36,0.49,0.49,2023-08-16,2121,N20,VIIRS,n,2,302.36,18.82,D,0
50.9608,-119.55453,339.51,0.5,0.49,2023-08-16,2121,N20,VIIRS,n,2,297.33,15.73,D,0
50.96124,-119.64463,340.6,0.49,0.49,2023-08-16,2121,N20,VIIRS,n,2,296.46,11.09,D,0
50.9613,-119.54693,353.56,0.5,0.49,2023-08-16,2121,N20,VIIRS,n,2,304.2,9.08,D,0
50.96189,-119.53816,329.91,0.5,0.49,2023-08-16,2121,N20,VIIRS,n,2,296.94,9.08,D,0
50.96229,-119.53189,328.41,0.5,0.49,2023-08-16,2121,N20,VIIRS,n,2,297.51,30.36,D,0
50.9631,-119.51945,341.8,0.5,0.49,2023-08-16,2121,N20,VIIRS,n,2,291.75,34.13,D,0
50.96324,-119.65507,330.95,0.49,0.49,2023-08-16,2121,N20,VIIRS,n,2,297.66,3.42,D,0
50.96355,-119.58183,330.78,0.49,0.49,2023-08-16,2121,N20,VIIRS,l,2,302.5,4.64,D,0
50.96397,-119.57555,349.7,0.49,0.49,2023-08-16,2121,N20,VIIRS,n,2,307.23,12.31,D,0
50.96439,-119.56905,367,0.49,0.49,2023-08-16,2121,N20,VIIRS,h,2,307.72,12.31,D,0
50.96481,-119.56271,367,0.5,0.49,2023-08-16,2121,N20,VIIRS,h,2,307.15,15.73,D,0
50.96524,-119.5561,352.7,0.5,0.49,2023-08-16,2121,N20,VIIRS,n,2,303.13,15.73,D,0
50.96572,-119.54887,347.18,0.5,0.49,2023-08-16,2121,N20,VIIRS,n,2,300.91,9.08,D,0
50.96573,-119.57162,352.57,0.5,0.49,2023-08-16,2121,N20,VIIRS,n,2,306.54,9.98,D,0
50.96611,-119.56538,350.76,0.5,0.49,2023-08-16,2121,N20,VIIRS,n,2,305.91,9.98,D,0
50.96629,-119.54024,334.82,0.5,0.49,2023-08-16,2121,N20,VIIRS,n,2,296.94,9.08,D,0
50.9665,-119.55906,353.1,0.5,0.49,2023-08-16,2121,N20,VIIRS,n,2,304.51,8.52,D,0
50.96674,-119.53345,326.07,0.5,0.49,2023-08-16,2121,N20,VIIRS,l,2,296.11,30.36,D,0
50.96692,-119.55227,345.55,0.5,0.49,2023-08-16,2121,N20,VIIRS,n,2,302.41,8.52,D,0
50.96697,-119.59896,326.8,0.49,0.49,2023-08-16,2121,N20,VIIRS,l,2,301.15,3.29,D,0
50.96712,-119.52744,339.12,0.5,0.49,2023-08-16,2121,N20,VIIRS,n,2,296.49,30.36,D,0
50.96737,-119.59305,338.89,0.49,0.49,2023-08-16,2121,N20,VIIRS,n,2,304.76,3.29,D,0
50.96739,-119.54447,339.75,0.5,0.49,2023-08-16,2121,N20,VIIRS,n,2,299.19,6.07,D,0
50.96789,-119.53626,327.15,0.5,0.49,2023-08-16,2121,N20,VIIRS,n,2,294.96,6.07,D,0
50.96801,-119.65128,329.03,0.49,0.49,2023-08-16,2121,N20,VIIRS,n,2,296.38,3.42,D,0
50.96815,-119.58116,337.38,0.49,0.49,2023-08-16,2121,N20,VIIRS,n,2,300.36,12.18,D,0
50.96826,-119.53022,334.67,0.5,0.49,2023-08-16,2121,N20,VIIRS,n,2,296.23,7.28,D,0
50.96842,-119.6016,344.78,0.49,0.49,2023-08-16,2121,N20,VIIRS,n,2,300.53,6.6,D,0
50.96892,-119.56927,335.84,0.49,0.49,2023-08-16,2121,N20,VIIRS,n,2,301.53,9.87,D,0
50.9693,-119.5635,353.39,0.5,0.49,2023-08-16,2121,N20,VIIRS,n,2,301.83,6.16,D,0
50.96955,-119.58335,338.45,0.49,0.49,2023-08-16,2121,N20,VIIRS,n,2,300.8,11.44,D,0
50.96971,-119.55723,333.21,0.5,0.49,2023-08-16,2121,N20,VIIRS,n,2,301.95,6.16,D,0
50.97015,-119.55054,340.21,0.5,0.49,2023-08-16,2121,N20,VIIRS,n,2,302.7,6.36,D,0
50.97062,-119.5659,344.1,0.5,0.49,2023-08-16,2121,N20,VIIRS,n,2,299.35,9.98,D,0
50.97067,-119.54263,339.32,0.5,0.49,2023-08-16,2121,N20,VIIRS,n,2,298.61,6.36,D,0
50.97099,-119.55994,344.71,0.5,0.49,2023-08-16,2121,N20,VIIRS,n,2,300.99,8.52,D,0
50.97116,-119.53518,326.15,0.5,0.49,2023-08-16,2121,N20,VIIRS,n,2,294.62,8.34,D,0
50.97138,-119.55351,335.42,0.5,0.49,2023-08-16,2121,N20,VIIRS,n,2,301.39,8.52,D,0
50.97149,-119.59937,343.7,0.49,0.49,2023-08-16,2121,N20,VIIRS,n,2,301.18,3.29,D,0
50.97158,-119.52879,342.53,0.5,0.49,2023-08-16,2121,N20,VIIRS,n,2,294.08,8.34,D,0
50.97182,-119.54641,343.54,0.5,0.49,2023-08-16,2121,N20,VIIRS,n,2,300.08,6.07,D,0
50.97189,-119.59317,329.27,0.49,0.49,2023-08-16,2121,N20,VIIRS,l,2,302.03,3.29,D,0
50.9723,-119.53844,334.07,0.5,0.49,2023-08-16,2121,N20,VIIRS,n,2,295.74,6.07,D,0
50.97271,-119.53172,334.98,0.5,0.49,2023-08-16,2121,N20,VIIRS,n,2,294.33,7.28,D,0
50.97382,-119.56377,336.48,0.5,0.49,2023-08-16,2121,N20,VIIRS,n,2,298.25,6.16,D,0
50.97422,-119.55766,329.74,0.5,0.49,2023-08-16,2121,N20,VIIRS,n,2,298.67,6.16,D,0
50.97464,-119.55138,336.62,0.5,0.49,2023-08-16,2121,N20,VIIRS,n,2,300.3,6.36,D,0
50.97509,-119.54449,337.96,0.5,0.49,2023-08-16,2121,N20,VIIRS,n,2,296.72,6.36,D,0
50.97628,-119.54767,340.63,0.5,0.49,2023-08-16,2121,N20,VIIRS,n,2,298.56,7.78,D,0
50.97636,-119.59428,335.31,0.49,0.49,2023-08-16,2121,N20,VIIRS,l,2,305.52,5.34,D,0
50.97874,-119.55805,332.48,0.5,0.49,2023-08-16,2121,N20,VIIRS,n,2,297.57,12.41,D,0
50.97954,-119.54586,356.23,0.5,0.49,2023-08-16,2121,N20,VIIRS,n,2,300.97,12.93,D,0
50.98001,-119.56077,331.84,0.5,0.49,2023-08-16,2121,N20,VIIRS,n,2,297.1,7.09,D,0
50.98039,-119.55473,325.81,0.5,0.49,2023-08-16,2121,N20,VIIRS,l,2,296.38,7.09,D,0
50.98048,-119.76931,335.81,0.49,0.48,2023-08-16,2121,N20,VIIRS,n,2,297.37,37.96,D,0
50.98076,-119.54872,345.6,0.5,0.49,2023-08-16,2121,N20,VIIRS,n,2,300.57,7.78,D,0
50.98094,-119.76215,335.4,0.49,0.48,2023-08-16,2121,N20,VIIRS,l,2,309.38,37.96,D,0
50.98116,-119.54218,329.7,0.5,0.49,2023-08-16,2121,N20,VIIRS,n,2,292.5,7.78,D,0
50.98244,-119.73856,355.82,0.49,0.48,2023-08-16,2121,N20,VIIRS,n,2,297.52,9.19,D,0
50.984,-119.5472,351.11,0.5,0.49,2023-08-16,2121,N20,VIIRS,n,2,298.88,12.93,D,0
50.98453,-119.77631,355.4,0.49,0.48,2023-08-16,2121,N20,VIIRS,n,2,301.29,13.18,D,0
50.985,-119.76895,341.1,0.49,0.48,2023-08-16,2121,N20,VIIRS,n,2,299.12,37.96,D,0
50.98523,-119.54992,348.78,0.5,0.49,2023-08-16,2121,N20,VIIRS,n,2,304.43,11.56,D,0
50.9855,-119.76126,343.78,0.49,0.48,2023-08-16,2121,N20,VIIRS,n,2,298.07,37.96,D,0
50.98562,-119.54362,339.33,0.5,0.49,2023-08-16,2121,N20,VIIRS,n,2,292.83,11.56,D,0
50.98644,-119.74657,351.04,0.49,0.48,2023-08-16,2121,N20,VIIRS,n,2,298.6,16.35,D,0
50.987,-119.73783,330.23,0.49,0.48,2023-08-16,2121,N20,VIIRS,n,2,294.54,9.19,D,0
50.98852,-119.78432,343.75,0.48,0.48,2023-08-16,2121,N20,VIIRS,n,2,300.51,68.58,D,0
50.98878,-119.56597,335.17,0.5,0.49,2023-08-16,2121,N20,VIIRS,n,2,297.68,9.83,D,0
50.98898,-119.77719,348.19,0.49,0.48,2023-08-16,2121,N20,VIIRS,n,2,309.96,68.58,D,0
50.98928,-119.55798,336.68,0.5,0.49,2023-08-16,2121,N20,VIIRS,n,2,296.72,9.83,D,0
50.98946,-119.76977,345.46,0.49,0.48,2023-08-16,2121,N20,VIIRS,n,2,302.31,86,D,0
50.98969,-119.55128,353.91,0.5,0.49,2023-08-16,2121,N20,VIIRS,n,2,299.45,11.56,D,0
50.98998,-119.76166,339.56,0.49,0.48,2023-08-16,2121,N20,VIIRS,n,2,297.68,86,D,0
50.99195,-119.8007,340.64,0.48,0.48,2023-08-16,2121,N20,VIIRS,n,2,297.69,8.57,D,0
50.99319,-119.56808,332.91,0.5,0.49,2023-08-16,2121,N20,VIIRS,n,2,296.72,8.06,D,0
50.9933,-119.77992,315.35,0.49,0.48,2023-08-16,2121,N20,VIIRS,l,2,319.39,68.58,D,0
50.99371,-119.55984,347.62,0.5,0.49,2023-08-16,2121,N20,VIIRS,n,2,297.1,8.06,D,0
50.99378,-119.77246,367,0.49,0.48,2023-08-16,2121,N20,VIIRS,h,2,344.32,86,D,0
50.99413,-119.55298,352.93,0.5,0.49,2023-08-16,2121,N20,VIIRS,n,2,296.01,16.66,D,0
50.99438,-119.76327,346.5,0.49,0.48,2023-08-16,2121,N20,VIIRS,n,2,295.29,86,D,0
50.99504,-119.82239,335.81,0.48,0.48,2023-08-16,2121,N20,VIIRS,n,2,300.46,7.45,D,0
50.99604,-119.59511,345.46,0.49,0.49,2023-08-16,2121,N20,VIIRS,n,2,300.74,17.86,D,0
50.99717,-119.78965,335.59,0.48,0.48,2023-08-16,2121,N20,VIIRS,n,2,299.87,10.98,D,0
50.99762,-119.56981,336.18,0.5,0.49,2023-08-16,2121,N20,VIIRS,n,2,297.28,8.06,D,0
50.99762,-119.78268,326.22,0.49,0.48,2023-08-16,2121,N20,VIIRS,n,2,296.64,10.98,D,0
50.99812,-119.56191,342.17,0.5,0.49,2023-08-16,2121,N20,VIIRS,n,2,293.73,8.06,D,0
50.99813,-119.77484,341.32,0.49,0.48,2023-08-16,2121,N20,VIIRS,n,2,301.08,72.04,D,0
50.99857,-119.5546,351.66,0.5,0.49,2023-08-16,2121,N20,VIIRS,n,2,290.92,16.66,D,0
51.00253,-119.56386,327.9,0.5,0.49,2023-08-16,2121,N20,VIIRS,n,2,293.91,10,D,0
51.0046,-119.88155,344.74,0.48,0.48,2023-08-16,2121,N20,VIIRS,n,2,300.6,7.69,D,0
51.005,-119.5969,332.84,0.49,0.49,2023-08-16,2121,N20,VIIRS,n,2,297.83,12.3,D,0
51.00653,-119.64408,346.01,0.49,0.49,2023-08-16,2121,N20,VIIRS,n,2,301.22,11.28,D,0
51.00699,-119.56516,345.64,0.5,0.49,2023-08-16,2121,N20,VIIRS,n,2,295.35,10,D,0
51.01109,-119.57207,327.08,0.5,0.49,2023-08-16,2121,N20,VIIRS,n,2,294.83,10.63,D,0
51.01159,-119.84374,329.5,0.48,0.48,2023-08-16,2121,N20,VIIRS,n,2,298.59,7.67,D,0
51.01202,-119.83728,367,0.48,0.48,2023-08-16,2121,N20,VIIRS,h,2,300.63,16.36,D,0
51.01241,-119.62298,347.76,0.49,0.49,2023-08-16,2121,N20,VIIRS,n,2,297.3,7.33,D,0
51.01313,-119.61154,332.28,0.49,0.49,2023-08-16,2121,N20,VIIRS,n,2,296.41,15.65,D,0
51.0147,-119.58704,332.54,0.49,0.49,2023-08-16,2121,N20,VIIRS,n,2,295.88,14.33,D,0
51.015,-119.58216,326.47,0.5,0.49,2023-08-16,2121,N20,VIIRS,n,2,294,10.8,D,0
51.0153,-119.57735,347.09,0.5,0.49,2023-08-16,2121,N20,VIIRS,n,2,298.78,10.8,D,0
51.01563,-119.57214,351.94,0.5,0.49,2023-08-16,2121,N20,VIIRS,n,2,292,10.63,D,0
51.01914,-119.58854,348.99,0.49,0.49,2023-08-16,2121,N20,VIIRS,n,2,295.26,36.22,D,0
51.02235,-119.60914,351.81,0.49,0.49,2023-08-16,2121,N20,VIIRS,n,2,302,54.13,D,0
51.02295,-119.59978,339.15,0.49,0.49,2023-08-16,2121,N20,VIIRS,n,2,302.68,36.22,D,0
51.02352,-119.59096,351.61,0.49,0.49,2023-08-16,2121,N20,VIIRS,n,2,303.72,36.22,D,0
51.02444,-119.78535,331.45,0.49,0.48,2023-08-16,2121,N20,VIIRS,n,2,299.52,3.34,D,0
51.02787,-119.59384,345.87,0.49,0.49,2023-08-16,2121,N20,VIIRS,n,2,307.18,88.37,D,0
51.03392,-119.77811,330.08,0.49,0.48,2023-08-16,2121,N20,VIIRS,n,2,296.99,3.34,D,0
51.05279,-119.76589,328.87,0.49,0.48,2023-08-16,2121,N20,VIIRS,n,2,296.55,4.39,D,0
51.06488,-119.68383,340.45,0.49,0.49,2023-08-16,2121,N20,VIIRS,n,2,298.89,5.58,D,0
51.06524,-119.67807,336.75,0.49,0.49,2023-08-16,2121,N20,VIIRS,n,2,298.32,9.01,D,0
51.06733,-119.68356,340.98,0.49,0.49,2023-08-16,2121,N20,VIIRS,n,2,301.48,7.54,D,0
51.06771,-119.6779,340.1,0.49,0.49,2023-08-16,2121,N20,VIIRS,n,2,298.14,7.54,D,0
51.06944,-119.68346,334.3,0.49,0.49,2023-08-16,2121,N20,VIIRS,n,2,297.9,5.58,D,0
51.07072,-119.70078,327.59,0.49,0.49,2023-08-16,2121,N20,VIIRS,l,2,300.98,4.18,D,0
51.07286,-119.70099,329.58,0.49,0.49,2023-08-16,2121,N20,VIIRS,l,2,301.74,16.02,D,0
51.07359,-119.68932,326.53,0.49,0.49,2023-08-16,2121,N20,VIIRS,l,2,298.07,28.45,D,0
51.07483,-119.70715,337.68,0.49,0.48,2023-08-16,2121,N20,VIIRS,n,2,301.53,28.53,D,0
51.07523,-119.70114,337.98,0.49,0.49,2023-08-16,2121,N20,VIIRS,n,2,302.67,28.53,D,0
51.07635,-119.68417,356.03,0.49,0.49,2023-08-16,2121,N20,VIIRS,n,2,303.21,23.71,D,0
51.07668,-119.67904,343.84,0.49,0.49,2023-08-16,2121,N20,VIIRS,n,2,299.4,23.71,D,0
51.07735,-119.7014,354.95,0.49,0.49,2023-08-16,2121,N20,VIIRS,n,2,305.93,16.02,D,0
51.07841,-119.68456,349.44,0.49,0.49,2023-08-16,2121,N20,VIIRS,n,2,308.94,28.45,D,0
51.07873,-119.67944,348.38,0.49,0.49,2023-08-16,2121,N20,VIIRS,n,2,306.57,53.89,D,0
51.07972,-119.70151,354.4,0.49,0.49,2023-08-16,2121,N20,VIIRS,n,2,305.51,28.53,D,0
51.08083,-119.68478,344.58,0.49,0.49,2023-08-16,2121,N20,VIIRS,n,2,300.88,23.71,D,0
51.08117,-119.67966,351.15,0.49,0.49,2023-08-16,2121,N20,VIIRS,n,2,303.7,23.71,D,0
51.08186,-119.70166,355.38,0.49,0.49,2023-08-16,2121,N20,VIIRS,n,2,299.03,21.98,D,0
51.08424,-119.66378,340.23,0.49,0.49,2023-08-16,2121,N20,VIIRS,n,2,298.47,6.72,D,0
51.08953,-119.65149,340.46,0.49,0.49,2023-08-16,2121,N20,VIIRS,n,2,293,7.99,D,0
51.09086,-118.35882,339.48,0.56,0.51,2023-08-16,2121,N20,VIIRS,n,2,299.11,8.42,D,0
51.0913,-118.35054,334.19,0.56,0.52,2023-08-16,2121,N20,VIIRS,n,2,298.57,10.34,D,0
51.09177,-118.34183,335.86,0.56,0.52,2023-08-16,2121,N20,VIIRS,n,2,298.57,10.34,D,0
51.09231,-118.33151,353.81,0.56,0.52,2023-08-16,2121,N20,VIIRS,n,2,304.92,25.79,D,0
51.09692,-118.33512,334.37,0.56,0.52,2023-08-16,2121,N20,VIIRS,n,2,296.06,25.79,D,0
51.51203,-117.54238,325.57,0.61,0.54,2023-08-16,2121,N20,VIIRS,l,2,298.99,6.2,D,0
51.51241,-117.53425,347.11,0.61,0.54,2023-08-16,2121,N20,VIIRS,n,2,299.77,11.49,D,0
51.51277,-117.52657,347.43,0.61,0.54,2023-08-16,2121,N20,VIIRS,n,2,298.38,11.49,D,0
51.45825,-119.70823,339.83,0.49,0.49,2023-08-16,2122,N20,VIIRS,n,2,299.37,7.26,D,0
51.45856,-119.70337,330.42,0.49,0.49,2023-08-16,2122,N20,VIIRS,n,2,296.66,7.26,D,0
51.463,-119.70482,355.58,0.49,0.49,2023-08-16,2122,N20,VIIRS,n,2,302.11,21.51,D,0
51.46331,-119.69987,327.05,0.49,0.49,2023-08-16,2122,N20,VIIRS,l,2,299.05,16.1,D,0
51.46367,-119.69435,328.76,0.49,0.49,2023-08-16,2122,N20,VIIRS,n,2,293.67,16.1,D,0
51.46745,-119.70606,327.68,0.49,0.49,2023-08-16,2122,N20,VIIRS,n,2,300.05,21.51,D,0
51.46777,-119.70111,352.32,0.49,0.49,2023-08-16,2122,N20,VIIRS,n,2,301.47,16.1,D,0
51.50775,-117.54166,327.62,0.61,0.54,2023-08-16,2122,N20,VIIRS,l,2,298.02,6.28,D,0
51.50816,-117.53191,338.96,0.61,0.54,2023-08-16,2122,N20,VIIRS,n,2,297.3,6.28,D,0
51.51306,-117.53383,326.08,0.61,0.54,2023-08-16,2122,N20,VIIRS,l,2,298.05,8.93,D,0
51.5134,-117.52602,346.75,0.61,0.54,2023-08-16,2122,N20,VIIRS,n,2,298.05,12.47,D,0
49.43051,-117.68234,304.06,0.49,0.4,2023-08-17,0934,N20,VIIRS,n,2,289.22,0.82,N,0
49.43258,-117.68025,309.68,0.49,0.4,2023-08-17,0934,N20,VIIRS,n,2,290.1,1.75,N,0
49.43417,-117.6811,301.26,0.49,0.4,2023-08-17,0934,N20,VIIRS,n,2,289.4,0.82,N,0
49.90521,-119.63922,306.26,0.39,0.44,2023-08-17,0934,N20,VIIRS,n,2,291.26,3.85,N,0
49.90564,-119.64404,367,0.39,0.44,2023-08-17,0934,N20,VIIRS,h,2,300.29,7.44,N,0
49.90609,-119.64907,314.71,0.39,0.44,2023-08-17,0934,N20,VIIRS,n,2,289.78,7.44,N,0
49.90881,-119.6335,342.67,0.39,0.44,2023-08-17,0934,N20,VIIRS,n,2,295.67,3.85,N,0
49.90924,-119.63836,331.46,0.39,0.44,2023-08-17,0934,N20,VIIRS,n,2,297.01,3.85,N,0
49.90967,-119.64314,355.52,0.39,0.44,2023-08-17,0934,N20,VIIRS,n,2,306.08,7.44,N,0
49.9101,-119.64799,328.7,0.39,0.44,2023-08-17,0934,N20,VIIRS,n,2,291.72,7.44,N,0
49.91281,-119.6324,316.43,0.39,0.44,2023-08-17,0934,N20,VIIRS,n,2,291.43,3.85,N,0
49.91326,-119.63741,338.76,0.39,0.44,2023-08-17,0934,N20,VIIRS,n,2,295.14,3.85,N,0
49.91368,-119.64217,353.38,0.39,0.44,2023-08-17,0934,N20,VIIRS,n,2,299.13,18.18,N,0
49.91412,-119.64705,339.52,0.39,0.44,2023-08-17,0934,N20,VIIRS,n,2,297.33,18.18,N,0
50.39035,-120.42706,313.58,0.43,0.46,2023-08-17,0934,N20,VIIRS,n,2,287.16,1.39,N,0
50.3908,-120.43267,312.95,0.43,0.46,2023-08-17,0934,N20,VIIRS,n,2,288.29,2.21,N,0
50.39307,-120.40778,336.25,0.43,0.46,2023-08-17,0934,N20,VIIRS,n,2,288.01,4.8,N,0
50.39359,-120.41424,321.72,0.43,0.46,2023-08-17,0934,N20,VIIRS,n,2,284.53,4.8,N,0
50.39408,-120.42035,311.02,0.43,0.46,2023-08-17,0934,N20,VIIRS,n,2,285.44,1.39,N,0
50.39453,-120.42592,306.59,0.43,0.46,2023-08-17,0934,N20,VIIRS,n,2,286.18,1.39,N,0
50.39496,-120.43136,308.35,0.43,0.46,2023-08-17,0934,N20,VIIRS,n,2,288.74,2.21,N,0
50.39541,-120.43701,325.71,0.43,0.46,2023-08-17,0934,N20,VIIRS,n,2,293.38,2.21,N,0
50.39587,-120.44273,316.49,0.43,0.46,2023-08-17,0934,N20,VIIRS,n,2,289.71,2.19,N,0
50.39726,-120.40688,304.58,0.43,0.46,2023-08-17,0934,N20,VIIRS,n,2,284.71,0.63,N,0
50.39871,-120.42496,307.57,0.43,0.46,2023-08-17,0934,N20,VIIRS,n,2,287.94,1.23,N,0
50.39914,-120.43031,326.11,0.43,0.46,2023-08-17,0934,N20,VIIRS,n,2,293.37,2.32,N,0
50.39958,-120.43581,322.56,0.43,0.46,2023-08-17,0934,N20,VIIRS,n,2,293.69,2.32,N,0
50.40002,-120.44135,330.09,0.43,0.46,2023-08-17,0934,N20,VIIRS,n,2,293.41,2.29,N,0
50.40048,-120.447,305.22,0.43,0.46,2023-08-17,0934,N20,VIIRS,n,2,290.25,2.29,N,0
50.4029,-120.4241,301.84,0.43,0.46,2023-08-17,0934,N20,VIIRS,n,2,288.91,1.23,N,0
50.40333,-120.42941,307.42,0.43,0.46,2023-08-17,0934,N20,VIIRS,n,2,290.86,2.32,N,0
50.40376,-120.43476,307.49,0.43,0.46,2023-08-17,0934,N20,VIIRS,n,2,291.29,2.32,N,0
50.40419,-120.44012,305.34,0.43,0.46,2023-08-17,0934,N20,VIIRS,n,2,290.9,2.29,N,0
50.40796,-120.43394,308.76,0.43,0.46,2023-08-17,0934,N20,VIIRS,n,2,290.54,3.21,N,0
50.40928,-120.45032,319.56,0.43,0.46,2023-08-17,0934,N20,VIIRS,n,2,288.51,3.28,N,0
50.41216,-120.43323,335.68,0.43,0.46,2023-08-17,0934,N20,VIIRS,n,2,292.14,3.21,N,0
50.41302,-120.44379,302.65,0.43,0.46,2023-08-17,0934,N20,VIIRS,n,2,290.94,5.1,N,0
50.41347,-120.44942,349.12,0.43,0.46,2023-08-17,0934,N20,VIIRS,n,2,293.13,3.28,N,0
50.41394,-120.45518,305.15,0.43,0.46,2023-08-17,0934,N20,VIIRS,n,2,287.1,3.28,N,0
50.41396,-120.40282,334.21,0.43,0.46,2023-08-17,0934,N20,VIIRS,n,2,290.01,2.87,N,0
50.41501,-120.4157,304.86,0.43,0.46,2023-08-17,0934,N20,VIIRS,n,2,288.11,1.84,N,0
50.41769,-120.44879,310.47,0.43,0.46,2023-08-17,0934,N20,VIIRS,n,2,290.39,3.25,N,0
50.41815,-120.45447,309.74,0.43,0.46,2023-08-17,0934,N20,VIIRS,n,2,288.92,3.25,N,0
50.41816,-120.402,314.32,0.43,0.46,2023-08-17,0934,N20,VIIRS,n,2,290.1,2.87,N,0
50.41868,-120.40841,320.37,0.43,0.46,2023-08-17,0934,N20,VIIRS,n,2,290.7,2.87,N,0
50.41919,-120.41463,314.46,0.43,0.46,2023-08-17,0934,N20,VIIRS,n,2,289.85,1.84,N,0
50.42235,-120.45368,339.51,0.43,0.46,2023-08-17,0934,N20,VIIRS,n,2,294.1,3.25,N,0
50.42281,-120.45929,348.78,0.43,0.46,2023-08-17,0934,N20,VIIRS,n,2,291.6,12.86,N,0
50.42286,-120.40751,313.64,0.43,0.46,2023-08-17,0934,N20,VIIRS,n,2,288.47,1.16,N,0
50.42335,-120.41349,301.08,0.43,0.46,2023-08-17,0934,N20,VIIRS,n,2,288.96,1.92,N,0
50.42372,-120.47062,301.14,0.43,0.46,2023-08-17,0934,N20,VIIRS,n,2,286.65,0.61,N,0
50.42706,-120.40668,299.85,0.43,0.46,2023-08-17,0934,N20,VIIRS,n,2,286.86,1.16,N,0
50.42886,-120.48132,316.76,0.43,0.46,2023-08-17,0934,N20,VIIRS,n,2,289.06,2.77,N,0
50.43257,-120.47444,299.2,0.43,0.46,2023-08-17,0934,N20,VIIRS,n,2,287.84,1.28,N,0
50.45557,-117.56649,311.35,0.5,0.41,2023-08-17,0934,N20,VIIRS,n,2,288.57,2.07,N,0
50.94267,-119.61211,301.29,0.4,0.44,2023-08-17,0934,N20,VIIRS,n,2,290.34,1.36,N,0
50.94327,-119.47322,301.85,0.4,0.44,2023-08-17,0934,N20,VIIRS,n,2,290.62,1,N,0
50.94373,-119.62476,323.68,0.4,0.44,2023-08-17,0934,N20,VIIRS,n,2,291.96,2.95,N,0
50.94472,-119.58727,347.17,0.4,0.44,2023-08-17,0934,N20,VIIRS,n,2,294.4,9.35,N,0
50.94522,-119.59321,342.07,0.4,0.44,2023-08-17,0934,N20,VIIRS,n,2,295.04,9.35,N,0
50.94573,-119.5992,311.28,0.4,0.44,2023-08-17,0934,N20,VIIRS,n,2,291.19,1.59,N,0
50.94582,-119.55134,313.2,0.4,0.44,2023-08-17,0934,N20,VIIRS,n,2,290.41,2.02,N,0
50.94625,-119.60535,301.56,0.4,0.44,2023-08-17,0934,N20,VIIRS,n,2,290.23,1.59,N,0
50.94678,-119.56261,336.72,0.4,0.44,2023-08-17,0934,N20,VIIRS,n,2,293.46,2.67,N,0
50.94727,-119.56841,307.68,0.4,0.44,2023-08-17,0934,N20,VIIRS,n,2,290.6,2.67,N,0
50.9473,-119.61792,303.26,0.4,0.44,2023-08-17,0934,N20,VIIRS,n,2,291.71,2.09,N,0
50.94781,-119.62403,336.1,0.4,0.44,2023-08-17,0934,N20,VIIRS,n,2,292.87,5.13,N,0
50.94893,-119.53928,301.76,0.4,0.44,2023-08-17,0934,N20,VIIRS,n,2,290.1,8,N,0
50.94976,-119.59777,321.13,0.4,0.44,2023-08-17,0934,N20,VIIRS,n,2,293.98,1.59,N,0
50.95028,-119.55507,313.69,0.4,0.44,2023-08-17,0934,N20,VIIRS,n,2,292.83,2.46,N,0
50.95077,-119.56078,307.47,0.4,0.44,2023-08-17,0934,N20,VIIRS,n,2,292.49,1.99,N,0
50.95126,-119.56661,309.13,0.4,0.44,2023-08-17,0934,N20,VIIRS,n,2,292.92,1.99,N,0
50.95176,-119.57242,308.96,0.4,0.44,2023-08-17,0934,N20,VIIRS,n,2,292.23,1.04,N,0
50.95194,-119.5261,337.91,0.4,0.44,2023-08-17,0934,N20,VIIRS,n,2,294.21,18.62,N,0
50.95224,-119.57814,304.89,0.4,0.44,2023-08-17,0934,N20,VIIRS,n,2,292.36,1.04,N,0
50.95232,-119.6282,338.21,0.4,0.44,2023-08-17,0934,N20,VIIRS,n,2,291.9,5.13,N,0
50.95247,-119.53231,345.87,0.4,0.44,2023-08-17,0934,N20,VIIRS,n,2,292.3,18.62,N,0
50.95273,-119.58392,309.9,0.4,0.44,2023-08-17,0934,N20,VIIRS,n,2,293,1.8,N,0
50.95295,-119.53796,338.47,0.4,0.44,2023-08-17,0934,N20,VIIRS,n,2,298.39,8,N,0
50.95324,-119.58994,322.44,0.4,0.44,2023-08-17,0934,N20,VIIRS,n,2,294.07,1.8,N,0
50.95338,-119.54294,338.56,0.4,0.44,2023-08-17,0934,N20,VIIRS,n,2,291.08,8,N,0
50.95378,-119.59628,324.65,0.4,0.44,2023-08-17,0934,N20,VIIRS,n,2,293.69,2.32,N,0
50.95575,-119.57062,307.28,0.4,0.44,2023-08-17,0934,N20,VIIRS,n,2,292.45,1.04,N,0
50.95592,-119.52425,341.76,0.4,0.44,2023-08-17,0934,N20,VIIRS,n,2,305.83,19.2,N,0
50.95624,-119.57642,304.1,0.4,0.44,2023-08-17,0934,N20,VIIRS,n,2,291.74,1.04,N,0
50.95645,-119.53047,348.7,0.4,0.44,2023-08-17,0934,N20,VIIRS,n,2,293.95,19.2,N,0
50.95697,-119.53659,367,0.4,0.44,2023-08-17,0934,N20,VIIRS,h,2,294.04,3.42,N,0
50.95727,-119.58855,303.78,0.4,0.44,2023-08-17,0934,N20,VIIRS,n,2,291.83,1.8,N,0
50.95741,-119.54159,308.79,0.4,0.44,2023-08-17,0934,N20,VIIRS,n,2,290.23,3.42,N,0
50.95784,-119.59533,303.62,0.4,0.44,2023-08-17,0934,N20,VIIRS,n,2,291.41,2.32,N,0
50.95826,-119.55154,314.62,0.4,0.44,2023-08-17,0934,N20,VIIRS,n,2,292.96,2.84,N,0
50.95873,-119.55705,344.22,0.4,0.44,2023-08-17,0934,N20,VIIRS,n,2,297.27,4.08,N,0
50.95882,-119.50988,302.42,0.4,0.44,2023-08-17,0934,N20,VIIRS,n,2,289.75,3.93,N,0
50.95923,-119.56293,326.66,0.4,0.44,2023-08-17,0934,N20,VIIRS,n,2,294,4.08,N,0
50.95934,-119.51591,324.75,0.4,0.44,2023-08-17,0934,N20,VIIRS,n,2,289.13,3.93,N,0
50.95974,-119.5688,315.2,0.4,0.44,2023-08-17,0934,N20,VIIRS,n,2,292.79,2.41,N,0
50.95987,-119.52206,355.48,0.4,0.44,2023-08-17,0934,N20,VIIRS,n,2,300.53,19.2,N,0
50.96024,-119.57468,313.53,0.4,0.44,2023-08-17,0934,N20,VIIRS,n,2,292.24,2.41,N,0
50.96039,-119.52816,326.75,0.4,0.44,2023-08-17,0934,N20,VIIRS,n,2,292.89,19.2,N,0
50.96075,-119.58073,309.71,0.4,0.44,2023-08-17,0934,N20,VIIRS,n,2,291.15,1.43,N,0
50.96095,-119.53462,306.03,0.4,0.44,2023-08-17,0934,N20,VIIRS,n,2,290.81,3.42,N,0
50.96142,-119.54015,304.05,0.4,0.44,2023-08-17,0934,N20,VIIRS,n,2,291,3.42,N,0
50.96183,-119.54495,305.7,0.4,0.44,2023-08-17,0934,N20,VIIRS,n,2,291.66,2.84,N,0
50.96227,-119.54997,336.44,0.4,0.44,2023-08-17,0934,N20,VIIRS,n,2,296.22,2.84,N,0
50.96232,-119.64816,312.32,0.4,0.44,2023-08-17,0934,N20,VIIRS,n,2,291.51,2.34,N,0
50.96273,-119.5554,316.35,0.4,0.44,2023-08-17,0934,N20,VIIRS,n,2,292.19,4.08,N,0
50.96323,-119.56129,327.87,0.4,0.44,2023-08-17,0934,N20,VIIRS,n,2,295.95,4.08,N,0
50.96375,-119.56735,326.97,0.4,0.44,2023-08-17,0934,N20,VIIRS,n,2,295.44,2.41,N,0
50.96384,-119.52023,318.61,0.4,0.44,2023-08-17,0934,N20,VIIRS,n,2,290.05,4.59,N,0
50.96428,-119.57351,320,0.4,0.44,2023-08-17,0934,N20,VIIRS,n,2,294.57,2.41,N,0
50.96436,-119.52617,345.58,0.4,0.44,2023-08-17,0934,N20,VIIRS,n,2,295.52,4.59,N,0
50.96484,-119.58009,308.91,0.4,0.44,2023-08-17,0934,N20,VIIRS,n,2,290.71,1.43,N,0
50.9649,-119.53257,306.35,0.4,0.44,2023-08-17,0934,N20,VIIRS,n,2,291.26,1.57,N,0
50.96542,-119.5386,306.63,0.4,0.44,2023-08-17,0934,N20,VIIRS,n,2,291.72,1.57,N,0
50.96585,-119.54356,313.01,0.4,0.44,2023-08-17,0934,N20,VIIRS,n,2,292.64,2.06,N,0
50.96628,-119.54853,317.48,0.4,0.44,2023-08-17,0934,N20,VIIRS,n,2,293.59,2.06,N,0
50.96675,-119.55402,319.31,0.4,0.44,2023-08-17,0934,N20,VIIRS,n,2,293.32,2.42,N,0
50.96727,-119.55999,318.13,0.4,0.44,2023-08-17,0934,N20,VIIRS,n,2,292.87,2.42,N,0
50.96781,-119.5664,310.44,0.4,0.44,2023-08-17,0934,N20,VIIRS,n,2,290.94,1.2,N,0
50.9684,-119.57327,306.81,0.4,0.44,2023-08-17,0934,N20,VIIRS,n,2,290.52,1.2,N,0
50.96889,-119.53077,302.15,0.4,0.44,2023-08-17,0934,N20,VIIRS,n,2,290.29,1.57,N,0
50.96986,-119.54204,309.5,0.4,0.44,2023-08-17,0934,N20,VIIRS,n,2,291.64,2.06,N,0
50.9703,-119.54715,318.85,0.4,0.44,2023-08-17,0934,N20,VIIRS,n,2,293.31,2.06,N,0
50.97078,-119.5527,311.93,0.4,0.44,2023-08-17,0934,N20,VIIRS,n,2,290.73,2.42,N,0
50.97187,-119.56547,305.68,0.4,0.44,2023-08-17,0934,N20,VIIRS,n,2,289.32,1.2,N,0
50.9734,-119.53514,301.92,0.4,0.44,2023-08-17,0934,N20,VIIRS,n,2,290.14,1.3,N,0
50.97387,-119.54055,312.23,0.4,0.44,2023-08-17,0934,N20,VIIRS,n,2,292.1,1.76,N,0
50.97433,-119.54588,322.02,0.4,0.44,2023-08-17,0934,N20,VIIRS,n,2,293.18,1.76,N,0
50.97483,-119.55171,314.68,0.4,0.44,2023-08-17,0934,N20,VIIRS,n,2,291.28,1.61,N,0
50.97738,-119.53338,302.2,0.4,0.44,2023-08-17,0934,N20,VIIRS,n,2,288.75,1.3,N,0
50.97746,-119.72908,314.37,0.41,0.45,2023-08-17,0934,N20,VIIRS,n,2,291.29,1.66,N,0
50.97787,-119.53899,300.19,0.4,0.44,2023-08-17,0934,N20,VIIRS,n,2,288.14,1.76,N,0
50.97787,-119.73398,306.25,0.41,0.45,2023-08-17,0934,N20,VIIRS,n,2,290.43,1.57,N,0
50.97835,-119.54451,310.31,0.4,0.44,2023-08-17,0934,N20,VIIRS,n,2,291.43,1.76,N,0
50.97888,-119.55063,308.64,0.4,0.44,2023-08-17,0934,N20,VIIRS,n,2,290.02,1.61,N,0
50.97945,-119.55721,302.74,0.4,0.44,2023-08-17,0934,N20,VIIRS,n,2,289.87,1.61,N,0
50.98236,-119.54305,306.92,0.4,0.44,2023-08-17,0934,N20,VIIRS,n,2,289.97,1.51,N,0
50.98248,-119.73907,305.69,0.41,0.45,2023-08-17,0934,N20,VIIRS,n,2,291.68,1.93,N,0
50.98288,-119.54906,310.5,0.4,0.44,2023-08-17,0934,N20,VIIRS,n,2,290.25,2.06,N,0
50.98291,-119.74417,305.16,0.41,0.45,2023-08-17,0934,N20,VIIRS,n,2,291.45,1,N,0
50.98435,-119.7613,304.2,0.41,0.45,2023-08-17,0934,N20,VIIRS,n,2,290.99,1.88,N,0
50.98529,-119.77256,300.36,0.41,0.45,2023-08-17,0934,N20,VIIRS,n,2,289.69,1.62,N,0
50.9854,-119.48304,305.19,0.4,0.44,2023-08-17,0934,N20,VIIRS,n,2,289.7,1.38,N,0
50.98577,-119.77827,300.36,0.41,0.45,2023-08-17,0934,N20,VIIRS,n,2,288.8,1.78,N,0
50.98666,-119.73914,318.11,0.41,0.45,2023-08-17,0934,N20,VIIRS,n,2,292.65,1.93,N,0
50.98689,-119.54753,318.28,0.4,0.44,2023-08-17,0934,N20,VIIRS,n,2,291.75,2.06,N,0
50.98708,-119.74422,305.16,0.41,0.45,2023-08-17,0934,N20,VIIRS,n,2,291.55,1,N,0
50.98743,-119.55383,305.99,0.4,0.44,2023-08-17,0934,N20,VIIRS,n,2,290.26,2.06,N,0
50.98755,-119.74969,303.11,0.41,0.45,2023-08-17,0934,N20,VIIRS,n,2,291.02,1,N,0
50.98793,-119.55954,302.84,0.4,0.44,2023-08-17,0934,N20,VIIRS,n,2,290.66,1.69,N,0
50.98837,-119.56464,304.83,0.4,0.44,2023-08-17,0934,N20,VIIRS,n,2,289.21,1.69,N,0
50.9888,-119.5696,304.98,0.4,0.44,2023-08-17,0934,N20,VIIRS,n,2,288.09,1.42,N,0
50.98947,-119.4823,311.82,0.4,0.44,2023-08-17,0934,N20,VIIRS,n,2,290.85,1.38,N,0
50.99121,-119.74375,305.59,0.41,0.45,2023-08-17,0934,N20,VIIRS,n,2,291.2,1.15,N,0
50.99142,-119.55206,309.14,0.4,0.44,2023-08-17,0934,N20,VIIRS,n,2,289.81,2.5,N,0
50.99192,-119.55785,305.37,0.4,0.44,2023-08-17,0934,N20,VIIRS,n,2,290.34,1.58,N,0
50.99215,-119.75483,304.26,0.41,0.45,2023-08-17,0934,N20,VIIRS,n,2,291.29,2.26,N,0
50.99238,-119.56314,314.38,0.4,0.44,2023-08-17,0934,N20,VIIRS,n,2,290.72,1.58,N,0
50.9926,-119.76012,326.17,0.41,0.45,2023-08-17,0934,N20,VIIRS,n,2,291.97,2.26,N,0
50.99267,-119.81065,303.02,0.41,0.45,2023-08-17,0934,N20,VIIRS,n,2,288.83,0.61,N,0
50.99281,-119.5681,305.6,0.4,0.44,2023-08-17,0934,N20,VIIRS,n,2,287.9,1.32,N,0
50.99302,-119.76506,303.99,0.41,0.45,2023-08-17,0934,N20,VIIRS,n,2,291.24,1.97,N,0
50.99384,-119.77484,314.16,0.41,0.45,2023-08-17,0934,N20,VIIRS,n,2,291.93,0.95,N,0
50.99429,-119.78017,303.48,0.41,0.45,2023-08-17,0934,N20,VIIRS,n,2,290.29,0.95,N,0
50.99591,-119.55618,315.76,0.4,0.44,2023-08-17,0934,N20,VIIRS,n,2,291.05,1.58,N,0
50.9964,-119.56171,312.27,0.4,0.44,2023-08-17,0934,N20,VIIRS,n,2,290.81,1.58,N,0
50.99669,-119.75905,322.24,0.41,0.45,2023-08-17,0934,N20,VIIRS,n,2,289.93,2.26,N,0
50.99683,-119.56676,304.38,0.4,0.44,2023-08-17,0934,N20,VIIRS,n,2,287.54,1.32,N,0
50.99788,-119.77322,305.34,0.41,0.45,2023-08-17,0934,N20,VIIRS,n,2,291.39,0.95,N,0
50.9982,-119.82668,305.29,0.41,0.45,2023-08-17,0934,N20,VIIRS,n,2,287.93,1.68,N,0
50.9983,-119.77818,302.66,0.41,0.45,2023-08-17,0934,N20,VIIRS,n,2,290.18,0.95,N,0
50.99948,-119.59723,304.42,0.4,0.44,2023-08-17,0934,N20,VIIRS,n,2,290.66,1.75,N,0
50.99992,-119.55466,321.4,0.4,0.44,2023-08-17,0934,N20,VIIRS,n,2,288.28,1.99,N,0
51.0004,-119.56017,312.64,0.4,0.44,2023-08-17,0934,N20,VIIRS,n,2,289.87,1.99,N,0
51.00085,-119.56535,305.3,0.4,0.44,2023-08-17,0934,N20,VIIRS,n,2,287.12,1.41,N,0
51.00354,-119.59614,304.19,0.4,0.44,2023-08-17,0934,N20,VIIRS,n,2,290.4,1.29,N,0
51.00402,-119.60165,306.58,0.4,0.44,2023-08-17,0934,N20,VIIRS,n,2,290.21,1.29,N,0
51.00441,-119.55869,315.69,0.4,0.44,2023-08-17,0934,N20,VIIRS,n,2,287.85,1.99,N,0
51.00488,-119.564,305.98,0.4,0.44,2023-08-17,0934,N20,VIIRS,n,2,288.26,1.41,N,0
51.00552,-119.61909,305.56,0.4,0.44,2023-08-17,0934,N20,VIIRS,n,2,289.68,2.55,N,0
51.0059,-119.62347,313.14,0.4,0.44,2023-08-17,0934,N20,VIIRS,n,2,289.49,2.7,N,0
51.00757,-119.59476,305.94,0.4,0.44,2023-08-17,0934,N20,VIIRS,n,2,290.88,1.29,N,0
51.00764,-119.55641,302.96,0.4,0.44,2023-08-17,0934,N20,VIIRS,n,2,286.88,3.15,N,0
51.00806,-119.60041,315.82,0.4,0.44,2023-08-17,0934,N20,VIIRS,n,2,291.98,1.29,N,0
51.00809,-119.56184,346.58,0.4,0.44,2023-08-17,0934,N20,VIIRS,n,2,294.29,3.15,N,0
51.00845,-119.5575,324.36,0.4,0.44,2023-08-17,0934,N20,VIIRS,n,2,289.02,3.46,N,0
51.00847,-119.6052,305.16,0.4,0.44,2023-08-17,0934,N20,VIIRS,n,2,290.63,2.6,N,0
51.00856,-119.56749,319.01,0.4,0.44,2023-08-17,0934,N20,VIIRS,n,2,287.81,2.38,N,0
51.00893,-119.56295,348.51,0.4,0.44,2023-08-17,0934,N20,VIIRS,n,2,294.44,3.67,N,0
51.00944,-119.56882,307.32,0.4,0.44,2023-08-17,0934,N20,VIIRS,n,2,286.37,3.67,N,0
51.01054,-119.59205,304.57,0.4,0.44,2023-08-17,0934,N20,VIIRS,n,2,290.53,1.8,N,0
51.01102,-119.59796,306.03,0.4,0.44,2023-08-17,0934,N20,VIIRS,n,2,291.03,2.04,N,0
51.01144,-119.60298,318.17,0.4,0.44,2023-08-17,0934,N20,VIIRS,n,2,292.14,2.04,N,0
51.01158,-119.5932,304.36,0.4,0.44,2023-08-17,0934,N20,VIIRS,n,2,290.3,3.4,N,0
51.01183,-119.60748,307.87,0.4,0.44,2023-08-17,0934,N20,VIIRS,n,2,289.77,2.22,N,0
51.01215,-119.56077,307.89,0.4,0.44,2023-08-17,0934,N20,VIIRS,n,2,286.8,3.15,N,0
51.01233,-119.64973,299.14,0.4,0.44,2023-08-17,0934,N20,VIIRS,n,2,283.62,1.51,N,0
51.01249,-119.6037,320.52,0.4,0.44,2023-08-17,0934,N20,VIIRS,n,2,291.67,1.42,N,0
51.01263,-119.56657,307.04,0.4,0.44,2023-08-17,0934,N20,VIIRS,n,2,286.7,2.38,N,0
51.01287,-119.60805,301.83,0.4,0.44,2023-08-17,0934,N20,VIIRS,n,2,289.08,1.42,N,0
51.0132,-119.57352,319.21,0.4,0.44,2023-08-17,0934,N20,VIIRS,n,2,287.84,2.38,N,0
51.01328,-119.62476,301.29,0.4,0.44,2023-08-17,0934,N20,VIIRS,n,2,284.31,0.93,N,0
51.01351,-119.56803,323.95,0.4,0.44,2023-08-17,0934,N20,VIIRS,n,2,288.22,3.67,N,0
51.01395,-119.58284,302.93,0.4,0.44,2023-08-17,0934,N20,VIIRS,n,2,289.66,1.8,N,0
51.01416,-119.57533,316.49,0.4,0.44,2023-08-17,0934,N20,VIIRS,n,2,287.65,2.12,N,0
51.01497,-119.58458,304.79,0.4,0.44,2023-08-17,0934,N20,VIIRS,n,2,289.92,2.12,N,0
51.01544,-119.60107,310.64,0.4,0.44,2023-08-17,0934,N20,VIIRS,n,2,291.28,2.04,N,0
51.01582,-119.60563,311.92,0.4,0.44,2023-08-17,0934,N20,VIIRS,n,2,289.99,2.22,N,0
51.01582,-119.83707,304.73,0.41,0.45,2023-08-17,0934,N20,VIIRS,n,2,288.89,1.46,N,0
51.01646,-119.60161,311.44,0.4,0.44,2023-08-17,0934,N20,VIIRS,n,2,290.63,1.42,N,0
51.01685,-119.60612,304.08,0.4,0.44,2023-08-17,0934,N20,VIIRS,n,2,288.79,1.42,N,0
51.01728,-119.57297,348.04,0.4,0.44,2023-08-17,0934,N20,VIIRS,n,2,291.93,3.84,N,0
51.01796,-119.5813,311.44,0.4,0.44,2023-08-17,0934,N20,VIIRS,n,2,289.85,2.42,N,0
51.02055,-119.61228,312.03,0.4,0.44,2023-08-17,0934,N20,VIIRS,n,2,286.56,1.77,N,0
51.02099,-119.79928,300.5,0.41,0.45,2023-08-17,0934,N20,VIIRS,n,2,288.05,1.65,N,0
51.02139,-119.5725,302.68,0.4,0.44,2023-08-17,0934,N20,VIIRS,n,2,287.07,3.84,N,0
51.02155,-119.80585,320.18,0.41,0.45,2023-08-17,0934,N20,VIIRS,n,2,291.21,1.65,N,0
51.02201,-119.58009,310.43,0.4,0.44,2023-08-17,0934,N20,VIIRS,n,2,289.8,2.42,N,0
51.0221,-119.81235,298.19,0.41,0.45,2023-08-17,0934,N20,VIIRS,n,2,286.49,0.44,N,0
51.02256,-119.58681,320.13,0.4,0.44,2023-08-17,0934,N20,VIIRS,n,2,291.16,2.42,N,0
51.02299,-119.59194,303.06,0.4,0.44,2023-08-17,0934,N20,VIIRS,n,2,290.62,2.08,N,0
51.02339,-119.59673,302.68,0.4,0.44,2023-08-17,0934,N20,VIIRS,n,2,288.56,2.08,N,0
51.0238,-119.60155,308.04,0.4,0.44,2023-08-17,0934,N20,VIIRS,n,2,289.25,1.86,N,0
51.02403,-119.78592,321.82,0.41,0.45,2023-08-17,0934,N20,VIIRS,n,2,287.39,1.98,N,0
51.0242,-119.60635,301.34,0.4,0.44,2023-08-17,0934,N20,VIIRS,n,2,287.72,1.86,N,0
51.02459,-119.61105,311.69,0.4,0.44,2023-08-17,0934,N20,VIIRS,n,2,286.65,1.77,N,0
51.02625,-119.78433,303,0.41,0.45,2023-08-17,0934,N20,VIIRS,n,2,287.4,0.95,N,0
51.02657,-119.58518,302.2,0.4,0.44,2023-08-17,0934,N20,VIIRS,n,2,288.12,1.38,N,0
51.02675,-119.79052,306.69,0.41,0.45,2023-08-17,0934,N20,VIIRS,n,2,287.17,0.86,N,0
51.027,-119.59029,312.33,0.4,0.44,2023-08-17,0934,N20,VIIRS,n,2,290.65,2.82,N,0
51.0274,-119.59502,325.35,0.4,0.44,2023-08-17,0934,N20,VIIRS,n,2,290.65,2.82,N,0
51.02781,-119.59985,314.33,0.4,0.44,2023-08-17,0934,N20,VIIRS,n,2,286.12,2.27,N,0
51.03409,-119.77801,302.6,0.41,0.45,2023-08-17,0934,N20,VIIRS,n,2,287.6,1.06,N,0
51.03452,-119.78321,306.54,0.41,0.45,2023-08-17,0934,N20,VIIRS,n,2,287.15,1.06,N,0
51.05375,-119.76342,314.51,0.41,0.45,2023-08-17,0934,N20,VIIRS,n,2,291.57,1.73,N,0
51.05414,-119.76809,305.05,0.41,0.45,2023-08-17,0934,N20,VIIRS,n,2,289.82,1.22,N,0
51.08072,-119.68613,308.93,0.4,0.45,2023-08-17,0934,N20,VIIRS,n,2,291.77,1.77,N,0
51.08136,-119.69389,312.17,0.41,0.45,2023-08-17,0934,N20,VIIRS,n,2,293,1.99,N,0
51.08195,-119.70098,313.95,0.41,0.45,2023-08-17,0934,N20,VIIRS,n,2,292.67,1.99,N,0
51.08252,-119.70769,319.85,0.41,0.45,2023-08-17,0934,N20,VIIRS,n,2,292.48,2.59,N,3
51.08279,-119.66127,302.42,0.4,0.45,2023-08-17,0934,N20,VIIRS,n,2,286.72,0.76,N,0
51.08546,-119.69302,314.49,0.41,0.45,2023-08-17,0934,N20,VIIRS,n,2,293.16,1.78,N,0
51.08607,-119.70033,317.19,0.41,0.45,2023-08-17,0934,N20,VIIRS,n,2,291.79,1.78,N,3
51.09053,-119.65431,300.14,0.4,0.45,2023-08-17,0934,N20,VIIRS,n,2,289.46,1.38,N,0
51.09117,-118.34938,310.46,0.54,0.42,2023-08-17,0934,N20,VIIRS,n,2,291.16,2.48,N,0
51.09187,-118.35664,317.9,0.54,0.42,2023-08-17,0934,N20,VIIRS,n,2,291.68,2.48,N,0
51.09361,-118.33374,335.44,0.54,0.42,2023-08-17,0934,N20,VIIRS,n,2,293.66,5.82,N,0
51.09424,-118.34021,331.31,0.54,0.42,2023-08-17,0934,N20,VIIRS,n,2,293.06,5.82,N,0
51.09473,-119.65475,315.29,0.4,0.45,2023-08-17,0934,N20,VIIRS,n,2,289.82,1.38,N,0
51.0949,-118.34705,302.42,0.54,0.42,2023-08-17,0934,N20,VIIRS,n,2,289.95,1.35,N,0
51.09687,-118.32655,344.47,0.54,0.42,2023-08-17,0934,N20,VIIRS,n,2,294.87,13.32,N,0
51.09744,-118.33247,341.05,0.54,0.42,2023-08-17,0934,N20,VIIRS,n,2,295.28,5.82,N,0
51.09804,-118.33858,310.57,0.54,0.42,2023-08-17,0934,N20,VIIRS,n,2,290.33,5.82,N,0
51.10631,-118.34228,307.1,0.54,0.42,2023-08-17,0934,N20,VIIRS,n,2,288.21,1.76,N,0
51.107,-118.34373,307.28,0.54,0.42,2023-08-17,0934,N20,VIIRS,n,2,287.64,1.14,N,0
51.11018,-118.34143,300.14,0.54,0.42,2023-08-17,0934,N20,VIIRS,n,2,288.01,0.7,N,0
51.11076,-118.34747,296.4,0.54,0.42,2023-08-17,0934,N20,VIIRS,n,2,285.09,0.7,N,0
51.11087,-118.3429,301.59,0.54,0.42,2023-08-17,0934,N20,VIIRS,n,2,287.43,1.14,N,0
51.20475,-117.95499,307.17,0.52,0.42,2023-08-17,0934,N20,VIIRS,n,2,288.35,1.77,N,0
51.20535,-117.96101,297.68,0.52,0.42,2023-08-17,0934,N20,VIIRS,n,2,286.89,0.76,N,0
51.20859,-117.95438,329.13,0.52,0.42,2023-08-17,0934,N20,VIIRS,n,2,289.98,5.04,N,0
51.20921,-117.9607,317.06,0.52,0.42,2023-08-17,0934,N20,VIIRS,n,2,289.02,3.49,N,0
51.44967,-119.6917,332.15,0.41,0.45,2023-08-17,0934,N20,VIIRS,n,2,287.76,3.01,N,0
51.45038,-119.70078,299.43,0.41,0.45,2023-08-17,0934,N20,VIIRS,n,2,288.89,2.4,N,0
51.45168,-119.6925,341.68,0.41,0.45,2023-08-17,0934,N20,VIIRS,n,2,291.22,7.3,N,0
51.45372,-119.68994,312.64,0.41,0.45,2023-08-17,0934,N20,VIIRS,n,2,288.29,1.52,N,0
51.45438,-119.69833,320.52,0.41,0.45,2023-08-17,0934,N20,VIIRS,n,2,290.01,1.65,N,0
51.45837,-119.69579,302.28,0.41,0.45,2023-08-17,0934,N20,VIIRS,n,2,288.34,1.65,N,0
51.45904,-119.70427,303.17,0.41,0.45,2023-08-17,0934,N20,VIIRS,n,2,290.58,1.65,N,0
51.4677,-119.70779,338.76,0.41,0.45,2023-08-17,0934,N20,VIIRS,n,2,290.21,6.5,N,0
51.47171,-119.70554,308.11,0.41,0.45,2023-08-17,0934,N20,VIIRS,n,2,287.69,1.1,N,0
51.51217,-117.52929,320.08,0.51,0.41,2023-08-17,0934,N20,VIIRS,n,2,289.86,2.12,N,0
51.51594,-117.52837,304.44,0.51,0.41,2023-08-17,0934,N20,VIIRS,n,2,290.03,2.12,N,0
51.52629,-117.55424,313.6,0.51,0.41,2023-08-17,0934,N20,VIIRS,n,2,289.15,2.92,N,0
51.52698,-117.56108,326.83,0.51,0.41,2023-08-17,0934,N20,VIIRS,n,2,290.4,2.92,N,0
49.07798,-120.04996,305.63,0.4,0.44,2023-08-17,0935,N20,VIIRS,n,2,288.53,1.18,N,0
49.07843,-120.05509,332.09,0.4,0.44,2023-08-17,0935,N20,VIIRS,n,2,295,3.96,N,0
49.07888,-120.06018,310.54,0.4,0.44,2023-08-17,0935,N20,VIIRS,n,2,289.75,3.96,N,0
49.08296,-120.05963,334.13,0.4,0.44,2023-08-17,0935,N20,VIIRS,n,2,296.37,3.96,N,0
49.08341,-120.06474,312.04,0.4,0.44,2023-08-17,0935,N20,VIIRS,n,2,288.55,2.25,N,0
49.0866,-120.05399,306.83,0.4,0.44,2023-08-17,0935,N20,VIIRS,n,2,291.43,3.33,N,0
49.08705,-120.05915,328.79,0.4,0.44,2023-08-17,0935,N20,VIIRS,n,2,295.72,3.33,N,0
49.0875,-120.06425,346,0.4,0.44,2023-08-17,0935,N20,VIIRS,n,2,294.11,6.74,N,0
49.08794,-120.06931,315.06,0.4,0.44,2023-08-17,0935,N20,VIIRS,n,2,285.19,6.74,N,0
49.08896,-120.03394,335.26,0.4,0.44,2023-08-17,0935,N20,VIIRS,n,2,291.11,17.78,N,0
49.08937,-120.03858,356.23,0.4,0.44,2023-08-17,0935,N20,VIIRS,n,2,304.59,17.78,N,0
49.0898,-120.04347,336.07,0.4,0.44,2023-08-17,0935,N20,VIIRS,n,2,290.04,8.36,N,0
49.09068,-120.05346,322.33,0.4,0.44,2023-08-17,0935,N20,VIIRS,n,2,294.63,3.33,N,0
49.09113,-120.05851,330.08,0.4,0.44,2023-08-17,0935,N20,VIIRS,n,2,296.31,3.33,N,0
49.09158,-120.06355,349.67,0.4,0.44,2023-08-17,0935,N20,VIIRS,n,2,301.08,6.74,N,0
49.09202,-120.0686,309.9,0.4,0.44,2023-08-17,0935,N20,VIIRS,n,2,285.08,6.74,N,0
49.09312,-120.03433,334.24,0.4,0.44,2023-08-17,0935,N20,VIIRS,n,2,309.95,22.4,N,0
49.09352,-120.03884,354.97,0.4,0.44,2023-08-17,0935,N20,VIIRS,n,2,304.03,22.4,N,0
49.09393,-120.04343,343.4,0.4,0.44,2023-08-17,0935,N20,VIIRS,n,2,295.43,3.72,N,0
49.09435,-120.04812,323.45,0.4,0.44,2023-08-17,0935,N20,VIIRS,n,2,294.28,3.72,N,0
49.09478,-120.05294,320.3,0.4,0.44,2023-08-17,0935,N20,VIIRS,n,2,294.19,2.97,N,0
49.0952,-120.05785,309.91,0.4,0.44,2023-08-17,0935,N20,VIIRS,n,2,290.59,2.97,N,0
49.09565,-120.06285,313.38,0.4,0.44,2023-08-17,0935,N20,VIIRS,n,2,292.99,5.15,N,0
49.0961,-120.06796,338.2,0.4,0.44,2023-08-17,0935,N20,VIIRS,n,2,293.44,5.15,N,0
49.0964,-120.02469,341.3,0.4,0.44,2023-08-17,0935,N20,VIIRS,n,2,292.88,15.1,N,0
49.09686,-120.02993,342.52,0.4,0.44,2023-08-17,0935,N20,VIIRS,n,2,300.41,15.1,N,0
49.09728,-120.03465,344.96,0.4,0.44,2023-08-17,0935,N20,VIIRS,n,2,295.76,22.4,N,0
49.09768,-120.03912,318.42,0.4,0.44,2023-08-17,0935,N20,VIIRS,n,2,293.12,22.4,N,0
49.09806,-120.04344,314.44,0.4,0.44,2023-08-17,0935,N20,VIIRS,n,2,293.32,3.72,N,0
49.09819,-119.99839,301.99,0.4,0.44,2023-08-17,0935,N20,VIIRS,n,2,289.49,2.15,N,0
49.09846,-120.04792,317.53,0.4,0.44,2023-08-17,0935,N20,VIIRS,n,2,294.45,3.72,N,0
49.09848,-121.27634,314.84,0.45,0.47,2023-08-17,0935,N20,VIIRS,n,2,288.59,1.27,N,0
49.09872,-120.00439,326.8,0.4,0.44,2023-08-17,0935,N20,VIIRS,n,2,290.67,2.15,N,0
49.09887,-120.05255,334.27,0.4,0.44,2023-08-17,0935,N20,VIIRS,n,2,297.54,2.97,N,0
49.09926,-120.01045,330.38,0.4,0.44,2023-08-17,0935,N20,VIIRS,n,2,291.09,3.15,N,0
49.0993,-120.0574,323.39,0.4,0.44,2023-08-17,0935,N20,VIIRS,n,2,294.75,2.97,N,0
49.09974,-120.0624,333.75,0.4,0.44,2023-08-17,0935,N20,VIIRS,n,2,297.16,5.15,N,0
49.09983,-120.0169,321.57,0.4,0.44,2023-08-17,0935,N20,VIIRS,n,2,291.47,3.15,N,0
49.10019,-120.06753,351.04,0.4,0.44,2023-08-17,0935,N20,VIIRS,n,2,300.97,5.15,N,0
49.10042,-120.0235,341.48,0.4,0.44,2023-08-17,0935,N20,VIIRS,n,2,295.54,4.33,N,0
49.10066,-120.07281,300.65,0.4,0.44,2023-08-17,0935,N20,VIIRS,n,2,288.96,2.22,N,0
49.10097,-120.02967,336.56,0.4,0.44,2023-08-17,0935,N20,VIIRS,n,2,294.86,4.33,N,0
49.10143,-120.03475,314.97,0.4,0.44,2023-08-17,0935,N20,VIIRS,n,2,293.08,2.06,N,0
49.10163,-119.99078,304.29,0.4,0.44,2023-08-17,0935,N20,VIIRS,n,2,289.17,1.16,N,0
49.10174,-121.26238,304.9,0.45,0.47,2023-08-17,0935,N20,VIIRS,n,2,291.05,1.32,N,0
49.10182,-120.03926,320.99,0.4,0.44,2023-08-17,0935,N20,VIIRS,n,2,294.46,2.06,N,0
49.1021,-119.99607,324.88,0.4,0.44,2023-08-17,0935,N20,VIIRS,n,2,290.38,2.15,N,0
49.1022,-120.04356,306.34,0.4,0.44,2023-08-17,0935,N20,VIIRS,n,2,293.08,1.6,N,0
49.10244,-121.27132,308.19,0.45,0.47,2023-08-17,0935,N20,VIIRS,n,2,290.65,3.1,N,0
49.10258,-120.04783,307.16,0.4,0.44,2023-08-17,0935,N20,VIIRS,n,2,293.18,1.6,N,0
49.10283,-121.27625,303.29,0.45,0.47,2023-08-17,0935,N20,VIIRS,n,2,289.9,1.27,N,0
49.10298,-120.05229,332.49,0.4,0.44,2023-08-17,0935,N20,VIIRS,n,2,296.75,3.47,N,0
49.1034,-120.05705,310.35,0.4,0.44,2023-08-17,0935,N20,VIIRS,n,2,291.37,3.47,N,0
49.10384,-120.06202,342.72,0.4,0.44,2023-08-17,0935,N20,VIIRS,n,2,300.88,12.01,N,0
49.1043,-120.0672,353.2,0.4,0.44,2023-08-17,0935,N20,VIIRS,n,2,302.81,12.01,N,0
49.10478,-120.07257,325.78,0.4,0.44,2023-08-17,0935,N20,VIIRS,n,2,289.83,19.84,N,0
49.10508,-120.02948,310.42,0.4,0.44,2023-08-17,0935,N20,VIIRS,n,2,294.12,4.33,N,0
49.10556,-120.03482,320.51,0.4,0.44,2023-08-17,0935,N20,VIIRS,n,2,294.89,2.06,N,0
49.10559,-119.98901,301.39,0.4,0.44,2023-08-17,0935,N20,VIIRS,n,2,286.97,0.48,N,0
49.10596,-120.03938,310.77,0.4,0.44,2023-08-17,0935,N20,VIIRS,n,2,294.02,2.06,N,0
49.10606,-121.262,315.17,0.45,0.47,2023-08-17,0935,N20,VIIRS,n,2,293.22,1.45,N,0
49.10635,-120.04362,307.5,0.4,0.44,2023-08-17,0935,N20,VIIRS,n,2,293.44,1.6,N,0
49.10641,-121.26635,302.78,0.45,0.47,2023-08-17,0935,N20,VIIRS,n,2,290.84,1.18,N,0
49.10671,-120.04778,317.49,0.4,0.44,2023-08-17,0935,N20,VIIRS,n,2,294.02,1.6,N,0
49.10678,-121.27106,300.24,0.45,0.47,2023-08-17,0935,N20,VIIRS,n,2,290.16,1.18,N,0
49.10709,-120.05208,314.48,0.4,0.44,2023-08-17,0935,N20,VIIRS,n,2,291.77,3.47,N,0
49.1075,-120.05668,334.54,0.4,0.44,2023-08-17,0935,N20,VIIRS,n,2,296.9,3.47,N,0
49.10771,-120.01263,303.63,0.4,0.44,2023-08-17,0935,N20,VIIRS,n,2,288.55,0.62,N,0
49.10795,-120.06167,345.77,0.4,0.44,2023-08-17,0935,N20,VIIRS,n,2,299.62,12.01,N,0
49.10841,-120.06693,345.87,0.4,0.44,2023-08-17,0935,N20,VIIRS,n,2,302.87,12.01,N,0
49.10889,-120.07235,343.12,0.4,0.44,2023-08-17,0935,N20,VIIRS,n,2,304.09,19.84,N,0
49.10909,-120.02805,306.3,0.4,0.44,2023-08-17,0935,N20,VIIRS,n,2,293.76,1.56,N,0
49.10968,-120.03463,314.63,0.4,0.44,2023-08-17,0935,N20,VIIRS,n,2,294.32,1.71,N,0
49.11003,-121.25714,303.94,0.45,0.47,2023-08-17,0935,N20,VIIRS,n,2,292.33,1.45,N,0
49.1101,-120.03941,314.13,0.4,0.44,2023-08-17,0935,N20,VIIRS,n,2,293.91,1.71,N,0
49.11038,-121.26153,305.29,0.45,0.47,2023-08-17,0935,N20,VIIRS,n,2,292.38,1.45,N,0
49.11049,-120.04369,317.65,0.4,0.44,2023-08-17,0935,N20,VIIRS,n,2,294.37,1.82,N,0
49.11085,-120.04779,318.34,0.4,0.44,2023-08-17,0935,N20,VIIRS,n,2,293.2,1.82,N,0
49.11111,-120.00456,301.51,0.4,0.44,2023-08-17,0935,N20,VIIRS,n,2,287.41,0.62,N,0
49.11121,-120.05189,309.89,0.4,0.44,2023-08-17,0935,N20,VIIRS,n,2,290.68,1.96,N,0
49.11161,-120.0564,327.7,0.4,0.44,2023-08-17,0935,N20,VIIRS,n,2,294.93,1.96,N,0
49.11169,-120.011,303.74,0.4,0.44,2023-08-17,0935,N20,VIIRS,n,2,287.77,0.62,N,0
49.11206,-120.06134,334.64,0.4,0.44,2023-08-17,0935,N20,VIIRS,n,2,295.58,3.54,N,0
49.11232,-120.01804,301.03,0.4,0.44,2023-08-17,0935,N20,VIIRS,n,2,288.78,1.56,N,0
49.11253,-120.06672,327.79,0.4,0.44,2023-08-17,0935,N20,VIIRS,n,2,294.75,3.54,N,0
49.11303,-120.07232,334.23,0.4,0.44,2023-08-17,0935,N20,VIIRS,n,2,294.65,3.7,N,0
49.11352,-120.07781,327.75,0.4,0.44,2023-08-17,0935,N20,VIIRS,n,2,289.81,3.7,N,0
49.11377,-120.03411,313.49,0.4,0.44,2023-08-17,0935,N20,VIIRS,n,2,294.3,1.71,N,0
49.11398,-120.083,317.62,0.4,0.44,2023-08-17,0935,N20,VIIRS,n,2,290.54,3.63,N,0
49.11423,-120.03936,310.04,0.4,0.44,2023-08-17,0935,N20,VIIRS,n,2,293.24,1.71,N,0
49.11439,-121.25707,306.91,0.45,0.47,2023-08-17,0935,N20,VIIRS,n,2,292.93,1.67,N,0
49.11445,-120.08833,336.15,0.4,0.44,2023-08-17,0935,N20,VIIRS,n,2,289.62,3.63,N,0
49.11461,-120.04363,310.01,0.4,0.44,2023-08-17,0935,N20,VIIRS,n,2,292.8,1.82,N,0
49.11498,-120.04774,311.97,0.4,0.44,2023-08-17,0935,N20,VIIRS,n,2,292.06,1.82,N,0
49.11514,-120.00347,327.92,0.4,0.44,2023-08-17,0935,N20,VIIRS,n,2,289.86,2.2,N,0
49.11535,-120.05191,309.85,0.4,0.44,2023-08-17,0935,N20,VIIRS,n,2,290.73,1.96,N,0
49.11555,-121.27184,301.21,0.45,0.47,2023-08-17,0935,N20,VIIRS,n,2,290.43,2.17,N,0
49.11575,-120.05638,309.26,0.4,0.44,2023-08-17,0935,N20,VIIRS,n,2,291.13,1.96,N,0
49.1162,-120.06139,315.43,0.4,0.44,2023-08-17,0935,N20,VIIRS,n,2,292.12,3.54,N,0
49.11622,-121.257,304.92,0.45,0.47,2023-08-17,0935,N20,VIIRS,n,2,292.7,2.14,N,0
49.11638,-120.01721,303.65,0.4,0.44,2023-08-17,0935,N20,VIIRS,n,2,290.24,1.28,N,0
49.11669,-120.06698,326.06,0.4,0.44,2023-08-17,0935,N20,VIIRS,n,2,294.59,3.54,N,0
49.11695,-121.26662,305.15,0.45,0.47,2023-08-17,0935,N20,VIIRS,n,2,291.55,1.68,N,0
49.11708,-120.0251,306.23,0.4,0.44,2023-08-17,0935,N20,VIIRS,n,2,292.04,1.28,N,0
49.1172,-120.07266,321.78,0.4,0.44,2023-08-17,0935,N20,VIIRS,n,2,294.88,3.7,N,0
49.1177,-120.07828,327.9,0.4,0.44,2023-08-17,0935,N20,VIIRS,n,2,295.02,3.7,N,0
49.1178,-120.03298,309.1,0.4,0.44,2023-08-17,0935,N20,VIIRS,n,2,293.59,1.34,N,0
49.11819,-120.08372,332.59,0.4,0.44,2023-08-17,0935,N20,VIIRS,n,2,297.68,3.63,N,0
49.11833,-121.25191,308.47,0.45,0.47,2023-08-17,0935,N20,VIIRS,n,2,292.15,1.76,N,0
49.11835,-120.03912,307.58,0.4,0.44,2023-08-17,0935,N20,VIIRS,n,2,292.89,1.34,N,0
49.11866,-120.08903,320.91,0.4,0.44,2023-08-17,0935,N20,VIIRS,n,2,290.93,3.63,N,0
49.11874,-120.04353,309.49,0.4,0.44,2023-08-17,0935,N20,VIIRS,n,2,293.82,1.28,N,0
49.11876,-121.25729,312.85,0.45,0.47,2023-08-17,0935,N20,VIIRS,n,2,293.48,1.67,N,0
49.11911,-120.04773,309.81,0.4,0.44,2023-08-17,0935,N20,VIIRS,n,2,292,1.28,N,0
49.11913,-121.26191,307.72,0.45,0.47,2023-08-17,0935,N20,VIIRS,n,2,292.2,1.67,N,0
49.11949,-120.05199,311.1,0.4,0.44,2023-08-17,0935,N20,VIIRS,n,2,290.72,1.85,N,0
49.11982,-120.00955,308.8,0.4,0.44,2023-08-17,0935,N20,VIIRS,n,2,291.76,2.2,N,0
49.12019,-121.25198,304.97,0.45,0.47,2023-08-17,0935,N20,VIIRS,n,2,291.72,2.14,N,0
49.12021,-119.92294,299.32,0.39,0.44,2023-08-17,0935,N20,VIIRS,n,2,284.76,0.87,N,0
49.12031,-119.92258,298.71,0.39,0.44,2023-08-17,0935,N20,VIIRS,n,2,284.99,0.62,N,0
49.12047,-120.01679,310.48,0.4,0.44,2023-08-17,0935,N20,VIIRS,n,2,291.41,1.28,N,0
49.12059,-121.25725,330.95,0.45,0.47,2023-08-17,0935,N20,VIIRS,n,2,294.92,2.14,N,0
49.12088,-120.06757,309.65,0.4,0.44,2023-08-17,0935,N20,VIIRS,n,2,292.14,3.17,N,0
49.12096,-121.26228,307.24,0.45,0.47,2023-08-17,0935,N20,VIIRS,n,2,291.95,1.68,N,0
49.12141,-120.07336,305.79,0.4,0.44,2023-08-17,0935,N20,VIIRS,n,2,292.56,1.9,N,0
49.12183,-120.03188,306.76,0.4,0.44,2023-08-17,0935,N20,VIIRS,n,2,292.94,1.34,N,0
49.12192,-120.07912,306.12,0.4,0.44,2023-08-17,0935,N20,VIIRS,n,2,292.61,1.9,N,0
49.12241,-120.08471,325.15,0.4,0.44,2023-08-17,0935,N20,VIIRS,n,2,295.84,3.94,N,0
49.12245,-120.03872,311.72,0.4,0.44,2023-08-17,0935,N20,VIIRS,n,2,294.12,1.34,N,0
49.12288,-120.04353,307.88,0.4,0.44,2023-08-17,0935,N20,VIIRS,n,2,294.26,1.28,N,0
49.12289,-120.09005,309.65,0.4,0.44,2023-08-17,0935,N20,VIIRS,n,2,291.05,3.94,N,0
49.12315,-121.25776,321.66,0.45,0.47,2023-08-17,0935,N20,VIIRS,n,2,292.7,2.16,N,0
49.12327,-120.04792,306.76,0.4,0.44,2023-08-17,0935,N20,VIIRS,n,2,292.3,1.28,N,0
49.12358,-120.00916,310.41,0.4,0.44,2023-08-17,0935,N20,VIIRS,n,2,292,1.57,N,0
49.12368,-120.05255,309.06,0.4,0.44,2023-08-17,0935,N20,VIIRS,n,2,292.05,1.85,N,0
49.12394,-120.00954,311.32,0.4,0.44,2023-08-17,0935,N20,VIIRS,n,2,292,1.84,N,0
49.12415,-120.01604,306.86,0.4,0.44,2023-08-17,0935,N20,VIIRS,n,2,290.66,1.57,N,0
49.12456,-120.01631,306.83,0.4,0.44,2023-08-17,0935,N20,VIIRS,n,2,290.48,1.99,N,0
49.12569,-120.07497,305.37,0.4,0.44,2023-08-17,0935,N20,VIIRS,n,2,292.65,1.9,N,0
49.12598,-120.03801,320.01,0.4,0.44,2023-08-17,0935,N20,VIIRS,n,2,294.93,2.47,N,0
49.1262,-120.0807,322.15,0.4,0.44,2023-08-17,0935,N20,VIIRS,n,2,295.62,1.9,N,0
49.12644,-120.04342,317.02,0.4,0.44,2023-08-17,0935,N20,VIIRS,n,2,294.98,2.47,N,0
49.12653,-120.03821,322.82,0.4,0.44,2023-08-17,0935,N20,VIIRS,n,2,295.15,2.78,N,0
49.1267,-120.08623,340.72,0.4,0.44,2023-08-17,0935,N20,VIIRS,n,2,296.77,3.94,N,0
49.12686,-120.04823,307.47,0.4,0.44,2023-08-17,0935,N20,VIIRS,n,2,292.93,1.41,N,0
49.12702,-120.04362,318.75,0.4,0.44,2023-08-17,0935,N20,VIIRS,n,2,295.44,1.66,N,0
49.12727,-120.05313,307.44,0.4,0.44,2023-08-17,0935,N20,VIIRS,n,2,292.58,1.41,N,0
49.12746,-120.04848,307.39,0.4,0.44,2023-08-17,0935,N20,VIIRS,n,2,293.15,1.66,N,0
49.12771,-120.00936,307.35,0.4,0.44,2023-08-17,0935,N20,VIIRS,n,2,291.92,1.57,N,0
49.12775,-120.0587,309.43,0.4,0.44,2023-08-17,0935,N20,VIIRS,n,2,292.49,1.57,N,0
49.1279,-120.05343,309.6,0.4,0.44,2023-08-17,0935,N20,VIIRS,n,2,292.82,1.43,N,0
49.12809,-120.00969,308.2,0.4,0.44,2023-08-17,0935,N20,VIIRS,n,2,291.89,1.84,N,0
49.12821,-120.06416,307.9,0.4,0.44,2023-08-17,0935,N20,VIIRS,n,2,292.75,1.57,N,0
49.12825,-120.01577,319.44,0.4,0.44,2023-08-17,0935,N20,VIIRS,n,2,294.13,1.57,N,0
49.12839,-120.05892,311.11,0.4,0.44,2023-08-17,0935,N20,VIIRS,n,2,293.2,1.43,N,0
49.12866,-120.01603,321.39,0.4,0.44,2023-08-17,0935,N20,VIIRS,n,2,294.08,1.99,N,0
49.12868,-120.06982,308.79,0.4,0.44,2023-08-17,0935,N20,VIIRS,n,2,293.46,3.01,N,0
49.1288,-120.02227,316.46,0.4,0.44,2023-08-17,0935,N20,VIIRS,n,2,292.87,2.14,N,0
49.12889,-120.06447,308.68,0.4,0.44,2023-08-17,0935,N20,VIIRS,n,2,293.01,2.16,N,0
49.12918,-120.07568,315.07,0.4,0.44,2023-08-17,0935,N20,VIIRS,n,2,295.37,3.01,N,0
49.12926,-120.02258,318.14,0.4,0.44,2023-08-17,0935,N20,VIIRS,n,2,293.34,1.99,N,0
49.12939,-120.07001,313.89,0.4,0.44,2023-08-17,0935,N20,VIIRS,n,2,294.45,2.16,N,0
49.12942,-120.02965,306.56,0.4,0.44,2023-08-17,0935,N20,VIIRS,n,2,291.1,2.14,N,0
49.12963,-120.08099,347.83,0.4,0.44,2023-08-17,0935,N20,VIIRS,n,2,300.19,13.27,N,0
49.12989,-120.07567,325.45,0.4,0.44,2023-08-17,0935,N20,VIIRS,n,2,296.61,9.77,N,0
49.12993,-120.03007,307.54,0.4,0.44,2023-08-17,0935,N20,VIIRS,n,2,291.79,2.78,N,0
49.13007,-120.03753,327.66,0.4,0.44,2023-08-17,0935,N20,VIIRS,n,2,295.99,2.47,N,0
49.13011,-120.08661,339.89,0.4,0.44,2023-08-17,0935,N20,VIIRS,n,2,293.89,13.27,N,0
49.13039,-120.08115,349.81,0.4,0.44,2023-08-17,0935,N20,VIIRS,n,2,303.3,9.77,N,0
49.13053,-120.04291,316.28,0.4,0.44,2023-08-17,0935,N20,VIIRS,n,2,293.91,2.47,N,0
49.13063,-120.03768,327.65,0.4,0.44,2023-08-17,0935,N20,VIIRS,n,2,296.08,2.78,N,0
49.13089,-120.08673,319.27,0.4,0.44,2023-08-17,0935,N20,VIIRS,n,2,291.66,4.39,N,0
49.13096,-120.04787,310.05,0.4,0.44,2023-08-17,0935,N20,VIIRS,n,2,293.73,1.41,N,0
49.1311,-120.04297,313.27,0.4,0.44,2023-08-17,0935,N20,VIIRS,n,2,293.78,1.66,N,0
49.13138,-120.05279,314.19,0.4,0.44,2023-08-17,0935,N20,VIIRS,n,2,293.77,1.41,N,0
49.13154,-120.04786,308.47,0.4,0.44,2023-08-17,0935,N20,VIIRS,n,2,293.74,1.66,N,0
49.13181,-120.0579,312.79,0.4,0.44,2023-08-17,0935,N20,VIIRS,n,2,294.04,1.57,N,0
49.13185,-120.00954,306.52,0.4,0.44,2023-08-17,0935,N20,VIIRS,n,2,291.21,1.68,N,0
49.13198,-120.05276,313.44,0.4,0.44,2023-08-17,0935,N20,VIIRS,n,2,293.98,1.43,N,0
49.13227,-120.06326,314.69,0.4,0.44,2023-08-17,0935,N20,VIIRS,n,2,294.93,1.57,N,0
49.13238,-120.01578,318.21,0.4,0.44,2023-08-17,0935,N20,VIIRS,n,2,292.63,1.68,N,0
49.13244,-120.05788,310.48,0.4,0.44,2023-08-17,0935,N20,VIIRS,n,2,294.03,1.43,N,0
49.13272,-120.06853,327.79,0.4,0.44,2023-08-17,0935,N20,VIIRS,n,2,297,3.01,N,0
49.13291,-120.06316,315.85,0.4,0.44,2023-08-17,0935,N20,VIIRS,n,2,295.31,2.16,N,0
49.13295,-120.02262,306.34,0.4,0.44,2023-08-17,0935,N20,VIIRS,n,2,291.38,1.33,N,0
49.13318,-120.07401,331.81,0.4,0.44,2023-08-17,0935,N20,VIIRS,n,2,297.35,3.01,N,0
49.13338,-120.06839,328.51,0.4,0.44,2023-08-17,0935,N20,VIIRS,n,2,297.19,2.16,N,0
49.13361,-120.03045,308.29,0.4,0.44,2023-08-17,0935,N20,VIIRS,n,2,293.82,1.33,N,0
49.13367,-120.07971,354.73,0.4,0.44,2023-08-17,0935,N20,VIIRS,n,2,298.04,13.27,N,0
49.13387,-120.07382,330.44,0.4,0.44,2023-08-17,0935,N20,VIIRS,n,2,297,9.77,N,0
49.13413,-120.0366,322.13,0.4,0.44,2023-08-17,0935,N20,VIIRS,n,2,295.76,1.62,N,0
49.13439,-120.07961,324.01,0.4,0.44,2023-08-17,0935,N20,VIIRS,n,2,293.24,9.77,N,0
49.13456,-120.04164,311.54,0.4,0.44,2023-08-17,0935,N20,VIIRS,n,2,294.62,1.62,N,0
49.13545,-120.00339,306.43,0.4,0.44,2023-08-17,0935,N20,VIIRS,n,2,291.18,2.45,N,0
49.1358,-120.05607,308.87,0.4,0.44,2023-08-17,0935,N20,VIIRS,n,2,292.89,1.26,N,0
49.13599,-120.00973,308.87,0.4,0.44,2023-08-17,0935,N20,VIIRS,n,2,292.12,1.68,N,0
49.13624,-120.06122,306.88,0.4,0.44,2023-08-17,0935,N20,VIIRS,n,2,293.36,1.26,N,0
49.13668,-120.06634,310.38,0.4,0.44,2023-08-17,0935,N20,VIIRS,n,2,294.42,1.63,N,0
49.13712,-119.8797,346.57,0.39,0.44,2023-08-17,0935,N20,VIIRS,n,2,291.91,5.77,N,0
49.13713,-120.07171,315.49,0.4,0.44,2023-08-17,0935,N20,VIIRS,n,2,295.34,1.63,N,0
49.13714,-120.02339,305.98,0.4,0.44,2023-08-17,0935,N20,VIIRS,n,2,293.01,1.33,N,0
49.13763,-120.07759,319.88,0.4,0.44,2023-08-17,0935,N20,VIIRS,n,2,293.91,1.9,N,0
49.13772,-120.0303,313.03,0.4,0.44,2023-08-17,0935,N20,VIIRS,n,2,294.78,1.33,N,0
49.13819,-120.0358,309.28,0.4,0.44,2023-08-17,0935,N20,VIIRS,n,2,294.39,1.62,N,0
49.1386,-120.04049,307.41,0.4,0.44,2023-08-17,0935,N20,VIIRS,n,2,294.56,1.62,N,0
49.13939,-120.04958,310.3,0.4,0.44,2023-08-17,0935,N20,VIIRS,n,2,292.53,3.93,N,0
49.1398,-120.05447,308.46,0.4,0.44,2023-08-17,0935,N20,VIIRS,n,2,292.17,1.26,N,0
49.14024,-120.05946,312.16,0.4,0.44,2023-08-17,0935,N20,VIIRS,n,2,292.04,1.26,N,0
49.14066,-120.06445,306.35,0.4,0.44,2023-08-17,0935,N20,VIIRS,n,2,290.64,1.63,N,0
49.14069,-120.01667,309.81,0.4,0.44,2023-08-17,0935,N20,VIIRS,n,2,293.02,4.05,N,0
49.14116,-119.87897,342.26,0.39,0.44,2023-08-17,0935,N20,VIIRS,n,2,293.73,5.77,N,0
49.14127,-120.02341,309.85,0.4,0.44,2023-08-17,0935,N20,VIIRS,n,2,293.98,5,N,0
49.14158,-120.07515,304.28,0.4,0.44,2023-08-17,0935,N20,VIIRS,n,2,288.9,1.9,N,0
49.14159,-119.88387,317.76,0.39,0.44,2023-08-17,0935,N20,VIIRS,n,2,289.04,5.77,N,0
49.14208,-120.08108,311.88,0.4,0.44,2023-08-17,0935,N20,VIIRS,n,2,290.23,1.9,N,0
49.14257,-120.08688,352.28,0.4,0.44,2023-08-17,0935,N20,VIIRS,n,2,299.1,13.94,N,0
49.14285,-119.89825,298.68,0.39,0.44,2023-08-17,0935,N20,VIIRS,n,2,285.37,0.58,N,0
49.14301,-120.09198,367,0.4,0.44,2023-08-17,0935,N20,VIIRS,h,2,297.6,13.94,N,0
49.14342,-120.09684,323.66,0.4,0.44,2023-08-17,0935,N20,VIIRS,n,2,291.32,3.93,N,0
49.14519,-119.8782,316.76,0.39,0.44,2023-08-17,0935,N20,VIIRS,n,2,289.38,2.16,N,0
49.14539,-120.02336,347.55,0.4,0.44,2023-08-17,0935,N20,VIIRS,n,2,296.12,5,N,0
49.14563,-119.88319,330.69,0.39,0.44,2023-08-17,0935,N20,VIIRS,n,2,292.77,2.16,N,0
49.14606,-119.88805,317.12,0.39,0.44,2023-08-17,0935,N20,VIIRS,n,2,287.43,1.29,N,0
49.14649,-119.89299,311.77,0.39,0.44,2023-08-17,0935,N20,VIIRS,n,2,286.75,1.29,N,0
49.1465,-120.08429,336.27,0.4,0.44,2023-08-17,0935,N20,VIIRS,n,2,294.62,4.41,N,0
49.14696,-120.08958,347.19,0.4,0.44,2023-08-17,0935,N20,VIIRS,n,2,296.6,4.41,N,0
49.14736,-120.09431,325.09,0.4,0.44,2023-08-17,0935,N20,VIIRS,n,2,292.68,3.31,N,0
49.14923,-119.87755,300.73,0.39,0.44,2023-08-17,0935,N20,VIIRS,n,2,286.93,2.16,N,0
49.14968,-119.88257,321.22,0.39,0.44,2023-08-17,0935,N20,VIIRS,n,2,289.63,2.16,N,0
49.15011,-119.88741,298.47,0.39,0.44,2023-08-17,0935,N20,VIIRS,n,2,286.11,1.29,N,0
49.15056,-119.89251,298.85,0.39,0.44,2023-08-17,0935,N20,VIIRS,n,2,285.92,1.29,N,0
49.15094,-120.08765,319.85,0.4,0.44,2023-08-17,0935,N20,VIIRS,n,2,290.69,4.41,N,0
49.16598,-120.06985,304.39,0.4,0.44,2023-08-17,0935,N20,VIIRS,n,2,286.32,0.78,N,0
49.16691,-120.08059,311.58,0.4,0.44,2023-08-17,0935,N20,VIIRS,n,2,291.27,3.22,N,0
49.16735,-120.08567,316.53,0.4,0.44,2023-08-17,0935,N20,VIIRS,n,2,291.73,2.93,N,0
49.16996,-120.06791,320.48,0.4,0.44,2023-08-17,0935,N20,VIIRS,n,2,287.53,3.92,N,0
49.17041,-120.07318,337.4,0.4,0.44,2023-08-17,0935,N20,VIIRS,n,2,288.64,4.06,N,0
49.17089,-120.07873,316.74,0.4,0.44,2023-08-17,0935,N20,VIIRS,n,2,290.4,4.06,N,0
49.17134,-120.08395,318.22,0.4,0.44,2023-08-17,0935,N20,VIIRS,n,2,288.95,2.22,N,0
49.17517,-119.89242,305.22,0.39,0.44,2023-08-17,0935,N20,VIIRS,n,2,290.75,2.08,N,0
49.17934,-119.89303,303.08,0.39,0.44,2023-08-17,0935,N20,VIIRS,n,2,290.79,1.12,N,0
49.17977,-119.89783,304.04,0.39,0.44,2023-08-17,0935,N20,VIIRS,n,2,291.11,1.63,N,0
49.18014,-119.90196,317.7,0.39,0.44,2023-08-17,0935,N20,VIIRS,n,2,289.77,1.63,N,0
49.18239,-119.92731,306.38,0.39,0.44,2023-08-17,0935,N20,VIIRS,n,2,289.16,1,N,0
49.18303,-121.39096,301.01,0.46,0.47,2023-08-17,0935,N20,VIIRS,n,2,289.3,1.87,N,0
49.18649,-119.92715,305.1,0.39,0.44,2023-08-17,0935,N20,VIIRS,n,2,290.94,1,N,0
49.187,-119.93279,303.8,0.4,0.44,2023-08-17,0935,N20,VIIRS,n,2,290.12,1,N,0
49.18702,-121.38586,307.97,0.46,0.47,2023-08-17,0935,N20,VIIRS,n,2,291.75,1.62,N,0
49.19062,-119.92729,323.76,0.39,0.44,2023-08-17,0935,N20,VIIRS,n,2,291.45,2.02,N,0
49.19645,-121.39463,306.62,0.46,0.47,2023-08-17,0935,N20,VIIRS,n,2,291.11,1.42,N,0
49.19865,-120.06477,303.8,0.4,0.44,2023-08-17,0935,N20,VIIRS,n,2,288.31,1.29,N,0
49.19884,-119.97333,320.64,0.4,0.44,2023-08-17,0935,N20,VIIRS,n,2,292.46,1.55,N,0
49.19907,-120.06964,334.3,0.4,0.44,2023-08-17,0935,N20,VIIRS,n,2,295.77,33.49,N,0
49.1995,-120.07451,349.43,0.4,0.44,2023-08-17,0935,N20,VIIRS,n,2,307.47,33.49,N,0
49.19967,-119.9827,303.81,0.4,0.44,2023-08-17,0935,N20,VIIRS,n,2,291.42,1.55,N,0
49.19994,-120.07947,341.59,0.4,0.44,2023-08-17,0935,N20,VIIRS,n,2,287.22,15.12,N,0
49.20227,-120.05887,305.81,0.4,0.44,2023-08-17,0935,N20,VIIRS,n,2,289.12,6.95,N,0
49.20272,-120.06395,335.73,0.4,0.44,2023-08-17,0935,N20,VIIRS,n,2,297,6.95,N,0
49.20312,-119.97514,310.67,0.4,0.44,2023-08-17,0935,N20,VIIRS,n,2,292.34,1.39,N,0
49.20316,-120.06898,355.23,0.4,0.44,2023-08-17,0935,N20,VIIRS,n,2,305.97,49.93,N,0
49.20359,-120.07391,344.74,0.4,0.44,2023-08-17,0935,N20,VIIRS,n,2,314.23,49.93,N,0
49.20398,-119.98477,317,0.4,0.44,2023-08-17,0935,N20,VIIRS,n,2,293.67,1.39,N,0
49.2045,-120.08429,341.3,0.4,0.44,2023-08-17,0935,N20,VIIRS,n,2,292.23,104.04,N,0
49.20542,-121.39736,302.03,0.46,0.47,2023-08-17,0935,N20,VIIRS,n,2,291.51,1.26,N,0
49.20544,-120.04791,303.25,0.4,0.44,2023-08-17,0935,N20,VIIRS,n,2,291.02,3.06,N,0
49.20587,-120.05276,329.19,0.4,0.44,2023-08-17,0935,N20,VIIRS,n,2,292.17,3.06,N,0
49.20632,-120.05784,326.67,0.4,0.44,2023-08-17,0935,N20,VIIRS,n,2,293.44,6.95,N,0
49.20677,-120.06298,348.89,0.4,0.44,2023-08-17,0935,N20,VIIRS,n,2,306.2,6.95,N,0
49.20722,-120.06806,349.93,0.4,0.44,2023-08-17,0935,N20,VIIRS,n,2,310.22,49.93,N,0
49.20767,-120.07323,345.22,0.4,0.44,2023-08-17,0935,N20,VIIRS,n,2,317.33,49.93,N,0
49.20814,-120.07859,348.02,0.4,0.44,2023-08-17,0935,N20,VIIRS,n,2,304.14,104.04,N,0
49.20863,-120.08407,323.76,0.4,0.44,2023-08-17,0935,N20,VIIRS,n,2,287.93,104.04,N,0
49.20988,-120.05141,304.86,0.4,0.44,2023-08-17,0935,N20,VIIRS,n,2,290.82,1.92,N,0
49.21035,-120.05663,311.17,0.4,0.44,2023-08-17,0935,N20,VIIRS,n,2,291.05,6.56,N,0
49.21062,-120.01305,309.49,0.4,0.44,2023-08-17,0935,N20,VIIRS,n,2,292.51,2.32,N,0
49.21081,-120.06188,367,0.4,0.44,2023-08-17,0935,N20,VIIRS,h,2,304.8,6.56,N,0
49.21104,-120.01769,313.09,0.4,0.44,2023-08-17,0935,N20,VIIRS,n,2,292.9,1.91,N,0
49.21127,-120.0671,350.14,0.4,0.44,2023-08-17,0935,N20,VIIRS,n,2,292.12,6.39,N,0
49.21145,-120.02232,305.2,0.4,0.44,2023-08-17,0935,N20,VIIRS,n,2,292.12,1.91,N,0
49.21175,-120.0725,342.69,0.4,0.44,2023-08-17,0935,N20,VIIRS,n,2,287.94,6.39,N,0
49.21185,-120.02685,308.32,0.4,0.44,2023-08-17,0935,N20,VIIRS,n,2,293,2.74,N,0
49.21225,-120.07816,314.31,0.4,0.44,2023-08-17,0935,N20,VIIRS,n,2,287.08,0.92,N,0
49.21275,-120.08388,299.98,0.4,0.44,2023-08-17,0935,N20,VIIRS,n,2,287.51,0.92,N,0
49.21304,-120.04028,306.85,0.4,0.44,2023-08-17,0935,N20,VIIRS,n,2,291.63,2.35,N,0
49.21348,-120.04519,304.77,0.4,0.44,2023-08-17,0935,N20,VIIRS,n,2,290.38,1.92,N,0
49.21394,-120.05045,317.48,0.4,0.44,2023-08-17,0935,N20,VIIRS,n,2,292.66,1.92,N,0
49.21443,-120.05593,344.96,0.4,0.44,2023-08-17,0935,N20,VIIRS,n,2,294.12,6.56,N,0
49.21468,-120.01218,323.37,0.4,0.44,2023-08-17,0935,N20,VIIRS,n,2,296.56,3.08,N,0
49.21489,-120.06119,309.94,0.4,0.44,2023-08-17,0935,N20,VIIRS,n,2,287.91,6.56,N,0
49.21509,-120.01674,329.84,0.4,0.44,2023-08-17,0935,N20,VIIRS,n,2,297.25,2.78,N,0
49.21535,-120.06637,304.54,0.4,0.44,2023-08-17,0935,N20,VIIRS,n,2,288.22,6.39,N,0
49.2155,-120.02132,325.26,0.4,0.44,2023-08-17,0935,N20,VIIRS,n,2,295.83,2.78,N,0
49.21583,-120.07183,305.27,0.4,0.44,2023-08-17,0935,N20,VIIRS,n,2,288.02,6.39,N,0
49.2159,-120.02588,331.54,0.4,0.44,2023-08-17,0935,N20,VIIRS,n,2,295.88,5.37,N,0
49.2163,-120.03038,347.12,0.4,0.44,2023-08-17,0935,N20,VIIRS,n,2,296.93,5.37,N,0
49.21635,-120.07772,306.67,0.4,0.44,2023-08-17,0935,N20,VIIRS,n,2,287.45,0.92,N,0
49.21671,-120.03492,348.74,0.4,0.44,2023-08-17,0935,N20,VIIRS,n,2,298.07,15.86,N,0
49.21713,-120.0397,328.32,0.4,0.44,2023-08-17,0935,N20,VIIRS,n,2,292.42,15.86,N,0
49.21758,-120.04481,316.9,0.4,0.44,2023-08-17,0935,N20,VIIRS,n,2,293.18,7.68,N,0
49.21808,-120.05048,348.19,0.4,0.44,2023-08-17,0935,N20,VIIRS,n,2,298.29,7.68,N,0
49.21856,-120.0559,341.75,0.4,0.44,2023-08-17,0935,N20,VIIRS,n,2,296.61,11.89,N,0
49.21874,-120.01134,313.55,0.4,0.44,2023-08-17,0935,N20,VIIRS,n,2,294.21,3.08,N,0
49.219,-120.06082,308.95,0.4,0.44,2023-08-17,0935,N20,VIIRS,n,2,288.09,11.89,N,0
49.21914,-120.01579,312.42,0.4,0.44,2023-08-17,0935,N20,VIIRS,n,2,293.39,2.78,N,0
49.21944,-120.06585,302.03,0.4,0.44,2023-08-17,0935,N20,VIIRS,n,2,287.89,0.72,N,0
49.21954,-120.02036,315.71,0.4,0.44,2023-08-17,0935,N20,VIIRS,n,2,293.44,2.78,N,0
49.21995,-120.02493,327.46,0.4,0.44,2023-08-17,0935,N20,VIIRS,n,2,294.5,5.37,N,0
49.22036,-120.02958,326.28,0.4,0.44,2023-08-17,0935,N20,VIIRS,n,2,293.54,5.37,N,0
49.22079,-120.03442,367,0.4,0.44,2023-08-17,0935,N20,VIIRS,h,2,299.13,15.86,N,0
49.22124,-120.03944,352.72,0.4,0.44,2023-08-17,0935,N20,VIIRS,n,2,309.12,15.86,N,0
49.22171,-120.04473,345.68,0.4,0.44,2023-08-17,0935,N20,VIIRS,n,2,299.64,7.68,N,0
49.22224,-120.05063,313.12,0.4,0.44,2023-08-17,0935,N20,VIIRS,n,2,289.4,7.68,N,0
49.22247,-120.00672,316.56,0.4,0.44,2023-08-17,0935,N20,VIIRS,n,2,293.7,8.22,N,0
49.22323,-120.01529,306.18,0.4,0.44,2023-08-17,0935,N20,VIIRS,n,2,291.78,7.65,N,0
49.22363,-120.01985,324.54,0.4,0.44,2023-08-17,0935,N20,VIIRS,n,2,295.17,7.65,N,0
49.22404,-120.02452,344.94,0.4,0.44,2023-08-17,0935,N20,VIIRS,n,2,297.89,20.02,N,0
49.22448,-120.02937,352.68,0.4,0.44,2023-08-17,0935,N20,VIIRS,n,2,302.25,20.02,N,0
49.22494,-120.03451,354.89,0.4,0.44,2023-08-17,0935,N20,VIIRS,n,2,301.73,15.19,N,0
49.22543,-120.03992,367,0.4,0.44,2023-08-17,0935,N20,VIIRS,h,2,304.19,15.19,N,0
49.22592,-120.04553,344.18,0.4,0.44,2023-08-17,0935,N20,VIIRS,n,2,297.22,11.99,N,0
49.22623,-120.00262,335.17,0.4,0.44,2023-08-17,0935,N20,VIIRS,n,2,296.02,8.8,N,0
49.2266,-120.00675,367,0.4,0.44,2023-08-17,0935,N20,VIIRS,h,2,303.1,8.22,N,0
49.22697,-120.01089,333.13,0.4,0.44,2023-08-17,0935,N20,VIIRS,n,2,296.88,8.22,N,0
49.22736,-120.01519,355.14,0.4,0.44,2023-08-17,0935,N20,VIIRS,n,2,299.51,7.65,N,0
49.22776,-120.0197,354.46,0.4,0.44,2023-08-17,0935,N20,VIIRS,n,2,305.12,7.65,N,0
49.22818,-120.02441,367,0.4,0.44,2023-08-17,0935,N20,VIIRS,h,2,301.87,20.02,N,0
49.22863,-120.02943,367,0.4,0.44,2023-08-17,0935,N20,VIIRS,h,2,301.55,20.02,N,0
49.22911,-120.03489,367,0.4,0.44,2023-08-17,0935,N20,VIIRS,h,2,303.06,15.19,N,0
49.22962,-120.04057,350.86,0.4,0.44,2023-08-17,0935,N20,VIIRS,n,2,295.44,15.19,N,0
49.22997,-120.00623,338.72,0.4,0.44,2023-08-17,0935,N20,VIIRS,n,2,301.88,28.05,N,0
49.23033,-120.01037,354.74,0.4,0.44,2023-08-17,0935,N20,VIIRS,n,2,304.17,27.39,N,0
49.23069,-120.01455,354.11,0.4,0.44,2023-08-17,0935,N20,VIIRS,n,2,297.92,27.39,N,0
49.23075,-120.00684,348.61,0.4,0.44,2023-08-17,0935,N20,VIIRS,n,2,306.49,33.11,N,0
49.23109,-120.01904,318.33,0.4,0.44,2023-08-17,0935,N20,VIIRS,n,2,291.21,2.2,N,0
49.23112,-120.01099,367,0.4,0.44,2023-08-17,0935,N20,VIIRS,h,2,298.86,33.11,N,0
49.23149,-120.01521,340.33,0.4,0.44,2023-08-17,0935,N20,VIIRS,n,2,293.92,5.98,N,0
49.23149,-120.02376,324.34,0.4,0.44,2023-08-17,0935,N20,VIIRS,n,2,290.76,2.2,N,0
49.2319,-120.01969,305.34,0.4,0.44,2023-08-17,0935,N20,VIIRS,n,2,291.13,5.98,N,0
49.23193,-120.02892,310.5,0.4,0.44,2023-08-17,0935,N20,VIIRS,n,2,290.36,1.04,N,0
49.23232,-120.02448,303.26,0.4,0.44,2023-08-17,0935,N20,VIIRS,n,2,290.4,1.83,N,0
49.23241,-120.03456,311.48,0.4,0.44,2023-08-17,0935,N20,VIIRS,n,2,290.76,1.04,N,0
49.23288,-120.04016,302.52,0.4,0.44,2023-08-17,0935,N20,VIIRS,n,2,290.67,0.7,N,0
49.9096,-119.63933,303.66,0.48,0.65,2023-08-17,1114,N20,VIIRS,n,2,290.77,2.04,N,0
49.91253,-119.64804,306.97,0.48,0.64,2023-08-17,1114,N20,VIIRS,n,2,289.46,1.95,N,0
50.39295,-120.42832,298.92,0.43,0.62,2023-08-17,1114,N20,VIIRS,n,2,285.49,2.02,N,0
50.39434,-120.41275,299.19,0.43,0.62,2023-08-17,1114,N20,VIIRS,n,2,283.53,0.69,N,0
50.39511,-120.43509,309.13,0.43,0.62,2023-08-17,1114,N20,VIIRS,n,2,289.67,1.33,N,0
50.39718,-120.44155,306.56,0.43,0.62,2023-08-17,1114,N20,VIIRS,n,2,288.85,1.33,N,0
50.40026,-120.43129,308.71,0.43,0.62,2023-08-17,1114,N20,VIIRS,n,2,289.96,1.33,N,0
50.40252,-120.43835,303.19,0.43,0.62,2023-08-17,1114,N20,VIIRS,n,2,289.35,1.33,N,0
50.40258,-120.40656,301.64,0.43,0.62,2023-08-17,1114,N20,VIIRS,n,2,285.85,1.5,N,0
50.40489,-120.40582,320.71,0.43,0.62,2023-08-17,1114,N20,VIIRS,n,2,286.65,1.98,N,0
50.40669,-120.45141,312.85,0.43,0.62,2023-08-17,1114,N20,VIIRS,n,2,286.12,2.57,N,0
50.40789,-120.40323,320.61,0.43,0.62,2023-08-17,1114,N20,VIIRS,n,2,287.64,1.5,N,0
50.4102,-120.4025,313.68,0.43,0.62,2023-08-17,1114,N20,VIIRS,n,2,288.04,1.36,N,0
50.41182,-120.44755,330.13,0.43,0.62,2023-08-17,1114,N20,VIIRS,n,2,288.65,3.16,N,0
50.41233,-120.43655,308.5,0.43,0.62,2023-08-17,1114,N20,VIIRS,n,2,288.6,1.86,N,0
50.41314,-120.3997,302.78,0.43,0.62,2023-08-17,1114,N20,VIIRS,n,2,287.17,1.77,N,0
50.41373,-120.4535,320.25,0.43,0.62,2023-08-17,1114,N20,VIIRS,n,2,287.56,2.35,N,0
50.41434,-120.43547,303.84,0.43,0.62,2023-08-17,1114,N20,VIIRS,n,2,288,3.16,N,0
50.41479,-120.40479,311.76,0.43,0.62,2023-08-17,1114,N20,VIIRS,n,2,288.69,1.77,N,0
50.41501,-120.41756,298.98,0.43,0.62,2023-08-17,1114,N20,VIIRS,n,2,286.38,1.02,N,0
50.41539,-120.39879,300.62,0.43,0.62,2023-08-17,1114,N20,VIIRS,n,2,287.71,1.36,N,0
50.41636,-120.40961,303.52,0.43,0.62,2023-08-17,1114,N20,VIIRS,n,2,287.52,1.15,N,0
50.41661,-120.44973,308.16,0.43,0.62,2023-08-17,1114,N20,VIIRS,n,2,288.81,2.72,N,0
50.41702,-120.40387,318.3,0.43,0.62,2023-08-17,1114,N20,VIIRS,n,2,289.87,2.31,N,0
50.41803,-120.41473,305.58,0.43,0.62,2023-08-17,1114,N20,VIIRS,n,2,287.57,1.15,N,0
50.41855,-120.45569,305.34,0.43,0.62,2023-08-17,1114,N20,VIIRS,n,2,288.8,1.72,N,0
50.41856,-120.44871,300.35,0.43,0.62,2023-08-17,1114,N20,VIIRS,n,2,288.1,2.35,N,0
50.41858,-120.40876,306.41,0.43,0.62,2023-08-17,1114,N20,VIIRS,n,2,287.66,2.31,N,0
50.42024,-120.41398,306.35,0.43,0.62,2023-08-17,1114,N20,VIIRS,n,2,287.71,1.02,N,0
50.42051,-120.45484,319.42,0.43,0.62,2023-08-17,1114,N20,VIIRS,n,2,289.6,2.35,N,0
50.42056,-120.46189,315.15,0.43,0.62,2023-08-17,1114,N20,VIIRS,n,2,287.37,1.72,N,0
50.42157,-120.40595,302.99,0.43,0.62,2023-08-17,1114,N20,VIIRS,n,2,287.63,1.15,N,0
50.42253,-120.46117,318.43,0.43,0.62,2023-08-17,1114,N20,VIIRS,n,2,287.75,3.28,N,0
50.42328,-120.41122,300.93,0.43,0.62,2023-08-17,1114,N20,VIIRS,n,2,286.49,1.15,N,0
50.42553,-120.45753,313.82,0.43,0.62,2023-08-17,1114,N20,VIIRS,n,2,286.99,1.72,N,0
50.42834,-120.47944,298.32,0.42,0.61,2023-08-17,1114,N20,VIIRS,n,2,286.55,0.98,N,0
50.42836,-120.48592,299.72,0.42,0.61,2023-08-17,1114,N20,VIIRS,n,2,286.05,1.36,N,0
50.43023,-120.48537,297.23,0.42,0.61,2023-08-17,1114,N20,VIIRS,n,2,286.4,0.87,N,0
50.94001,-119.6198,299.86,0.44,0.62,2023-08-17,1114,N20,VIIRS,n,2,287.62,4.41,N,0
50.94141,-119.62407,350.34,0.44,0.62,2023-08-17,1114,N20,VIIRS,n,2,293.19,9.58,N,0
50.94281,-119.62833,343.38,0.44,0.62,2023-08-17,1114,N20,VIIRS,n,2,288.36,9.58,N,0
50.94336,-119.59029,331.57,0.44,0.62,2023-08-17,1114,N20,VIIRS,n,2,288.32,6.68,N,0
50.94483,-119.61465,299.93,0.44,0.62,2023-08-17,1114,N20,VIIRS,n,2,288.05,4.41,N,0
50.94504,-119.55562,303.17,0.44,0.63,2023-08-17,1114,N20,VIIRS,n,2,287.38,1.49,N,0
50.94516,-119.59578,325.16,0.44,0.62,2023-08-17,1114,N20,VIIRS,n,2,288.57,2.9,N,0
50.94632,-119.61921,307.68,0.44,0.62,2023-08-17,1114,N20,VIIRS,n,2,288.85,9.58,N,0
50.94709,-119.56184,301.62,0.44,0.63,2023-08-17,1114,N20,VIIRS,n,2,288.82,1.49,N,0
50.94795,-119.62418,326.81,0.44,0.62,2023-08-17,1114,N20,VIIRS,n,2,289.81,9.58,N,0
50.94905,-119.56789,304.74,0.44,0.62,2023-08-17,1114,N20,VIIRS,n,2,289.07,1.95,N,0
50.94993,-119.63026,317.88,0.44,0.62,2023-08-17,1114,N20,VIIRS,n,2,288.18,4.46,N,0
50.95091,-119.5935,310.47,0.44,0.62,2023-08-17,1114,N20,VIIRS,n,2,290.41,2.9,N,0
50.95106,-119.57402,302.67,0.44,0.62,2023-08-17,1114,N20,VIIRS,n,2,288.64,1.95,N,0
50.95159,-119.53576,313.93,0.44,0.63,2023-08-17,1114,N20,VIIRS,n,2,288.2,3.49,N,0
50.95231,-119.53037,342.47,0.44,0.63,2023-08-17,1114,N20,VIIRS,n,2,290.13,5.13,N,0
50.95252,-119.5984,310.95,0.44,0.62,2023-08-17,1114,N20,VIIRS,n,2,288.57,2.9,N,0
50.954,-119.52319,301.75,0.44,0.63,2023-08-17,1114,N20,VIIRS,n,2,288.26,5.87,N,0
50.95419,-119.53602,334.3,0.44,0.63,2023-08-17,1114,N20,VIIRS,n,2,289.62,5.13,N,0
50.95433,-119.54417,313.05,0.44,0.63,2023-08-17,1114,N20,VIIRS,n,2,287.25,3.49,N,0
50.95568,-119.52835,348.71,0.44,0.63,2023-08-17,1114,N20,VIIRS,n,2,290.92,5.87,N,0
50.95667,-119.5238,306.44,0.44,0.63,2023-08-17,1114,N20,VIIRS,n,2,288.83,5.89,N,0
50.95673,-119.51157,310.93,0.44,0.63,2023-08-17,1114,N20,VIIRS,n,2,287.19,2.26,N,0
50.95706,-119.55256,303.26,0.44,0.63,2023-08-17,1114,N20,VIIRS,n,2,289.14,2.12,N,0
50.9573,-119.54539,305.37,0.44,0.63,2023-08-17,1114,N20,VIIRS,n,2,288.17,2.59,N,0
50.95744,-119.53374,333.11,0.44,0.63,2023-08-17,1114,N20,VIIRS,n,2,289.99,3.49,N,0
50.9584,-119.51672,314.38,0.44,0.63,2023-08-17,1114,N20,VIIRS,n,2,287.33,2.26,N,0
50.95846,-119.5292,319.52,0.44,0.63,2023-08-17,1114,N20,VIIRS,n,2,288.35,5.13,N,0
50.95892,-119.5782,301.15,0.44,0.62,2023-08-17,1114,N20,VIIRS,n,2,288.45,2.47,N,0
50.95913,-119.5589,319.89,0.44,0.63,2023-08-17,1114,N20,VIIRS,n,2,290.95,2.12,N,0
50.95921,-119.51174,317.45,0.44,0.63,2023-08-17,1114,N20,VIIRS,n,2,287.61,2.54,N,0
50.95973,-119.54076,307.05,0.44,0.63,2023-08-17,1114,N20,VIIRS,n,2,288.95,3.49,N,0
50.95982,-119.55297,310.15,0.44,0.63,2023-08-17,1114,N20,VIIRS,n,2,289.7,2.59,N,0
50.96019,-119.52219,317.45,0.44,0.63,2023-08-17,1114,N20,VIIRS,n,2,290.4,2.23,N,0
50.96103,-119.56471,317.03,0.44,0.62,2023-08-17,1114,N20,VIIRS,n,2,290.61,2.63,N,0
50.96104,-119.51723,306.65,0.44,0.63,2023-08-17,1114,N20,VIIRS,n,2,286.95,3.05,N,0
50.96167,-119.64632,308.76,0.44,0.62,2023-08-17,1114,N20,VIIRS,n,2,289.02,1.92,N,0
50.9619,-119.55923,317.49,0.44,0.62,2023-08-17,1114,N20,VIIRS,n,2,290.68,2.21,N,0
50.96205,-119.5279,320.14,0.44,0.63,2023-08-17,1114,N20,VIIRS,n,2,289.1,2.23,N,0
50.96278,-119.55016,310.97,0.44,0.63,2023-08-17,1114,N20,VIIRS,n,2,289.79,2.12,N,0
50.9628,-119.57015,311.28,0.44,0.62,2023-08-17,1114,N20,VIIRS,n,2,289.53,2.63,N,0
50.96291,-119.52289,321.68,0.44,0.63,2023-08-17,1114,N20,VIIRS,n,2,290.18,3.05,N,0
50.9637,-119.56466,317.57,0.44,0.62,2023-08-17,1114,N20,VIIRS,n,2,290.48,2.21,N,0
50.96439,-119.57503,306.74,0.44,0.62,2023-08-17,1114,N20,VIIRS,n,2,288.76,2.39,N,0
50.96468,-119.52823,317.72,0.44,0.63,2023-08-17,1114,N20,VIIRS,n,2,289.03,2.67,N,0
50.96488,-119.5566,303.35,0.44,0.63,2023-08-17,1114,N20,VIIRS,n,2,288.84,2.12,N,0
50.96529,-119.56946,307.56,0.44,0.62,2023-08-17,1114,N20,VIIRS,n,2,288.39,1.62,N,0
50.9655,-119.5504,307.85,0.44,0.63,2023-08-17,1114,N20,VIIRS,n,2,289.28,2.59,N,0
50.96658,-119.56181,306.2,0.44,0.62,2023-08-17,1114,N20,VIIRS,n,2,288.76,2.63,N,0
50.96671,-119.57373,303.32,0.44,0.62,2023-08-17,1114,N20,VIIRS,n,2,287.75,1.62,N,0
50.96751,-119.55647,304.73,0.44,0.62,2023-08-17,1114,N20,VIIRS,n,2,288.03,2.21,N,0
50.96788,-119.52585,300.22,0.44,0.63,2023-08-17,1114,N20,VIIRS,n,2,287.11,2.23,N,0
50.96829,-119.5471,303.65,0.44,0.63,2023-08-17,1114,N20,VIIRS,n,2,288.88,1.07,N,0
50.96918,-119.56149,300.89,0.44,0.62,2023-08-17,1114,N20,VIIRS,n,2,287.19,2.21,N,0
50.97041,-119.55362,300.59,0.44,0.63,2023-08-17,1114,N20,VIIRS,n,2,286.79,1.07,N,0
50.97063,-119.56589,313.37,0.44,0.62,2023-08-17,1114,N20,VIIRS,n,2,287.4,1.62,N,0
50.9711,-119.5476,304.29,0.44,0.63,2023-08-17,1114,N20,VIIRS,n,2,288.51,1.99,N,0
50.97226,-119.53139,299.37,0.44,0.63,2023-08-17,1114,N20,VIIRS,n,2,287.5,2.67,N,0
50.97295,-119.5532,302.16,0.44,0.62,2023-08-17,1114,N20,VIIRS,n,2,286.99,2.01,N,0
50.97344,-119.5629,325.17,0.44,0.62,2023-08-17,1114,N20,VIIRS,n,2,287.76,3.86,N,0
50.97382,-119.54409,303.5,0.44,0.63,2023-08-17,1114,N20,VIIRS,n,2,288.64,1.07,N,0
50.97577,-119.55009,304.86,0.44,0.63,2023-08-17,1114,N20,VIIRS,n,2,287.82,1.07,N,0
50.97589,-119.56208,314.66,0.44,0.62,2023-08-17,1114,N20,VIIRS,n,2,287.04,2.82,N,0
50.97653,-119.5443,300.84,0.44,0.63,2023-08-17,1114,N20,VIIRS,n,2,288.34,1.99,N,0
50.97832,-119.54971,304.66,0.44,0.62,2023-08-17,1114,N20,VIIRS,n,2,287.25,2.01,N,0
50.98131,-119.54715,306.8,0.44,0.63,2023-08-17,1114,N20,VIIRS,n,2,287.73,2.12,N,0
50.98404,-119.54729,303.79,0.44,0.62,2023-08-17,1114,N20,VIIRS,n,2,287.44,1.29,N,0
50.98563,-119.55209,299.72,0.44,0.62,2023-08-17,1114,N20,VIIRS,n,2,286.93,1.29,N,0
50.9887,-119.5499,311.92,0.44,0.62,2023-08-17,1114,N20,VIIRS,n,2,287.56,3.61,N,0
50.99154,-119.55025,308.49,0.44,0.62,2023-08-17,1114,N20,VIIRS,n,2,286.86,1.29,N,0
50.99249,-119.76077,302.67,0.43,0.62,2023-08-17,1114,N20,VIIRS,n,2,287.95,1.71,N,0
50.99272,-119.56229,302.29,0.44,0.62,2023-08-17,1114,N20,VIIRS,n,2,287.41,1.53,N,0
50.99344,-119.55598,304,0.44,0.62,2023-08-17,1114,N20,VIIRS,n,2,287.94,1.88,N,0
50.99484,-119.82742,299.43,0.43,0.62,2023-08-17,1114,N20,VIIRS,n,2,284.96,0.62,N,0
50.99562,-119.56258,308.66,0.44,0.62,2023-08-17,1114,N20,VIIRS,n,2,287.75,1.88,N,0
50.99658,-119.59415,303.61,0.44,0.62,2023-08-17,1114,N20,VIIRS,n,2,288.01,2.65,N,0
50.99806,-119.5987,304.12,0.44,0.62,2023-08-17,1114,N20,VIIRS,n,2,287.81,3.04,N,0
50.99918,-119.55365,305.49,0.44,0.62,2023-08-17,1114,N20,VIIRS,n,2,285.76,1.35,N,0
50.99944,-119.59391,305.15,0.44,0.62,2023-08-17,1114,N20,VIIRS,n,2,288.4,1.76,N,0
51.00096,-119.59855,301.97,0.44,0.62,2023-08-17,1114,N20,VIIRS,n,2,288.2,1.76,N,0
51.00139,-119.56033,309,0.44,0.62,2023-08-17,1114,N20,VIIRS,n,2,286.34,1.35,N,0
51.00684,-119.55714,298.36,0.44,0.62,2023-08-17,1114,N20,VIIRS,n,2,285.33,1.35,N,0
51.00893,-119.56348,321.21,0.44,0.62,2023-08-17,1114,N20,VIIRS,n,2,286.4,2.05,N,0
51.01067,-119.56876,299.49,0.44,0.62,2023-08-17,1114,N20,VIIRS,n,2,285.14,2.05,N,0
51.01076,-119.64792,296.73,0.44,0.62,2023-08-17,1114,N20,VIIRS,n,2,283.26,0.79,N,0
51.01202,-119.57287,302.47,0.44,0.62,2023-08-17,1114,N20,VIIRS,n,2,284.87,1.52,N,0
51.01213,-119.59298,298.6,0.44,0.62,2023-08-17,1114,N20,VIIRS,n,2,287.39,1.24,N,0
51.0165,-119.58649,302.38,0.44,0.62,2023-08-17,1114,N20,VIIRS,n,2,287.94,1.24,N,0
51.01729,-119.5691,367,0.44,0.62,2023-08-17,1114,N20,VIIRS,h,2,288.38,7.27,N,0
51.01842,-119.59232,298.93,0.44,0.62,2023-08-17,1114,N20,VIIRS,n,2,287.32,1.24,N,0
51.01852,-119.57287,323.01,0.44,0.62,2023-08-17,1114,N20,VIIRS,n,2,287.89,7.27,N,0
51.01971,-119.57648,317.4,0.44,0.62,2023-08-17,1114,N20,VIIRS,n,2,288.6,3.38,N,0
51.01975,-119.80512,307,0.43,0.62,2023-08-17,1114,N20,VIIRS,n,2,288.3,1.01,N,0
51.02086,-119.57999,313.83,0.44,0.62,2023-08-17,1114,N20,VIIRS,n,2,289.28,3.38,N,0
51.02119,-119.80955,303.65,0.43,0.62,2023-08-17,1114,N20,VIIRS,n,2,287.75,1.01,N,0
51.02225,-119.58421,332.17,0.44,0.62,2023-08-17,1114,N20,VIIRS,n,2,287.85,3.11,N,0
51.02449,-119.59103,304.21,0.44,0.62,2023-08-17,1114,N20,VIIRS,n,2,286.62,3.11,N,0
51.0253,-119.78259,297.45,0.43,0.62,2023-08-17,1114,N20,VIIRS,n,2,285.29,0.5,N,0
51.02691,-119.78756,309.36,0.43,0.62,2023-08-17,1114,N20,VIIRS,n,2,286.17,0.96,N,0
51.03492,-119.78029,298.62,0.43,0.62,2023-08-17,1114,N20,VIIRS,n,2,286.7,0.34,N,0
51.06038,-119.77932,301.08,0.43,0.62,2023-08-17,1114,N20,VIIRS,n,2,286.91,0.58,N,0
51.06114,-119.77409,299.49,0.43,0.62,2023-08-17,1114,N20,VIIRS,n,2,287,0.68,N,0
51.08094,-119.68436,306.81,0.43,0.62,2023-08-17,1114,N20,VIIRS,n,2,288.37,2.13,N,0
51.08209,-119.68792,308.26,0.43,0.62,2023-08-17,1114,N20,VIIRS,n,2,288.81,1.76,N,0
51.08329,-119.69157,310.21,0.43,0.62,2023-08-17,1114,N20,VIIRS,n,2,289.79,1.76,N,0
51.08453,-119.69537,311.94,0.43,0.62,2023-08-17,1114,N20,VIIRS,n,2,289.96,1.84,N,0
51.08582,-119.69934,315.85,0.43,0.62,2023-08-17,1114,N20,VIIRS,n,2,288.92,1.84,N,0
51.09052,-119.65434,315.45,0.43,0.62,2023-08-17,1114,N20,VIIRS,n,2,287.54,2.18,N,0
51.44785,-119.68961,301.52,0.42,0.61,2023-08-17,1114,N20,VIIRS,n,2,284.83,3.5,N,0
51.449,-119.69316,337.67,0.42,0.61,2023-08-17,1114,N20,VIIRS,n,2,288.04,3.5,N,0
51.45009,-119.69654,327.01,0.42,0.61,2023-08-17,1114,N20,VIIRS,n,2,287.64,5.21,N,0
51.45472,-119.69115,320.92,0.42,0.61,2023-08-17,1114,N20,VIIRS,n,2,288.66,3.39,N,0
51.45595,-119.69495,318.75,0.42,0.61,2023-08-17,1114,N20,VIIRS,n,2,287.43,2.48,N,0
51.45717,-119.69874,303.78,0.42,0.61,2023-08-17,1114,N20,VIIRS,n,2,287.97,2.48,N,0
51.45837,-119.70242,308.03,0.42,0.61,2023-08-17,1114,N20,VIIRS,n,2,288.32,3.55,N,0
51.45954,-119.70605,306.78,0.42,0.61,2023-08-17,1114,N20,VIIRS,n,2,288.66,3.55,N,0
51.46069,-119.70961,333.01,0.42,0.61,2023-08-17,1114,N20,VIIRS,n,2,288.09,4.47,N,0
51.46559,-119.7051,336.74,0.42,0.61,2023-08-17,1114,N20,VIIRS,n,2,290.59,3.55,N,0
51.46669,-119.7085,317.21,0.42,0.61,2023-08-17,1114,N20,VIIRS,n,2,287.55,4.47,N,0
51.47144,-119.70349,333.07,0.42,0.61,2023-08-17,1114,N20,VIIRS,n,2,287.37,3.76,N,0
51.52639,-117.56038,307.46,0.5,0.66,2023-08-17,1114,N20,VIIRS,n,2,286.39,2.66,N,0
51.52755,-117.55484,303.45,0.5,0.66,2023-08-17,1114,N20,VIIRS,n,2,286.34,2.54,N,0
51.53084,-117.56425,298.83,0.5,0.66,2023-08-17,1114,N20,VIIRS,n,2,285.27,2.16,N,0
49.08413,-120.05824,307.17,0.49,0.65,2023-08-17,1115,N20,VIIRS,n,2,290.57,2.66,N,0
49.0852,-120.02055,301.34,0.49,0.65,2023-08-17,1115,N20,VIIRS,n,2,288.93,3.78,N,0
49.0864,-120.06508,306.37,0.49,0.65,2023-08-17,1115,N20,VIIRS,n,2,287.82,2.66,N,0
49.08663,-120.03403,321.48,0.49,0.65,2023-08-17,1115,N20,VIIRS,n,2,290.68,10.02,N,0
49.08679,-120.04584,301.81,0.49,0.65,2023-08-17,1115,N20,VIIRS,n,2,288.26,2.87,N,0
49.088,-120.02903,333.08,0.49,0.65,2023-08-17,1115,N20,VIIRS,n,2,291.91,14.04,N,0
49.08877,-120.07225,301.14,0.49,0.65,2023-08-17,1115,N20,VIIRS,n,2,285.99,2.53,N,0
49.08929,-120.04192,367,0.49,0.65,2023-08-17,1115,N20,VIIRS,h,2,293.66,10.2,N,0
49.08988,-120.02355,308.35,0.49,0.65,2023-08-17,1115,N20,VIIRS,n,2,289.68,10.02,N,0
49.09078,-120.03748,367,0.49,0.65,2023-08-17,1115,N20,VIIRS,h,2,296.87,14.04,N,0
49.09133,-120.05958,313.98,0.49,0.65,2023-08-17,1115,N20,VIIRS,n,2,291.35,2.66,N,0
49.09164,-120.0489,312.62,0.49,0.65,2023-08-17,1115,N20,VIIRS,n,2,289.78,10.2,N,0
49.09237,-120.03096,367,0.49,0.65,2023-08-17,1115,N20,VIIRS,h,2,294.5,10.2,N,0
49.09349,-120.04568,314.31,0.49,0.65,2023-08-17,1115,N20,VIIRS,n,2,290.22,5.24,N,0
49.09375,-120.06691,320.19,0.49,0.65,2023-08-17,1115,N20,VIIRS,n,2,288.65,2.53,N,0
49.09396,-120.02659,316.12,0.49,0.65,2023-08-17,1115,N20,VIIRS,n,2,290.81,14.04,N,0
49.09415,-120.05635,308.62,0.49,0.65,2023-08-17,1115,N20,VIIRS,n,2,290.1,2.77,N,0
49.09528,-120.03959,331.03,0.49,0.65,2023-08-17,1115,N20,VIIRS,n,2,291.74,10.2,N,0
49.09605,-120.01249,309.25,0.49,0.65,2023-08-17,1115,N20,VIIRS,n,2,288.71,2.48,N,0
49.09607,-120.05347,305.44,0.49,0.65,2023-08-17,1115,N20,VIIRS,n,2,289.34,5.24,N,0
49.09641,-120.03406,325.16,0.49,0.65,2023-08-17,1115,N20,VIIRS,n,2,291.28,5.24,N,0
49.09659,-120.06362,307.27,0.49,0.65,2023-08-17,1115,N20,VIIRS,n,2,290.34,2.77,N,0
49.09668,-120.02362,305.6,0.49,0.65,2023-08-17,1115,N20,VIIRS,n,2,290.21,2.08,N,0
49.09768,-120.01742,305.74,0.49,0.65,2023-08-17,1115,N20,VIIRS,n,2,289.08,1.8,N,0
49.09771,-120.00646,308.57,0.49,0.65,2023-08-17,1115,N20,VIIRS,n,2,288.43,3.9,N,0
49.0984,-120.02873,321.83,0.49,0.65,2023-08-17,1115,N20,VIIRS,n,2,291.5,2.08,N,0
49.09842,-120.04892,310.78,0.49,0.65,2023-08-17,1115,N20,VIIRS,n,2,291.1,2.77,N,0
49.09856,-120.06103,310.81,0.49,0.65,2023-08-17,1115,N20,VIIRS,n,2,290.77,3.92,N,0
49.09881,-120.07022,314.29,0.49,0.65,2023-08-17,1115,N20,VIIRS,n,2,289.97,4.98,N,0
49.09928,-120.02224,309.83,0.49,0.65,2023-08-17,1115,N20,VIIRS,n,2,289.94,1.8,N,0
49.09962,-120.01216,329.79,0.49,0.65,2023-08-17,1115,N20,VIIRS,n,2,289.82,4.09,N,0
49.09971,-120.04404,312.59,0.49,0.65,2023-08-17,1115,N20,VIIRS,n,2,290.62,5.24,N,0
49.10078,-120.06777,325.31,0.49,0.65,2023-08-17,1115,N20,VIIRS,n,2,292.72,3.92,N,0
49.10084,-120.02699,322.53,0.49,0.65,2023-08-17,1115,N20,VIIRS,n,2,292.14,3.18,N,0
49.10089,-120.00671,305.99,0.49,0.65,2023-08-17,1115,N20,VIIRS,n,2,287.39,2.48,N,0
49.10104,-120.03658,319.78,0.49,0.65,2023-08-17,1115,N20,VIIRS,n,2,290.43,4.19,N,0
49.10121,-120.05723,312.51,0.49,0.65,2023-08-17,1115,N20,VIIRS,n,2,290.04,2.77,N,0
49.10127,-120.01709,312.81,0.49,0.65,2023-08-17,1115,N20,VIIRS,n,2,288.2,4.09,N,0
49.10261,-120.03234,314.09,0.49,0.65,2023-08-17,1115,N20,VIIRS,n,2,291.11,3.18,N,0
49.10263,-120.01196,322.12,0.49,0.65,2023-08-17,1115,N20,VIIRS,n,2,289.35,2.48,N,0
49.10274,-120.02146,303.29,0.49,0.65,2023-08-17,1115,N20,VIIRS,n,2,289.55,2.08,N,0
49.10299,-120.054,309.63,0.49,0.65,2023-08-17,1115,N20,VIIRS,n,2,289.17,3.92,N,0
49.10352,-120.06411,327.76,0.49,0.65,2023-08-17,1115,N20,VIIRS,n,2,294.89,4.98,N,0
49.10408,-120.02545,303.42,0.49,0.65,2023-08-17,1115,N20,VIIRS,n,2,291.45,2.08,N,0
49.10419,-120.01669,301.38,0.49,0.65,2023-08-17,1115,N20,VIIRS,n,2,287.59,1.8,N,0
49.10489,-120.04805,304.83,0.49,0.65,2023-08-17,1115,N20,VIIRS,n,2,289.9,4.19,N,0
49.10533,-120.0406,302.97,0.49,0.65,2023-08-17,1115,N20,VIIRS,n,2,290.17,2.36,N,0
49.10545,-120.06146,323.61,0.49,0.65,2023-08-17,1115,N20,VIIRS,n,2,293.85,3.92,N,0
49.10556,-120.02082,300.89,0.49,0.65,2023-08-17,1115,N20,VIIRS,n,2,290.28,1.8,N,0
49.10559,-120.07027,331.6,0.49,0.65,2023-08-17,1115,N20,VIIRS,n,2,292.88,4.98,N,0
49.10624,-120.01168,300.42,0.49,0.65,2023-08-17,1115,N20,VIIRS,n,2,287.98,1.42,N,0
49.10681,-120.02459,302.24,0.49,0.65,2023-08-17,1115,N20,VIIRS,n,2,291.42,3.18,N,0
49.10749,-120.07594,323.31,0.49,0.65,2023-08-17,1115,N20,VIIRS,n,2,287.54,4.84,N,0
49.10753,-120.0678,339.3,0.49,0.65,2023-08-17,1115,N20,VIIRS,n,2,295.14,7.84,N,0
49.10774,-120.01617,301.65,0.49,0.65,2023-08-17,1115,N20,VIIRS,n,2,287.93,1.42,N,0
49.10816,-120.05777,313.69,0.49,0.65,2023-08-17,1115,N20,VIIRS,n,2,291.61,3,N,0
49.10906,-120.01099,302.89,0.49,0.65,2023-08-17,1115,N20,VIIRS,n,2,287.67,2.27,N,0
49.10914,-120.02034,302.37,0.49,0.65,2023-08-17,1115,N20,VIIRS,n,2,290.33,1.99,N,0
49.10942,-120.07352,325.96,0.49,0.65,2023-08-17,1115,N20,VIIRS,n,2,288.45,7.84,N,0
49.10973,-120.054,311.06,0.49,0.65,2023-08-17,1115,N20,VIIRS,n,2,291.21,2.36,N,0
49.11039,-120.06441,318.62,0.49,0.65,2023-08-17,1115,N20,VIIRS,n,2,291.46,3,N,0
49.11051,-120.0154,303.22,0.49,0.65,2023-08-17,1115,N20,VIIRS,n,2,287.41,2.49,N,0
49.11148,-120.03877,301.46,0.49,0.65,2023-08-17,1115,N20,VIIRS,n,2,290.67,2.36,N,0
49.11183,-119.99892,298.38,0.49,0.65,2023-08-17,1115,N20,VIIRS,n,2,286.2,1.7,N,0
49.11224,-120.06993,317.35,0.49,0.65,2023-08-17,1115,N20,VIIRS,n,2,290.43,2.01,N,0
49.1123,-120.06179,312.03,0.49,0.65,2023-08-17,1115,N20,VIIRS,n,2,290.36,2.45,N,0
49.11343,-120.00378,315.67,0.49,0.65,2023-08-17,1115,N20,VIIRS,n,2,287.9,2.27,N,0
49.11397,-120.0751,308.96,0.49,0.65,2023-08-17,1115,N20,VIIRS,n,2,289.94,2.01,N,0
49.11408,-120.06718,307.63,0.49,0.65,2023-08-17,1115,N20,VIIRS,n,2,289.75,2.45,N,0
49.11468,-120.05705,304.3,0.49,0.65,2023-08-17,1115,N20,VIIRS,n,2,289.27,3,N,0
49.11526,-119.95763,303.21,0.5,0.65,2023-08-17,1115,N20,VIIRS,n,2,284.87,0.93,N,0
49.11574,-120.07223,311.79,0.49,0.65,2023-08-17,1115,N20,VIIRS,n,2,290.64,2.75,N,0
49.11574,-120.08037,308.35,0.49,0.65,2023-08-17,1115,N20,VIIRS,n,2,291.44,3.52,N,0
49.11616,-120.05301,300.15,0.49,0.65,2023-08-17,1115,N20,VIIRS,n,2,288.68,2.45,N,0
49.11632,-120.02155,302.43,0.49,0.65,2023-08-17,1115,N20,VIIRS,n,2,289.73,1.99,N,0
49.11662,-120.00221,313.28,0.49,0.65,2023-08-17,1115,N20,VIIRS,n,2,288.16,3.02,N,0
49.11671,-120.06313,304.17,0.49,0.65,2023-08-17,1115,N20,VIIRS,n,2,289.23,2.01,N,0
49.11692,-120.04356,303.91,0.49,0.65,2023-08-17,1115,N20,VIIRS,n,2,290.18,4.5,N,0
49.1174,-120.07726,307.56,0.49,0.65,2023-08-17,1115,N20,VIIRS,n,2,291.07,2.75,N,0
49.11752,-120.08568,329.19,0.49,0.65,2023-08-17,1115,N20,VIIRS,n,2,292.21,3.52,N,0
49.11753,-120.0162,305.01,0.49,0.65,2023-08-17,1115,N20,VIIRS,n,2,290.03,2.49,N,0
49.1183,-120.03896,304.41,0.49,0.65,2023-08-17,1115,N20,VIIRS,n,2,290.67,2.04,N,0
49.11841,-120.06818,304.96,0.49,0.65,2023-08-17,1115,N20,VIIRS,n,2,289.86,2.01,N,0
49.11876,-120.01991,306.39,0.49,0.65,2023-08-17,1115,N20,VIIRS,n,2,290.34,4.64,N,0
49.11908,-120.08236,333.3,0.49,0.65,2023-08-17,1115,N20,VIIRS,n,2,292.65,3.93,N,0
49.11934,-120.09112,324.28,0.49,0.65,2023-08-17,1115,N20,VIIRS,n,2,290.34,7.47,N,0
49.11938,-120.01047,305.49,0.49,0.65,2023-08-17,1115,N20,VIIRS,n,2,290.24,3.43,N,0
49.12001,-120.07298,302.03,0.49,0.65,2023-08-17,1115,N20,VIIRS,n,2,290.19,3.52,N,0
49.1202,-120.0653,301.6,0.49,0.65,2023-08-17,1115,N20,VIIRS,n,2,290.2,2.75,N,0
49.12064,-120.01424,307.41,0.49,0.65,2023-08-17,1115,N20,VIIRS,n,2,290.41,1.53,N,0
49.12076,-120.08749,324.22,0.49,0.65,2023-08-17,1115,N20,VIIRS,n,2,291.07,3.93,N,0
49.12171,-120.04939,301.09,0.49,0.65,2023-08-17,1115,N20,VIIRS,n,2,289.52,2.04,N,0
49.12193,-120.01809,303.55,0.49,0.65,2023-08-17,1115,N20,VIIRS,n,2,288.47,1.53,N,0
49.12243,-120.03101,302.72,0.49,0.65,2023-08-17,1115,N20,VIIRS,n,2,291.41,4.96,N,0
49.1225,-120.09274,304.06,0.49,0.65,2023-08-17,1115,N20,VIIRS,n,2,289.84,11.65,N,0
49.12301,-120.08194,313.25,0.49,0.65,2023-08-17,1115,N20,VIIRS,n,2,291.46,7.47,N,0
49.12306,-120.07399,301.3,0.49,0.65,2023-08-17,1115,N20,VIIRS,n,2,290.15,3.93,N,0
49.12321,-120.04214,305.14,0.49,0.65,2023-08-17,1115,N20,VIIRS,n,2,291.3,2.18,N,0
49.12449,-120.07831,312.99,0.49,0.65,2023-08-17,1115,N20,VIIRS,n,2,291.25,3.93,N,0
49.12455,-120.08654,333.18,0.49,0.65,2023-08-17,1115,N20,VIIRS,n,2,293.74,7.47,N,0
49.12503,-120.03891,305.16,0.49,0.65,2023-08-17,1115,N20,VIIRS,n,2,291.65,2.04,N,0
49.12536,-120.06879,302.82,0.49,0.65,2023-08-17,1115,N20,VIIRS,n,2,290.44,1.76,N,0
49.12579,-120.04987,305.6,0.49,0.65,2023-08-17,1115,N20,VIIRS,n,2,290.46,2.18,N,0
49.12595,-120.00984,305.36,0.49,0.65,2023-08-17,1115,N20,VIIRS,n,2,290.43,1.53,N,0
49.12595,-120.08276,337.71,0.49,0.65,2023-08-17,1115,N20,VIIRS,n,2,294.65,11.65,N,0
49.12622,-120.09153,367,0.49,0.65,2023-08-17,1115,N20,VIIRS,h,2,297.43,25.03,N,0
49.12677,-120.07298,305.57,0.49,0.65,2023-08-17,1115,N20,VIIRS,n,2,290.8,2.12,N,0
49.12688,-120.06508,304.02,0.49,0.65,2023-08-17,1115,N20,VIIRS,n,2,290.39,1.76,N,0
49.12725,-120.04571,311.76,0.49,0.65,2023-08-17,1115,N20,VIIRS,n,2,291.37,3.28,N,0
49.12729,-120.01387,308.43,0.49,0.65,2023-08-17,1115,N20,VIIRS,n,2,290.85,1.53,N,0
49.12757,-120.08769,367,0.49,0.65,2023-08-17,1115,N20,VIIRS,h,2,299.06,11.65,N,0
49.1278,-120.05586,304.49,0.49,0.65,2023-08-17,1115,N20,VIIRS,n,2,290.57,1.76,N,0
49.12804,-120.03637,305.14,0.49,0.65,2023-08-17,1115,N20,VIIRS,n,2,292.12,1.72,N,0
49.12834,-120.07767,312.63,0.49,0.65,2023-08-17,1115,N20,VIIRS,n,2,292.22,2.12,N,0
49.12842,-120.06974,304.39,0.49,0.65,2023-08-17,1115,N20,VIIRS,n,2,290.54,1.76,N,0
49.12881,-120.01842,313.02,0.49,0.65,2023-08-17,1115,N20,VIIRS,n,2,291.43,2.11,N,0
49.12936,-120.09311,307.67,0.49,0.65,2023-08-17,1115,N20,VIIRS,n,2,289.96,9.65,N,0
49.12962,-120.05291,307.48,0.49,0.65,2023-08-17,1115,N20,VIIRS,n,2,291.21,3.28,N,0
49.12963,-120.06133,309.62,0.49,0.65,2023-08-17,1115,N20,VIIRS,n,2,290.96,1.76,N,0
49.12995,-120.04208,315.23,0.49,0.65,2023-08-17,1115,N20,VIIRS,n,2,292.1,1.72,N,0
49.13012,-120.02234,306.58,0.49,0.65,2023-08-17,1115,N20,VIIRS,n,2,289.84,2.11,N,0
49.13016,-120.08314,337.58,0.49,0.65,2023-08-17,1115,N20,VIIRS,n,2,295.13,7.88,N,0
49.13028,-120.07539,310.37,0.49,0.65,2023-08-17,1115,N20,VIIRS,n,2,292.02,3.96,N,0
49.13184,-120.06795,306.65,0.49,0.65,2023-08-17,1115,N20,VIIRS,n,2,291.43,2.12,N,0
49.13196,-120.06004,310.69,0.49,0.65,2023-08-17,1115,N20,VIIRS,n,2,291.71,1.76,N,0
49.13218,-120.08915,367,0.49,0.65,2023-08-17,1115,N20,VIIRS,h,2,292.77,7.88,N,0
49.13234,-120.0817,326.71,0.49,0.65,2023-08-17,1115,N20,VIIRS,n,2,293.62,3.96,N,0
49.13304,-120.05132,306.59,0.49,0.65,2023-08-17,1115,N20,VIIRS,n,2,291.14,2.25,N,0
49.13361,-120.03278,305.74,0.49,0.65,2023-08-17,1115,N20,VIIRS,n,2,292.51,1.72,N,0
49.13377,-120.01302,304.66,0.49,0.65,2023-08-17,1115,N20,VIIRS,n,2,289.89,3.2,N,0
49.1342,-120.07503,309.22,0.49,0.65,2023-08-17,1115,N20,VIIRS,n,2,291.91,2.12,N,0
49.13433,-120.08775,367,0.49,0.65,2023-08-17,1115,N20,VIIRS,h,2,292.25,7.01,N,0
49.13465,-120.06825,306.95,0.49,0.65,2023-08-17,1115,N20,VIIRS,n,2,291.75,1.76,N,0
49.13546,-120.03831,309,0.49,0.65,2023-08-17,1115,N20,VIIRS,n,2,291.53,1.72,N,0
49.13596,-120.06008,305.23,0.49,0.65,2023-08-17,1115,N20,VIIRS,n,2,290.32,2.25,N,0
49.13621,-120.08101,312.59,0.49,0.65,2023-08-17,1115,N20,VIIRS,n,2,291.12,7.88,N,0
49.13643,-119.87867,314.41,0.5,0.66,2023-08-17,1115,N20,VIIRS,n,2,286.8,1.91,N,0
49.13694,-120.07522,312.6,0.49,0.65,2023-08-17,1115,N20,VIIRS,n,2,291.96,3.96,N,0
49.13873,-120.02785,305.37,0.49,0.65,2023-08-17,1115,N20,VIIRS,n,2,292.02,1.28,N,0
49.13882,-120.06863,299.84,0.49,0.65,2023-08-17,1115,N20,VIIRS,n,2,288.5,1.36,N,0
49.13884,-120.08102,308.03,0.49,0.65,2023-08-17,1115,N20,VIIRS,n,2,290.67,3.96,N,0
49.13907,-119.88662,302.62,0.5,0.66,2023-08-17,1115,N20,VIIRS,n,2,285.53,1.91,N,0
49.14074,-120.0339,315.87,0.49,0.65,2023-08-17,1115,N20,VIIRS,n,2,291.22,1.28,N,0
49.14085,-120.08711,301.22,0.49,0.65,2023-08-17,1115,N20,VIIRS,n,2,289.7,7.01,N,0
49.1412,-120.07575,305.04,0.49,0.65,2023-08-17,1115,N20,VIIRS,n,2,288.86,1.36,N,0
49.14327,-120.08195,304.45,0.49,0.65,2023-08-17,1115,N20,VIIRS,n,2,290.02,1.34,N,0
49.14389,-119.88068,299.43,0.5,0.66,2023-08-17,1115,N20,VIIRS,n,2,288.07,1.71,N,0
49.1441,-120.0237,305.15,0.49,0.65,2023-08-17,1115,N20,VIIRS,n,2,291.98,1.28,N,0
49.14593,-120.08993,312.61,0.49,0.65,2023-08-17,1115,N20,VIIRS,n,2,289.51,1.34,N,0
49.14639,-120.03053,304.6,0.49,0.65,2023-08-17,1115,N20,VIIRS,n,2,290.84,1.28,N,0
49.1465,-119.88852,305.16,0.5,0.66,2023-08-17,1115,N20,VIIRS,n,2,287.04,2.22,N,0
49.15311,-120.09122,301.12,0.49,0.65,2023-08-17,1115,N20,VIIRS,n,2,288.54,1.34,N,0
49.1659,-120.0892,304.25,0.49,0.65,2023-08-17,1115,N20,VIIRS,n,2,288.06,1.23,N,0
49.16715,-120.07268,314.77,0.49,0.65,2023-08-17,1115,N20,VIIRS,n,2,285.89,1.54,N,0
49.16949,-120.07971,300.31,0.49,0.65,2023-08-17,1115,N20,VIIRS,n,2,287.04,0.58,N,0
49.17231,-120.08822,299.52,0.49,0.65,2023-08-17,1115,N20,VIIRS,n,2,284.37,0.58,N,0
49.1769,-119.89835,299.76,0.5,0.65,2023-08-17,1115,N20,VIIRS,n,2,289.07,1.69,N,0
49.18591,-119.92558,305.26,0.49,0.65,2023-08-17,1115,N20,VIIRS,n,2,289.79,1.62,N,0
49.18849,-119.9213,300.09,0.49,0.65,2023-08-17,1115,N20,VIIRS,n,2,289.04,1.18,N,0
49.19706,-119.96696,331.36,0.49,0.65,2023-08-17,1115,N20,VIIRS,n,2,292.19,8.41,N,0
49.1977,-119.98164,302.66,0.49,0.65,2023-08-17,1115,N20,VIIRS,n,2,289.63,2.15,N,0
49.19847,-120.06559,305.57,0.49,0.65,2023-08-17,1115,N20,VIIRS,n,2,287.92,25.06,N,0
49.1986,-119.98434,303.46,0.49,0.65,2023-08-17,1115,N20,VIIRS,n,2,289.69,2.26,N,0
49.1987,-119.97183,355.78,0.49,0.65,2023-08-17,1115,N20,VIIRS,n,2,297.66,17.37,N,0
49.19904,-119.96529,355.94,0.49,0.65,2023-08-17,1115,N20,VIIRS,n,2,297.89,29.34,N,0
49.19972,-119.97488,367,0.49,0.65,2023-08-17,1115,N20,VIIRS,h,2,298.57,17.37,N,0
49.20068,-119.97025,353.5,0.49,0.65,2023-08-17,1115,N20,VIIRS,n,2,300.99,29.34,N,0
49.20068,-119.97777,367,0.49,0.65,2023-08-17,1115,N20,VIIRS,h,2,296.38,21,N,0
49.20094,-119.95834,315.97,0.49,0.65,2023-08-17,1115,N20,VIIRS,n,2,290.61,8.41,N,0
49.20121,-120.05353,304.5,0.49,0.65,2023-08-17,1115,N20,VIIRS,n,2,288.29,3.27,N,0
49.20121,-120.07388,367,0.49,0.65,2023-08-17,1115,N20,VIIRS,h,2,300.74,25.06,N,0
49.20158,-119.98043,352.19,0.49,0.65,2023-08-17,1115,N20,VIIRS,n,2,301.78,21,N,0
49.20179,-119.97361,367,0.49,0.65,2023-08-17,1115,N20,VIIRS,h,2,298.43,39.02,N,0
49.20245,-119.98302,320.25,0.49,0.65,2023-08-17,1115,N20,VIIRS,n,2,290.11,13.98,N,0
49.20275,-119.97648,350.7,0.49,0.65,2023-08-17,1115,N20,VIIRS,n,2,297.61,39.02,N,0
49.20292,-119.96426,321.11,0.49,0.65,2023-08-17,1115,N20,VIIRS,n,2,290.47,17.37,N,0
49.20316,-120.03903,302.23,0.49,0.65,2023-08-17,1115,N20,VIIRS,n,2,288.64,3.27,N,0
49.20332,-119.9856,301.56,0.49,0.65,2023-08-17,1115,N20,VIIRS,n,2,290.34,13.98,N,0
49.2036,-120.06077,322.55,0.49,0.65,2023-08-17,1115,N20,VIIRS,n,2,291.7,25.86,N,0
49.2036,-120.08112,340.74,0.49,0.65,2023-08-17,1115,N20,VIIRS,n,2,312.7,58.95,N,0
49.20368,-119.97928,367,0.49,0.65,2023-08-17,1115,N20,VIIRS,h,2,295.37,25.34,N,0
49.20368,-121.397,300.61,0.43,0.62,2023-08-17,1115,N20,VIIRS,n,2,289.37,1.77,N,0
49.20442,-119.96873,328.69,0.49,0.65,2023-08-17,1115,N20,VIIRS,n,2,290.33,17.37,N,0
49.20461,-119.98209,306.87,0.49,0.65,2023-08-17,1115,N20,VIIRS,n,2,290.19,25.34,N,0
49.20477,-121.39326,301.37,0.43,0.62,2023-08-17,1115,N20,VIIRS,n,2,289.98,1.1,N,0
49.20549,-120.08685,335.54,0.49,0.65,2023-08-17,1115,N20,VIIRS,n,2,288.52,58.95,N,0
49.20554,-119.97207,309.93,0.49,0.65,2023-08-17,1115,N20,VIIRS,n,2,289.38,21,N,0
49.20589,-120.03352,302.45,0.49,0.65,2023-08-17,1115,N20,VIIRS,n,2,288.18,6.04,N,0
49.20611,-120.06836,349.74,0.49,0.65,2023-08-17,1115,N20,VIIRS,n,2,303.27,25.86,N,0
49.20646,-120.04906,309.43,0.49,0.65,2023-08-17,1115,N20,VIIRS,n,2,289.16,3.27,N,0
49.2066,-119.9752,305.1,0.49,0.65,2023-08-17,1115,N20,VIIRS,n,2,289.37,21,N,0
49.20841,-120.07536,335.36,0.49,0.65,2023-08-17,1115,N20,VIIRS,n,2,311.49,47.27,N,0
49.20879,-120.03571,304.92,0.49,0.65,2023-08-17,1115,N20,VIIRS,n,2,288.74,7.65,N,0
49.20913,-120.05714,331.23,0.49,0.65,2023-08-17,1115,N20,VIIRS,n,2,292.62,25.86,N,0
49.20985,-120.04527,313.81,0.49,0.65,2023-08-17,1115,N20,VIIRS,n,2,289.98,24,N,0
49.21029,-120.08104,367,0.49,0.65,2023-08-17,1115,N20,VIIRS,h,2,288.48,47.27,N,0
49.21148,-120.06426,367,0.49,0.65,2023-08-17,1115,N20,VIIRS,h,2,296.24,25.86,N,0
49.21228,-120.01231,302.28,0.49,0.65,2023-08-17,1115,N20,VIIRS,n,2,290.7,2.06,N,0
49.2124,-120.04667,323.72,0.49,0.65,2023-08-17,1115,N20,VIIRS,n,2,291.63,7.65,N,0
49.21241,-120.05288,341.81,0.49,0.65,2023-08-17,1115,N20,VIIRS,n,2,299.6,24,N,0
49.21362,-120.07075,301.72,0.49,0.65,2023-08-17,1115,N20,VIIRS,n,2,288.74,47.27,N,0
49.21381,-120.03052,307.82,0.49,0.65,2023-08-17,1115,N20,VIIRS,n,2,290.42,7.65,N,0
49.21443,-120.05891,333.63,0.49,0.65,2023-08-17,1115,N20,VIIRS,n,2,309.24,57.86,N,0
49.21474,-120.01285,304.74,0.49,0.65,2023-08-17,1115,N20,VIIRS,n,2,290.85,4.43,N,0
49.21508,-120.04074,311.25,0.49,0.65,2023-08-17,1115,N20,VIIRS,n,2,290.71,24,N,0
49.21594,-120.0232,308.35,0.49,0.65,2023-08-17,1115,N20,VIIRS,n,2,291.31,2.06,N,0
49.21637,-120.0587,328.29,0.49,0.65,2023-08-17,1115,N20,VIIRS,n,2,316.21,81.68,N,0
49.21665,-120.06553,367,0.49,0.65,2023-08-17,1115,N20,VIIRS,h,2,289.78,57.86,N,0
49.21714,-120.04064,326.9,0.49,0.65,2023-08-17,1115,N20,VIIRS,n,2,293.48,7.65,N,0
49.21725,-120.0472,333.04,0.49,0.65,2023-08-17,1115,N20,VIIRS,n,2,295.92,24,N,0
49.21848,-120.02424,310.77,0.49,0.65,2023-08-17,1115,N20,VIIRS,n,2,291.68,6.6,N,0
49.21863,-120.06557,367,0.49,0.65,2023-08-17,1115,N20,VIIRS,h,2,288.74,63.35,N,0
49.21889,-120.0521,343.79,0.49,0.65,2023-08-17,1115,N20,VIIRS,n,2,302.07,57.86,N,0
49.21923,-120.04698,336.55,0.49,0.65,2023-08-17,1115,N20,VIIRS,n,2,293.52,81.68,N,0
49.21953,-120.0339,335.1,0.49,0.65,2023-08-17,1115,N20,VIIRS,n,2,294.21,9.03,N,0
49.2207,-120.01724,303.16,0.49,0.65,2023-08-17,1115,N20,VIIRS,n,2,290.88,2.06,N,0
49.22076,-120.05164,316.16,0.49,0.65,2023-08-17,1115,N20,VIIRS,n,2,290.08,81.68,N,0
49.221,-120.0584,367,0.49,0.65,2023-08-17,1115,N20,VIIRS,h,2,293.24,57.86,N,0
49.22145,-120.03328,343.43,0.49,0.65,2023-08-17,1115,N20,VIIRS,n,2,296.04,6.6,N,0
49.22179,-120.04064,367,0.49,0.65,2023-08-17,1115,N20,VIIRS,h,2,298.41,9.03,N,0
49.22277,-120.01683,313.54,0.49,0.65,2023-08-17,1115,N20,VIIRS,n,2,292.88,6.6,N,0
49.22313,-120.00436,325.31,0.49,0.65,2023-08-17,1115,N20,VIIRS,n,2,293.45,4.5,N,0
49.22348,-120.04567,335.9,0.49,0.65,2023-08-17,1115,N20,VIIRS,n,2,292.64,7.72,N,0
49.22349,-120.03947,352.8,0.49,0.65,2023-08-17,1115,N20,VIIRS,n,2,297.22,10.05,N,0
49.22371,-120.02623,327.88,0.49,0.65,2023-08-17,1115,N20,VIIRS,n,2,295.46,9.03,N,0
49.22466,-120.00202,332.83,0.49,0.65,2023-08-17,1115,N20,VIIRS,n,2,294.23,9.03,N,0
49.22505,-120.05037,300.68,0.49,0.65,2023-08-17,1115,N20,VIIRS,n,2,289.37,7.72,N,0
49.22518,-120.0446,367,0.49,0.65,2023-08-17,1115,N20,VIIRS,h,2,293.31,10.05,N,0
49.22561,-120.02545,339.18,0.49,0.65,2023-08-17,1115,N20,VIIRS,n,2,296.77,6.6,N,0
49.22584,-119.99226,303.08,0.49,0.65,2023-08-17,1115,N20,VIIRS,n,2,291.36,4.5,N,0
49.22593,-120.03287,342.37,0.49,0.65,2023-08-17,1115,N20,VIIRS,n,2,297.05,9.03,N,0
49.22739,-120.01705,342.13,0.49,0.65,2023-08-17,1115,N20,VIIRS,n,2,296.29,7.82,N,0
49.22765,-120.03798,367,0.49,0.65,2023-08-17,1115,N20,VIIRS,h,2,297.67,7.72,N,0
49.22772,-120.03188,348.3,0.49,0.65,2023-08-17,1115,N20,VIIRS,n,2,295,10.05,N,0
49.22905,-120.00183,351.87,0.49,0.65,2023-08-17,1115,N20,VIIRS,n,2,296.31,7.82,N,0
49.22916,-120.01575,367,0.49,0.65,2023-08-17,1115,N20,VIIRS,h,2,298.14,9.03,N,0
49.22931,-120.04295,324.66,0.49,0.65,2023-08-17,1115,N20,VIIRS,n,2,290.1,7.72,N,0
49.2294,-120.03698,343.65,0.49,0.65,2023-08-17,1115,N20,VIIRS,n,2,293.77,10.05,N,0
49.2301,-120.02517,337.52,0.49,0.65,2023-08-17,1115,N20,VIIRS,n,2,291.55,7.82,N,0
49.23082,-120.00026,316.9,0.49,0.65,2023-08-17,1115,N20,VIIRS,n,2,292.03,9.03,N,0
49.23328,-120.0145,340.63,0.49,0.65,2023-08-17,1115,N20,VIIRS,n,2,291.45,7.82,N,0
49.90594,-119.64386,304.3,0.48,0.65,2023-08-17,1115,N20,VIIRS,n,2,290.23,1.27,N,0
49.91079,-119.63828,305.31,0.48,0.65,2023-08-17,1115,N20,VIIRS,n,2,290.58,1.12,N,0
49.91372,-119.64713,303.44,0.48,0.65,2023-08-17,1115,N20,VIIRS,n,2,289.05,1.12,N,0
49.07501,-120.05334,328.9,0.68,0.74,2023-08-17,1922,N20,VIIRS,n,2,288.61,10.94,D,0
49.07676,-120.05885,347.51,0.68,0.74,2023-08-17,1922,N20,VIIRS,n,2,290.13,55.37,D,0
49.07785,-120.04562,335.73,0.68,0.74,2023-08-17,1922,N20,VIIRS,n,2,289.46,10.94,D,0
49.07804,-120.03444,331.06,0.68,0.74,2023-08-17,1922,N20,VIIRS,n,2,289.51,15.28,D,0
49.07901,-120.06373,327.68,0.68,0.74,2023-08-17,1922,N20,VIIRS,n,2,290.02,74.21,D,0
49.07939,-120.05183,340.95,0.68,0.74,2023-08-17,1922,N20,VIIRS,n,2,288.9,55.37,D,0
49.07994,-120.02936,333.17,0.68,0.74,2023-08-17,1922,N20,VIIRS,n,2,290.23,8.69,D,0
49.0804,-120.03869,350.8,0.68,0.74,2023-08-17,1922,N20,VIIRS,n,2,289.55,91.65,D,0
49.08142,-120.05718,367,0.68,0.74,2023-08-17,1922,N20,VIIRS,h,2,291.7,82.29,D,0
49.08162,-120.02486,325.93,0.68,0.74,2023-08-17,1922,N20,VIIRS,n,2,290.11,8.69,D,0
49.08199,-120.04489,348.75,0.68,0.74,2023-08-17,1922,N20,VIIRS,n,2,289.34,74.11,D,0
49.08232,-120.03352,334,0.68,0.74,2023-08-17,1922,N20,VIIRS,n,2,296.78,91.65,D,0
49.08291,-120.06344,336.05,0.68,0.74,2023-08-17,1922,N20,VIIRS,n,2,296.24,55.37,D,0
49.08385,-120.0506,337.28,0.68,0.74,2023-08-17,1922,N20,VIIRS,n,2,290.2,82.29,D,0
49.084,-120.02895,367,0.68,0.74,2023-08-17,1922,N20,VIIRS,h,2,296.25,98.07,D,0
49.08422,-120.03891,348.28,0.68,0.74,2023-08-17,1922,N20,VIIRS,n,2,294.49,74.11,D,0
49.08498,-120.06879,345.04,0.68,0.74,2023-08-17,1922,N20,VIIRS,n,2,294.26,74.21,D,0
49.08529,-120.05708,367,0.68,0.74,2023-08-17,1922,N20,VIIRS,h,2,293.84,55.37,D,0
49.08562,-120.02458,350.58,0.68,0.74,2023-08-17,1922,N20,VIIRS,n,2,291.48,98.07,D,0
49.08614,-120.03378,207.93,0.68,0.74,2023-08-17,1922,N20,VIIRS,l,2,316.02,338.34,D,0
49.08623,-120.04413,353.73,0.68,0.74,2023-08-17,1922,N20,VIIRS,n,2,291.61,106.2,D,0
49.0873,-120.0625,341.69,0.68,0.74,2023-08-17,1922,N20,VIIRS,n,2,311.1,82.29,D,0
49.08768,-120.05064,332.85,0.68,0.74,2023-08-17,1922,N20,VIIRS,n,2,292.41,74.11,D,0
49.08778,-120.02939,367,0.68,0.74,2023-08-17,1922,N20,VIIRS,l,2,342.38,338.34,D,0
49.08809,-120.01785,327.88,0.68,0.74,2023-08-17,1922,N20,VIIRS,n,2,289.98,15.9,D,0
49.08823,-120.0387,349.33,0.68,0.74,2023-08-17,1922,N20,VIIRS,n,2,303.76,106.2,D,0
49.08891,-120.0684,337.57,0.68,0.74,2023-08-17,1922,N20,VIIRS,n,2,301.33,64.5,D,0
49.08948,-120.02484,367,0.68,0.74,2023-08-17,1922,N20,VIIRS,h,2,303.94,204.54,D,0
49.08968,-120.05601,345.65,0.68,0.74,2023-08-17,1922,N20,VIIRS,n,2,295.21,82.29,D,0
49.08991,-120.03414,367,0.68,0.74,2023-08-17,1922,N20,VIIRS,l,2,328.33,322.48,D,0
49.08992,-120.04466,347.69,0.68,0.74,2023-08-17,1922,N20,VIIRS,n,2,297.87,74.11,D,0
49.09134,-120.0619,367,0.68,0.74,2023-08-17,1922,N20,VIIRS,h,2,299.23,64.5,D,0
49.09147,-120.02992,367,0.68,0.74,2023-08-17,1922,N20,VIIRS,l,2,347.69,322.48,D,0
49.09175,-120.03977,367,0.68,0.74,2023-08-17,1922,N20,VIIRS,h,2,295.12,338.34,D,0
49.09191,-120.01831,345.52,0.68,0.74,2023-08-17,1922,N20,VIIRS,n,2,290.89,204.54,D,0
49.0934,-120.03534,344.92,0.68,0.74,2023-08-17,1922,N20,VIIRS,n,2,298.04,338.34,D,0
49.09341,-120.02464,367,0.68,0.74,2023-08-17,1922,N20,VIIRS,h,2,298.1,164.88,D,0
49.09394,-120.04444,328.21,0.68,0.74,2023-08-17,1922,N20,VIIRS,n,2,293.64,106.2,D,0
49.09504,-120.03097,342.56,0.68,0.74,2023-08-17,1922,N20,VIIRS,n,2,307.42,204.54,D,0
49.09555,-120.04008,325.95,0.68,0.74,2023-08-17,1922,N20,VIIRS,n,2,293.92,322.48,D,0
49.0958,-120.04993,327.29,0.68,0.74,2023-08-17,1922,N20,VIIRS,n,2,296.04,19.48,D,0
49.0966,-120.00573,333.25,0.67,0.74,2023-08-17,1922,N20,VIIRS,n,2,288.19,18.58,D,0
49.09712,-120.03582,327.55,0.68,0.74,2023-08-17,1922,N20,VIIRS,n,2,293.39,322.48,D,0
49.09715,-120.0253,351.64,0.68,0.74,2023-08-17,1922,N20,VIIRS,n,2,296.05,204.54,D,0
49.09727,-120.01411,367,0.68,0.74,2023-08-17,1922,N20,VIIRS,h,2,293.16,164.88,D,0
49.09746,-120.06653,367,0.68,0.74,2023-08-17,1922,N20,VIIRS,h,2,300.33,64.5,D,0
49.09874,-120.03143,325.42,0.68,0.74,2023-08-17,1922,N20,VIIRS,n,2,292.41,164.88,D,0
49.09977,-120.06037,337.2,0.68,0.74,2023-08-17,1922,N20,VIIRS,n,2,298.42,19.48,D,0
49.10238,-119.99021,350.36,0.67,0.74,2023-08-17,1922,N20,VIIRS,n,2,291.04,18.58,D,0
49.10442,-119.99454,342.54,0.67,0.74,2023-08-17,1922,N20,VIIRS,n,2,289.39,20.95,D,0
49.10554,-120.06593,347,0.68,0.74,2023-08-17,1922,N20,VIIRS,n,2,298.47,70.42,D,0
49.10563,-120.00252,367,0.67,0.74,2023-08-17,1922,N20,VIIRS,h,2,290.18,18.58,D,0
49.10785,-120.05972,328.16,0.68,0.74,2023-08-17,1922,N20,VIIRS,n,2,295.29,70.42,D,0
49.10834,-119.98384,339.13,0.67,0.74,2023-08-17,1922,N20,VIIRS,n,2,289.3,20.95,D,0
49.10838,-120.07937,347.48,0.68,0.74,2023-08-17,1922,N20,VIIRS,n,2,296.65,153.39,D,0
49.11087,-120.0727,346.83,0.68,0.74,2023-08-17,1922,N20,VIIRS,n,2,306.85,70.42,D,0
49.11144,-120.09225,355.36,0.68,0.74,2023-08-17,1922,N20,VIIRS,n,2,296.82,33.11,D,0
49.11334,-120.06604,345.72,0.68,0.74,2023-08-17,1922,N20,VIIRS,n,2,291.64,70.42,D,0
49.11385,-120.08578,367,0.68,0.74,2023-08-17,1922,N20,VIIRS,h,2,294.8,33.11,D,0
49.11581,-120.08053,332.13,0.68,0.74,2023-08-17,1922,N20,VIIRS,n,2,290.47,24.13,D,0
49.11649,-121.25716,334.52,0.75,0.77,2023-08-17,1922,N20,VIIRS,n,2,294.77,6.76,D,0
49.11658,-121.25937,333.38,0.75,0.77,2023-08-17,1922,N20,VIIRS,n,2,295.05,7.64,D,0
49.11831,-121.2549,332.55,0.75,0.77,2023-08-17,1922,N20,VIIRS,n,2,294.96,11.79,D,0
49.1185,-121.25198,335.46,0.75,0.77,2023-08-17,1922,N20,VIIRS,n,2,294.58,6.76,D,0
49.11861,-120.09411,367,0.68,0.74,2023-08-17,1922,N20,VIIRS,h,2,294.42,33.11,D,0
49.1205,-120.08903,367,0.68,0.74,2023-08-17,1922,N20,VIIRS,h,2,294.43,24.13,D,0
49.1223,-120.08419,341.99,0.68,0.74,2023-08-17,1922,N20,VIIRS,n,2,293.22,24.13,D,0
49.12663,-120.09366,336.13,0.68,0.74,2023-08-17,1922,N20,VIIRS,n,2,293.82,32.52,D,0
49.12841,-120.08889,335.45,0.68,0.74,2023-08-17,1922,N20,VIIRS,n,2,305.33,64.65,D,0
49.13071,-120.08269,367,0.68,0.74,2023-08-17,1922,N20,VIIRS,h,2,302.31,64.65,D,0
49.1355,-120.06976,338.54,0.68,0.74,2023-08-17,1922,N20,VIIRS,n,2,295.59,33.08,D,0
49.13719,-120.08635,332.9,0.68,0.74,2023-08-17,1922,N20,VIIRS,n,2,298.1,64.65,D,0
49.13844,-119.87227,356.22,0.67,0.73,2023-08-17,1922,N20,VIIRS,l,2,277,60.23,D,0
49.1392,-120.09026,338.23,0.68,0.74,2023-08-17,1922,N20,VIIRS,n,2,299.5,31.02,D,0
49.13976,-119.87672,355.49,0.67,0.73,2023-08-17,1922,N20,VIIRS,n,2,271.49,48.24,D,0
49.14229,-120.09373,338.21,0.68,0.74,2023-08-17,1922,N20,VIIRS,n,2,301.33,18.61,D,0
49.14251,-119.86922,356.5,0.67,0.73,2023-08-17,1922,N20,VIIRS,l,2,274.43,67.34,D,0
49.14459,-119.87666,352.71,0.67,0.73,2023-08-17,1922,N20,VIIRS,n,2,266.81,11.48,D,0
49.14568,-120.09395,367,0.68,0.74,2023-08-17,1922,N20,VIIRS,h,2,302.17,47.96,D,0
49.14732,-119.86932,347.64,0.66,0.73,2023-08-17,1922,N20,VIIRS,n,2,267.92,11.48,D,0
49.1474,-120.07987,330.45,0.68,0.74,2023-08-17,1922,N20,VIIRS,n,2,301.71,18.61,D,0
49.14837,-119.87438,347.1,0.67,0.73,2023-08-17,1922,N20,VIIRS,n,2,269.02,12.15,D,0
49.14863,-120.09774,330.31,0.68,0.74,2023-08-17,1922,N20,VIIRS,n,2,296.86,18.57,D,0
49.14936,-120.08414,367,0.68,0.74,2023-08-17,1922,N20,VIIRS,h,2,304.5,31.02,D,0
49.1515,-120.08996,356.09,0.68,0.74,2023-08-17,1922,N20,VIIRS,n,2,300.74,18.61,D,0
49.15521,-120.07992,367,0.68,0.74,2023-08-17,1922,N20,VIIRS,h,2,297.31,18.61,D,0
49.16513,-120.08398,345.3,0.68,0.74,2023-08-17,1922,N20,VIIRS,n,2,298.38,12.18,D,0
49.16664,-120.07009,349.31,0.68,0.74,2023-08-17,1922,N20,VIIRS,n,2,298.75,20.97,D,0
49.16732,-120.08945,352.13,0.68,0.74,2023-08-17,1922,N20,VIIRS,n,2,303.58,32.31,D,0
49.16907,-120.07344,339.88,0.68,0.74,2023-08-17,1922,N20,VIIRS,n,2,298.03,12.18,D,0
49.16991,-120.09217,337.82,0.68,0.74,2023-08-17,1922,N20,VIIRS,n,2,303.07,27.74,D,0
49.17051,-120.08078,367,0.68,0.74,2023-08-17,1922,N20,VIIRS,h,2,298.48,32.31,D,0
49.17306,-120.08374,367,0.68,0.74,2023-08-17,1922,N20,VIIRS,h,2,300.88,38.67,D,0
49.19234,-120.07413,352.61,0.67,0.74,2023-08-17,1922,N20,VIIRS,n,2,291.55,49.97,D,0
49.19405,-120.08051,334.51,0.68,0.74,2023-08-17,1922,N20,VIIRS,n,2,286.29,30.08,D,0
49.19424,-120.06902,355.71,0.67,0.74,2023-08-17,1922,N20,VIIRS,n,2,297.03,53.59,D,0
49.19601,-120.08528,328.82,0.67,0.74,2023-08-17,1922,N20,VIIRS,n,2,286.92,49.97,D,0
49.19607,-120.07503,345.53,0.67,0.74,2023-08-17,1922,N20,VIIRS,n,2,295.79,65.73,D,0
49.1963,-120.06351,346.19,0.67,0.74,2023-08-17,1922,N20,VIIRS,n,2,289.22,53.59,D,0
49.19777,-119.96445,325.57,0.67,0.73,2023-08-17,1922,N20,VIIRS,n,2,293.67,6.94,D,0
49.19813,-120.06944,356.88,0.67,0.74,2023-08-17,1922,N20,VIIRS,l,2,293.87,65.73,D,0
49.19825,-120.07928,352.55,0.67,0.74,2023-08-17,1922,N20,VIIRS,n,2,292.55,49.97,D,0
49.19975,-120.08626,331.69,0.68,0.74,2023-08-17,1922,N20,VIIRS,n,2,287.65,30.08,D,0
49.20037,-120.06336,340.93,0.67,0.74,2023-08-17,1922,N20,VIIRS,n,2,289.76,45.14,D,0
49.20042,-120.07346,356.01,0.67,0.74,2023-08-17,1922,N20,VIIRS,l,2,286.32,53.59,D,0
49.20142,-120.09177,325.97,0.67,0.74,2023-08-17,1922,N20,VIIRS,n,2,287.45,16.19,D,0
49.20193,-119.98555,333.49,0.67,0.73,2023-08-17,1922,N20,VIIRS,n,2,291.31,9.5,D,0
49.20213,-120.07978,356.66,0.67,0.74,2023-08-17,1922,N20,VIIRS,l,2,291.07,65.73,D,0
49.20267,-120.06743,354.55,0.67,0.74,2023-08-17,1922,N20,VIIRS,n,2,286.93,53.59,D,0
49.20287,-120.05654,330.25,0.67,0.74,2023-08-17,1922,N20,VIIRS,n,2,291.55,45.14,D,0
49.20403,-120.08478,340.77,0.67,0.74,2023-08-17,1922,N20,VIIRS,n,2,285.04,16.19,D,0
49.20435,-119.96771,336.6,0.67,0.73,2023-08-17,1922,N20,VIIRS,n,2,291.55,10.73,D,0
49.20438,-120.07365,356.56,0.67,0.74,2023-08-17,1922,N20,VIIRS,l,2,286.55,65.73,D,0
49.2052,-120.06062,350.95,0.67,0.74,2023-08-17,1922,N20,VIIRS,n,2,289.44,20.72,D,0
49.20534,-120.04981,325.12,0.67,0.74,2023-08-17,1922,N20,VIIRS,n,2,289.85,22.31,D,0
49.20649,-120.07819,356.46,0.67,0.74,2023-08-17,1922,N20,VIIRS,l,2,284.89,84.24,D,0
49.20681,-120.06706,354.26,0.67,0.74,2023-08-17,1922,N20,VIIRS,n,2,288.83,45.14,D,0
49.20805,-120.05298,335.58,0.67,0.74,2023-08-17,1922,N20,VIIRS,n,2,288.44,20.72,D,0
49.20905,-120.07133,347.84,0.67,0.74,2023-08-17,1922,N20,VIIRS,n,2,291.68,84.24,D,0
49.20953,-120.05963,356.56,0.67,0.74,2023-08-17,1922,N20,VIIRS,l,2,288.26,45.14,D,0
49.21091,-120.0453,328.54,0.67,0.74,2023-08-17,1922,N20,VIIRS,n,2,287.94,9.24,D,0
49.21177,-120.064,341.25,0.67,0.74,2023-08-17,1922,N20,VIIRS,n,2,294.2,172.38,D,0
49.21244,-120.05167,356.66,0.67,0.74,2023-08-17,1922,N20,VIIRS,l,2,287.61,22.31,D,0
49.21325,-120.03902,325.28,0.67,0.74,2023-08-17,1922,N20,VIIRS,n,2,289.39,9.24,D,0
49.21429,-120.05723,349.98,0.67,0.74,2023-08-17,1922,N20,VIIRS,n,2,290.11,172.38,D,0
49.21465,-120.07729,347.48,0.67,0.74,2023-08-17,1922,N20,VIIRS,n,2,284.52,84.24,D,0
49.2149,-120.04499,352.35,0.67,0.74,2023-08-17,1922,N20,VIIRS,n,2,288,22.31,D,0
49.21525,-120.03366,330.17,0.67,0.74,2023-08-17,1922,N20,VIIRS,n,2,289.58,8.75,D,0
49.21674,-120.05063,356.11,0.67,0.74,2023-08-17,1922,N20,VIIRS,n,2,288.85,90.94,D,0
49.21708,-120.03903,350.88,0.67,0.74,2023-08-17,1922,N20,VIIRS,n,2,289.44,17.19,D,0
49.21724,-120.02832,328.9,0.67,0.74,2023-08-17,1922,N20,VIIRS,n,2,288.89,8.75,D,0
49.21775,-120.06895,353.78,0.67,0.74,2023-08-17,1922,N20,VIIRS,n,2,285.4,172.38,D,0
49.21912,-120.03349,336.29,0.67,0.74,2023-08-17,1922,N20,VIIRS,n,2,289.34,17.19,D,0
49.21928,-120.02283,326.12,0.67,0.73,2023-08-17,1922,N20,VIIRS,n,2,288.94,8.07,D,0
49.2193,-120.04377,356.42,0.67,0.74,2023-08-17,1922,N20,VIIRS,l,2,288.87,90.94,D,0
49.22003,-120.06283,334.68,0.67,0.74,2023-08-17,1922,N20,VIIRS,n,2,290.85,172.38,D,0
49.22113,-120.02804,329.65,0.67,0.74,2023-08-17,1922,N20,VIIRS,n,2,288.75,17.4,D,0
49.22127,-120.01749,328.1,0.67,0.73,2023-08-17,1922,N20,VIIRS,n,2,289.34,8.07,D,0
49.22142,-120.03806,339.31,0.67,0.74,2023-08-17,1922,N20,VIIRS,n,2,288.89,13.3,D,0
49.22192,-120.05775,356.15,0.67,0.74,2023-08-17,1922,N20,VIIRS,l,2,283.82,90.94,D,0
49.22297,-120.01294,332.87,0.67,0.73,2023-08-17,1922,N20,VIIRS,n,2,287.94,9.21,D,0
49.22303,-120.02286,337.89,0.67,0.74,2023-08-17,1922,N20,VIIRS,n,2,290.07,17.4,D,0
49.22308,-120.00156,334.61,0.67,0.73,2023-08-17,1922,N20,VIIRS,n,2,290.34,38.15,D,0
49.22348,-120.03254,334.53,0.67,0.74,2023-08-17,1922,N20,VIIRS,n,2,288.77,13.3,D,0
49.22388,-120.05246,338.92,0.67,0.74,2023-08-17,1922,N20,VIIRS,n,2,285.62,90.94,D,0
49.22448,-120.00886,329.77,0.67,0.73,2023-08-17,1922,N20,VIIRS,n,2,286.88,9.21,D,0
49.22479,-120.01806,332.03,0.67,0.73,2023-08-17,1922,N20,VIIRS,n,2,296.2,114.36,D,0
49.22545,-120.02724,347,0.67,0.73,2023-08-17,1922,N20,VIIRS,n,2,290.85,53.7,D,0
49.2259,-120.00504,346.18,0.67,0.73,2023-08-17,1922,N20,VIIRS,n,2,290.88,12.74,D,0
49.22607,-120.0466,329.51,0.67,0.74,2023-08-17,1922,N20,VIIRS,n,2,287.01,13.3,D,0
49.22642,-120.01365,351.52,0.67,0.73,2023-08-17,1922,N20,VIIRS,n,2,297.75,114.36,D,0
49.2273,-120.02229,349.1,0.67,0.73,2023-08-17,1922,N20,VIIRS,n,2,295.8,53.7,D,0
49.22734,-120.00121,351.28,0.66,0.73,2023-08-17,1922,N20,VIIRS,n,2,292.59,12.74,D,0
49.22786,-120.00971,356.66,0.67,0.73,2023-08-17,1922,N20,VIIRS,l,2,289.61,38.15,D,0
49.22822,-120.04081,341.57,0.67,0.74,2023-08-17,1922,N20,VIIRS,n,2,288.79,13.3,D,0
49.22902,-120.01767,207.93,0.67,0.73,2023-08-17,1922,N20,VIIRS,l,2,317.81,256.49,D,0
49.22924,-120.00599,355.11,0.67,0.73,2023-08-17,1922,N20,VIIRS,n,2,297.34,38.15,D,0
49.23048,-120.03474,367,0.67,0.73,2023-08-17,1922,N20,VIIRS,h,2,291.79,53.7,D,0
49.23061,-120.01339,367,0.67,0.73,2023-08-17,1922,N20,VIIRS,h,2,293.31,256.49,D,0
49.23075,-120.00188,347.2,0.67,0.73,2023-08-17,1922,N20,VIIRS,n,2,292.13,37.33,D,0
49.23198,-120.0097,351.88,0.67,0.73,2023-08-17,1922,N20,VIIRS,n,2,293.88,46.51,D,0
49.23275,-120.02863,332.38,0.67,0.73,2023-08-17,1922,N20,VIIRS,n,2,289.25,53.7,D,0
49.23339,-120.00591,346.28,0.66,0.73,2023-08-17,1922,N20,VIIRS,n,2,290.68,46.51,D,0
49.9062,-119.63982,367,0.61,0.71,2023-08-17,1922,N20,VIIRS,h,2,296.1,45.65,D,0
49.90828,-119.63406,367,0.61,0.71,2023-08-17,1922,N20,VIIRS,h,2,296.05,48.57,D,0
49.9106,-119.62761,367,0.61,0.71,2023-08-17,1922,N20,VIIRS,h,2,299.48,48.57,D,0
49.91084,-119.65105,327.49,0.61,0.71,2023-08-17,1922,N20,VIIRS,n,2,292.05,18.3,D,0
49.91257,-119.64296,355.95,0.61,0.71,2023-08-17,1922,N20,VIIRS,n,2,295.16,97.11,D,0
49.91314,-119.64478,367,0.61,0.71,2023-08-17,1922,N20,VIIRS,h,2,294.36,240.46,D,0
49.91477,-119.63686,292.14,0.61,0.71,2023-08-17,1922,N20,VIIRS,l,2,313.86,198.76,D,0
49.91728,-119.62991,367,0.61,0.71,2023-08-17,1922,N20,VIIRS,h,2,304.1,198.76,D,0
49.91787,-119.63184,352.78,0.61,0.71,2023-08-17,1922,N20,VIIRS,n,2,306.15,235.28,D,0
50.38718,-120.42519,335.05,0.63,0.72,2023-08-17,1922,N20,VIIRS,n,2,297.03,11.77,D,0
50.38893,-120.42101,333.93,0.63,0.72,2023-08-17,1922,N20,VIIRS,n,2,297.29,13.9,D,0
50.3901,-120.41733,330.97,0.62,0.72,2023-08-17,1922,N20,VIIRS,n,2,298.81,11.77,D,0
50.39209,-120.41234,367,0.62,0.72,2023-08-17,1922,N20,VIIRS,h,2,302.13,13.9,D,0
50.39342,-120.40838,367,0.62,0.72,2023-08-17,1922,N20,VIIRS,h,2,300.5,31.5,D,0
50.39518,-120.42479,326.61,0.63,0.72,2023-08-17,1922,N20,VIIRS,n,2,298.32,13.9,D,0
50.39532,-120.4035,348.85,0.62,0.72,2023-08-17,1922,N20,VIIRS,n,2,298.66,28.85,D,0
50.39602,-120.42203,350.52,0.62,0.72,2023-08-17,1922,N20,VIIRS,n,2,296.87,11.77,D,0
50.39649,-120.44208,334.71,0.63,0.72,2023-08-17,1922,N20,VIIRS,n,2,295.01,9.48,D,0
50.39753,-120.43861,334,0.63,0.72,2023-08-17,1922,N20,VIIRS,n,2,295.05,9.35,D,0
50.39768,-120.41793,367,0.62,0.72,2023-08-17,1922,N20,VIIRS,h,2,295.19,13.9,D,0
50.39893,-120.41417,354.91,0.62,0.72,2023-08-17,1922,N20,VIIRS,n,2,296.76,31.5,D,0
50.40087,-120.40919,351.15,0.62,0.72,2023-08-17,1922,N20,VIIRS,n,2,300.57,28.85,D,0
50.40225,-120.4052,367,0.62,0.72,2023-08-17,1922,N20,VIIRS,h,2,297.91,31.5,D,0
50.40409,-120.40034,367,0.62,0.72,2023-08-17,1922,N20,VIIRS,h,2,298.64,28.85,D,0
50.40535,-120.39685,342.71,0.62,0.72,2023-08-17,1922,N20,VIIRS,n,2,297.98,18.64,D,0
50.40857,-120.42947,331.99,0.62,0.72,2023-08-17,1922,N20,VIIRS,n,2,294.64,8.09,D,0
50.41044,-120.44511,331.61,0.63,0.72,2023-08-17,1922,N20,VIIRS,n,2,297.12,9.75,D,0
50.41481,-120.43331,351.09,0.62,0.72,2023-08-17,1922,N20,VIIRS,n,2,301.59,63.64,D,0
50.95387,-119.51887,347.29,0.55,0.68,2023-08-17,1922,N20,VIIRS,n,2,279.96,8.04,D,0
50.95786,-119.51138,339.53,0.55,0.68,2023-08-17,1922,N20,VIIRS,n,2,280.32,13.29,D,0
50.98777,-119.4847,330.89,0.55,0.68,2023-08-17,1922,N20,VIIRS,n,2,289.79,4.85,D,0
51.00647,-119.55417,325.62,0.55,0.68,2023-08-17,1922,N20,VIIRS,n,2,288.9,8.96,D,0
51.01484,-119.5714,327.46,0.55,0.68,2023-08-17,1922,N20,VIIRS,n,2,288.65,5.69,D,0
51.01767,-119.56338,337.81,0.55,0.68,2023-08-17,1922,N20,VIIRS,n,2,287.81,5.69,D,0
51.02406,-119.60167,354.66,0.55,0.68,2023-08-17,1922,N20,VIIRS,n,2,294.79,22.55,D,0
51.02575,-119.60193,347.64,0.55,0.68,2023-08-17,1922,N20,VIIRS,n,2,292.77,15.35,D,0
51.02625,-119.59557,346.97,0.55,0.68,2023-08-17,1922,N20,VIIRS,n,2,291.84,18.51,D,0
51.02788,-119.59587,367,0.55,0.68,2023-08-17,1922,N20,VIIRS,h,2,291.16,15.35,D,0
51.03337,-119.77888,367,0.56,0.69,2023-08-17,1922,N20,VIIRS,h,2,294.52,12.4,D,0
51.52621,-117.56015,334.7,0.44,0.63,2023-08-17,1922,N20,VIIRS,n,2,288.99,3.77,D,0
49.06612,-120.02966,335.83,0.45,0.39,2023-08-17,2102,N20,VIIRS,n,2,303.43,3.02,D,0
49.06891,-120.03703,347.57,0.45,0.39,2023-08-17,2102,N20,VIIRS,n,2,306.12,26.04,D,0
49.06965,-120.0306,345.18,0.45,0.39,2023-08-17,2102,N20,VIIRS,n,2,304.68,26.04,D,0
49.07046,-120.02369,337.43,0.45,0.39,2023-08-17,2102,N20,VIIRS,n,2,302.43,20.25,D,0
49.07099,-120.05049,332.15,0.45,0.39,2023-08-17,2102,N20,VIIRS,n,2,304.08,4.72,D,0
49.07172,-120.04424,352.04,0.45,0.39,2023-08-17,2102,N20,VIIRS,n,2,306.88,4.72,D,0
49.0718,-120.01204,338.92,0.45,0.39,2023-08-17,2102,N20,VIIRS,n,2,300.32,12.41,D,0
49.07244,-120.03799,356,0.45,0.39,2023-08-17,2102,N20,VIIRS,n,2,305.25,26.04,D,0
49.07398,-120.02464,355.74,0.45,0.39,2023-08-17,2102,N20,VIIRS,n,2,307.71,20.25,D,0
49.07449,-120.05164,367,0.45,0.39,2023-08-17,2102,N20,VIIRS,h,2,343.46,302.76,D,0
49.07472,-120.01826,367,0.45,0.39,2023-08-17,2102,N20,VIIRS,h,2,303.2,20.25,D,0
49.07522,-120.04541,367,0.45,0.39,2023-08-17,2102,N20,VIIRS,l,2,373.12,302.76,D,0
49.07535,-120.01279,367,0.45,0.39,2023-08-17,2102,N20,VIIRS,h,2,296.52,12.41,D,0
49.07594,-120.03917,367,0.45,0.39,2023-08-17,2102,N20,VIIRS,l,2,372.83,0,D,0
49.07596,-120.00743,350.84,0.45,0.39,2023-08-17,2102,N20,VIIRS,n,2,292.29,12.41,D,0
49.0767,-120.03264,367,0.45,0.39,2023-08-17,2102,N20,VIIRS,l,2,373.13,0,D,0
49.07726,-120.05914,340.63,0.45,0.39,2023-08-17,2102,N20,VIIRS,n,2,304.82,17.84,D,0
49.07751,-120.02564,367,0.45,0.39,2023-08-17,2102,N20,VIIRS,l,2,342.2,0,D,0
49.07799,-120.05281,367,0.45,0.39,2023-08-17,2102,N20,VIIRS,h,2,355.82,302.76,D,0
49.07828,-120.019,339.74,0.45,0.39,2023-08-17,2102,N20,VIIRS,n,2,305.49,0,D,0
49.07871,-120.04659,367,0.45,0.39,2023-08-17,2102,N20,VIIRS,l,2,368.94,302.76,D,0
49.07891,-120.0135,353.34,0.45,0.39,2023-08-17,2102,N20,VIIRS,n,2,297.89,39.46,D,0
49.07953,-120.00806,367,0.45,0.39,2023-08-17,2102,N20,VIIRS,h,2,292.78,39.46,D,0
49.0802,-120.00223,342.92,0.45,0.39,2023-08-17,2102,N20,VIIRS,n,2,291.31,10.61,D,0
49.08078,-120.06011,353.06,0.45,0.39,2023-08-17,2102,N20,VIIRS,n,2,323.32,30,D,0
49.08105,-120.0265,367,0.45,0.39,2023-08-17,2102,N20,VIIRS,l,2,369.18,0,D,0
49.08151,-120.05377,367,0.45,0.39,2023-08-17,2102,N20,VIIRS,h,2,351.41,204.94,D,0
49.08183,-120.0198,367,0.45,0.39,2023-08-17,2102,N20,VIIRS,h,2,330.71,0,D,0
49.08225,-120.04746,367,0.45,0.39,2023-08-17,2102,N20,VIIRS,l,2,373.18,204.94,D,0
49.08249,-120.01408,350.78,0.45,0.39,2023-08-17,2102,N20,VIIRS,n,2,297.15,39.46,D,0
49.08299,-120.04111,367,0.45,0.39,2023-08-17,2102,N20,VIIRS,l,2,372.9,0,D,0
49.08312,-120.00857,356.17,0.45,0.39,2023-08-17,2102,N20,VIIRS,n,2,292.14,39.46,D,0
49.08357,-120.06732,348.68,0.45,0.39,2023-08-17,2102,N20,VIIRS,n,2,301.35,30,D,0
49.08376,-120.03442,367,0.45,0.39,2023-08-17,2102,N20,VIIRS,l,2,367.72,0,D,0
49.08379,-120.00268,347.9,0.45,0.39,2023-08-17,2102,N20,VIIRS,n,2,290.48,10.61,D,0
49.08432,-120.06091,347.06,0.45,0.39,2023-08-17,2102,N20,VIIRS,n,2,306.71,30,D,0
49.0846,-120.02731,367,0.45,0.39,2023-08-17,2102,N20,VIIRS,l,2,368.34,0,D,0
49.08506,-120.05457,352.53,0.45,0.39,2023-08-17,2102,N20,VIIRS,n,2,306.73,204.94,D,0
49.0854,-120.02045,367,0.45,0.39,2023-08-17,2102,N20,VIIRS,h,2,337.27,0,D,0
49.0858,-120.04824,339.49,0.45,0.39,2023-08-17,2102,N20,VIIRS,n,2,300.9,204.94,D,0
49.08606,-120.01467,347.38,0.45,0.39,2023-08-17,2102,N20,VIIRS,n,2,297.91,66.8,D,0
49.08654,-120.04182,367,0.45,0.39,2023-08-17,2102,N20,VIIRS,l,2,328.64,0,D,0
49.08671,-120.00903,356.43,0.45,0.39,2023-08-17,2102,N20,VIIRS,n,2,290.8,66.8,D,0
49.08711,-120.06814,367,0.45,0.39,2023-08-17,2102,N20,VIIRS,l,2,356.1,178.41,D,0
49.08733,-120.0351,367,0.45,0.39,2023-08-17,2102,N20,VIIRS,h,2,356.54,0,D,0
49.08786,-120.06176,348.94,0.45,0.39,2023-08-17,2102,N20,VIIRS,n,2,318.86,178.41,D,0
49.08816,-120.02799,367,0.45,0.39,2023-08-17,2102,N20,VIIRS,l,2,360.16,0,D,0
49.0886,-120.05538,347.39,0.45,0.39,2023-08-17,2102,N20,VIIRS,n,2,308.25,19.6,D,0
49.08895,-120.02116,313.49,0.45,0.39,2023-08-17,2102,N20,VIIRS,l,2,324.11,0,D,0
49.08935,-120.049,347.61,0.45,0.39,2023-08-17,2102,N20,VIIRS,n,2,301.32,19.6,D,0
49.08963,-120.01532,350.52,0.45,0.39,2023-08-17,2102,N20,VIIRS,n,2,295.11,66.8,D,0
49.09011,-120.04247,367,0.45,0.39,2023-08-17,2102,N20,VIIRS,h,2,356.98,150.12,D,0
49.09064,-120.06908,367,0.45,0.39,2023-08-17,2102,N20,VIIRS,l,2,325.39,178.41,D,0
49.09092,-120.03556,354.03,0.45,0.39,2023-08-17,2102,N20,VIIRS,n,2,310.94,150.12,D,0
49.09139,-120.06269,350.82,0.45,0.39,2023-08-17,2102,N20,VIIRS,n,2,311.45,178.41,D,0
49.09175,-120.02844,367,0.45,0.39,2023-08-17,2102,N20,VIIRS,l,2,364.72,345.24,D,0
49.09253,-120.02184,367,0.45,0.39,2023-08-17,2102,N20,VIIRS,h,2,352.89,345.24,D,0
49.09289,-120.04978,350.38,0.45,0.39,2023-08-17,2102,N20,VIIRS,n,2,305.13,19.6,D,0
49.09319,-120.01604,356.42,0.45,0.39,2023-08-17,2102,N20,VIIRS,n,2,293.59,30.45,D,0
49.09369,-120.04302,349.13,0.45,0.39,2023-08-17,2102,N20,VIIRS,n,2,312.84,150.12,D,0
49.09385,-120.01031,356.62,0.45,0.39,2023-08-17,2102,N20,VIIRS,l,2,286.61,30.45,D,0
49.09452,-120.03592,352.35,0.45,0.39,2023-08-17,2102,N20,VIIRS,n,2,303.25,150.12,D,0
49.09491,-120.06364,341.56,0.45,0.39,2023-08-17,2102,N20,VIIRS,n,2,311.46,22.43,D,0
49.09534,-120.02892,367,0.45,0.39,2023-08-17,2102,N20,VIIRS,l,2,341.12,345.24,D,0
49.09607,-120.02268,367,0.45,0.39,2023-08-17,2102,N20,VIIRS,l,2,326.47,345.24,D,0
49.09673,-120.01693,367,0.45,0.39,2023-08-17,2102,N20,VIIRS,h,2,300.13,30.45,D,0
49.09687,-121.27966,329.03,0.42,0.37,2023-08-17,2102,N20,VIIRS,l,2,299.13,6.37,D,0
49.09737,-120.01137,356.62,0.45,0.39,2023-08-17,2102,N20,VIIRS,l,2,288.55,30.45,D,0
49.09765,-121.27338,340.25,0.42,0.37,2023-08-17,2102,N20,VIIRS,n,2,298.77,9.25,D,0
49.09771,-120.07083,352.33,0.45,0.39,2023-08-17,2102,N20,VIIRS,n,2,313.84,22.43,D,0
49.09802,-120.00568,355.41,0.45,0.39,2023-08-17,2102,N20,VIIRS,n,2,285.73,42.85,D,0
49.09845,-120.06448,351.47,0.45,0.39,2023-08-17,2102,N20,VIIRS,n,2,314.25,22.43,D,0
49.09892,-120.0295,343.43,0.45,0.39,2023-08-17,2102,N20,VIIRS,n,2,304.04,7.59,D,0
49.09933,-119.99433,349.33,0.45,0.39,2023-08-17,2102,N20,VIIRS,n,2,288.34,17.03,D,0
49.0996,-120.02362,350.86,0.45,0.39,2023-08-17,2102,N20,VIIRS,n,2,304.06,7.59,D,0
49.09999,-120.05134,344.61,0.45,0.39,2023-08-17,2102,N20,VIIRS,n,2,311.36,14.23,D,0
49.10126,-120.07159,349.2,0.45,0.39,2023-08-17,2102,N20,VIIRS,n,2,309.33,23.28,D,0
49.102,-120.06525,367,0.45,0.39,2023-08-17,2102,N20,VIIRS,h,2,315.81,23.28,D,0
49.10267,-121.26136,333.4,0.42,0.37,2023-08-17,2102,N20,VIIRS,n,2,299.65,3.51,D,0
49.10555,-120.06599,348.33,0.45,0.39,2023-08-17,2102,N20,VIIRS,n,2,314.58,23.28,D,0
49.1063,-120.0596,347.18,0.45,0.39,2023-08-17,2102,N20,VIIRS,n,2,312.96,16.08,D,0
49.10703,-120.0755,307.78,0.45,0.39,2023-08-17,2102,N20,VIIRS,l,2,309.8,155.44,D,0
49.10765,-120.07909,348.32,0.45,0.39,2023-08-17,2102,N20,VIIRS,n,2,301.55,281.5,D,0
49.10773,-120.06931,349.84,0.45,0.39,2023-08-17,2102,N20,VIIRS,n,2,313.11,52.42,D,0
49.10848,-120.00964,346.13,0.45,0.39,2023-08-17,2102,N20,VIIRS,n,2,297.42,11.4,D,0
49.10911,-120.0667,341.31,0.45,0.39,2023-08-17,2102,N20,VIIRS,n,2,308.16,50.29,D,0
49.10915,-120.08881,367,0.45,0.39,2023-08-17,2102,N20,VIIRS,h,2,336.6,186.05,D,0
49.10987,-120.0825,367,0.45,0.39,2023-08-17,2102,N20,VIIRS,l,2,355.93,155.44,D,0
49.11045,-120.0862,367,0.45,0.39,2023-08-17,2102,N20,VIIRS,l,2,369.67,281.5,D,0
49.11059,-120.07616,367,0.45,0.39,2023-08-17,2102,N20,VIIRS,l,2,331.48,155.44,D,0
49.11121,-120.0798,367,0.45,0.39,2023-08-17,2102,N20,VIIRS,h,2,357.95,281.5,D,0
49.11195,-120.07351,350.57,0.45,0.39,2023-08-17,2102,N20,VIIRS,n,2,315.6,50.29,D,0
49.11271,-120.08951,367,0.45,0.39,2023-08-17,2102,N20,VIIRS,h,2,342.95,172.59,D,0
49.1133,-119.99934,351.62,0.45,0.39,2023-08-17,2102,N20,VIIRS,n,2,298.91,17.23,D,0
49.11343,-120.08313,367,0.45,0.39,2023-08-17,2102,N20,VIIRS,h,2,353.28,169.28,D,0
49.11416,-120.07665,349.66,0.45,0.39,2023-08-17,2102,N20,VIIRS,n,2,302.01,169.28,D,0
49.11559,-120.09605,367,0.45,0.39,2023-08-17,2102,N20,VIIRS,l,2,329.56,172.59,D,0
49.11712,-121.25877,335.93,0.42,0.37,2023-08-17,2102,N20,VIIRS,n,2,302.03,4.71,D,0
49.11917,-120.09646,367,0.45,0.39,2023-08-17,2102,N20,VIIRS,l,2,325.97,58.87,D,0
49.12056,-121.25951,335.2,0.42,0.37,2023-08-17,2102,N20,VIIRS,n,2,301.8,4.71,D,0
49.12134,-121.25325,342.03,0.42,0.37,2023-08-17,2102,N20,VIIRS,n,2,299.9,7.47,D,0
49.12278,-120.09658,297.17,0.45,0.39,2023-08-17,2102,N20,VIIRS,l,2,324.29,58.87,D,0
49.12353,-120.09005,349.94,0.45,0.39,2023-08-17,2102,N20,VIIRS,n,2,308,58.87,D,0
49.12718,-120.08985,367,0.45,0.39,2023-08-17,2102,N20,VIIRS,h,2,341.41,109.04,D,0
49.12793,-120.08327,347.33,0.45,0.39,2023-08-17,2102,N20,VIIRS,n,2,304.79,79.35,D,0
49.13077,-120.09019,367,0.45,0.39,2023-08-17,2102,N20,VIIRS,h,2,332.06,109.04,D,0
49.13148,-120.084,367,0.45,0.39,2023-08-17,2102,N20,VIIRS,l,2,336.54,79.35,D,0
49.1339,-119.86896,333.42,0.45,0.39,2023-08-17,2102,N20,VIIRS,n,2,294.05,6.49,D,0
49.13446,-119.87953,348.44,0.45,0.39,2023-08-17,2102,N20,VIIRS,n,2,290.57,8.2,D,0
49.13521,-119.87305,344.12,0.45,0.39,2023-08-17,2102,N20,VIIRS,n,2,295.78,8.2,D,0
49.13594,-119.86672,345.18,0.45,0.39,2023-08-17,2102,N20,VIIRS,n,2,297.78,9.37,D,0
49.13601,-119.88285,342.79,0.45,0.39,2023-08-17,2102,N20,VIIRS,n,2,297.07,30.03,D,0
49.13674,-119.87624,367,0.45,0.39,2023-08-17,2102,N20,VIIRS,h,2,297.3,18.18,D,0
49.13745,-119.8699,353.67,0.45,0.39,2023-08-17,2102,N20,VIIRS,n,2,301.43,18.18,D,0
49.13814,-119.86372,333.1,0.45,0.39,2023-08-17,2102,N20,VIIRS,n,2,293.24,5.61,D,0
49.14029,-119.8772,352.23,0.45,0.39,2023-08-17,2102,N20,VIIRS,n,2,306.91,18.18,D,0
49.141,-119.8709,367,0.45,0.39,2023-08-17,2102,N20,VIIRS,h,2,306.84,18.18,D,0
49.14169,-119.86469,336.35,0.45,0.39,2023-08-17,2102,N20,VIIRS,n,2,290.64,5.61,D,0
49.14193,-120.08801,349.35,0.45,0.39,2023-08-17,2102,N20,VIIRS,l,2,321.13,14.16,D,0
49.14258,-120.08232,346.12,0.45,0.39,2023-08-17,2102,N20,VIIRS,n,2,315.05,14.16,D,0
49.1431,-119.88471,341.07,0.45,0.39,2023-08-17,2102,N20,VIIRS,n,2,301.83,16.66,D,0
49.14384,-119.87815,352.86,0.45,0.39,2023-08-17,2102,N20,VIIRS,n,2,298.25,10.4,D,0
49.14454,-119.87188,349.37,0.45,0.39,2023-08-17,2102,N20,VIIRS,n,2,294.83,10.4,D,0
49.14535,-120.08989,341.35,0.45,0.39,2023-08-17,2102,N20,VIIRS,n,2,310.86,14.16,D,0
49.14592,-119.89223,330.28,0.45,0.39,2023-08-17,2102,N20,VIIRS,n,2,293.34,16.66,D,0
49.14604,-120.08391,344.28,0.45,0.39,2023-08-17,2102,N20,VIIRS,n,2,311.32,14.16,D,0
49.14665,-119.88565,338.85,0.45,0.39,2023-08-17,2102,N20,VIIRS,n,2,292.11,16.66,D,0
49.14739,-119.87907,352.57,0.45,0.39,2023-08-17,2102,N20,VIIRS,n,2,296.48,10.4,D,0
49.14805,-120.09803,348.6,0.45,0.39,2023-08-17,2102,N20,VIIRS,l,2,319.75,7.68,D,0
49.1481,-119.87273,345.83,0.45,0.39,2023-08-17,2102,N20,VIIRS,n,2,294.09,10.4,D,0
49.14878,-120.09165,367,0.45,0.39,2023-08-17,2102,N20,VIIRS,l,2,326.63,51.52,D,0
49.14951,-120.08535,348.38,0.45,0.39,2023-08-17,2102,N20,VIIRS,n,2,319.09,51.52,D,0
49.15223,-120.09329,351.97,0.45,0.39,2023-08-17,2102,N20,VIIRS,n,2,318.36,51.52,D,0
49.15297,-120.08688,367,0.45,0.39,2023-08-17,2102,N20,VIIRS,h,2,345.69,51.52,D,0
49.15366,-120.08089,343.3,0.45,0.39,2023-08-17,2102,N20,VIIRS,n,2,311.89,27.15,D,0
49.15569,-120.09483,367,0.45,0.39,2023-08-17,2102,N20,VIIRS,l,2,326.81,312.91,D,0
49.15643,-120.08839,367,0.45,0.39,2023-08-17,2102,N20,VIIRS,l,2,374.78,312.91,D,0
49.15713,-120.08225,367,0.45,0.39,2023-08-17,2102,N20,VIIRS,h,2,332.12,108.18,D,0
49.15989,-120.08987,354.74,0.45,0.39,2023-08-17,2102,N20,VIIRS,n,2,304.75,312.91,D,0
49.16061,-120.0836,353.91,0.45,0.39,2023-08-17,2102,N20,VIIRS,n,2,305.29,108.18,D,0
49.16408,-120.08502,339.53,0.45,0.39,2023-08-17,2102,N20,VIIRS,n,2,305.34,25.66,D,0
49.16692,-120.06041,342.04,0.45,0.39,2023-08-17,2102,N20,VIIRS,n,2,302.27,97.5,D,0
49.16755,-120.08645,367,0.45,0.39,2023-08-17,2102,N20,VIIRS,l,2,326.16,25.66,D,0
49.16826,-120.08025,340.95,0.45,0.39,2023-08-17,2102,N20,VIIRS,n,2,310.66,25.66,D,0
49.16964,-120.06827,367,0.45,0.39,2023-08-17,2102,N20,VIIRS,l,2,332.25,221.23,D,0
49.17038,-120.0619,344.26,0.45,0.39,2023-08-17,2102,N20,VIIRS,n,2,312.48,97.5,D,0
49.17101,-120.08794,348.29,0.45,0.39,2023-08-17,2102,N20,VIIRS,l,2,322.43,47.84,D,0
49.17537,-119.8903,330.94,0.45,0.39,2023-08-17,2102,N20,VIIRS,n,2,296.54,4.2,D,0
49.17717,-121.39141,349.39,0.41,0.37,2023-08-17,2102,N20,VIIRS,n,2,309.9,44.47,D,0
49.18459,-119.90575,330.66,0.45,0.39,2023-08-17,2102,N20,VIIRS,n,2,296.69,3.34,D,0
49.18522,-119.93224,346,0.45,0.39,2023-08-17,2102,N20,VIIRS,n,2,307.75,26.58,D,0
49.18953,-119.9265,333.79,0.45,0.39,2023-08-17,2102,N20,VIIRS,n,2,297.29,3.62,D,0
49.19148,-121.38963,339.8,0.42,0.37,2023-08-17,2102,N20,VIIRS,n,2,297.75,4.88,D,0
49.19441,-120.07429,367,0.45,0.39,2023-08-17,2102,N20,VIIRS,h,2,340.68,107.27,D,0
49.19487,-121.39067,344.67,0.42,0.37,2023-08-17,2102,N20,VIIRS,n,2,298.79,13.59,D,0
49.19519,-120.06754,367,0.45,0.39,2023-08-17,2102,N20,VIIRS,l,2,328.7,68.09,D,0
49.19795,-120.07511,367,0.45,0.39,2023-08-17,2102,N20,VIIRS,h,2,336.68,107.27,D,0
49.19873,-120.06847,346.46,0.45,0.39,2023-08-17,2102,N20,VIIRS,n,2,319.75,68.09,D,0
49.19972,-119.96531,347.38,0.45,0.39,2023-08-17,2102,N20,VIIRS,n,2,301.91,11.44,D,0
49.20073,-120.08247,367,0.45,0.39,2023-08-17,2102,N20,VIIRS,h,2,346.29,53.24,D,0
49.20148,-120.076,354.45,0.45,0.39,2023-08-17,2102,N20,VIIRS,n,2,314.78,53.24,D,0
49.20204,-119.97698,352.32,0.45,0.39,2023-08-17,2102,N20,VIIRS,n,2,311.76,29.82,D,0
49.20226,-120.06943,367,0.45,0.39,2023-08-17,2102,N20,VIIRS,h,2,312.24,19.85,D,0
49.20265,-119.97164,355.51,0.45,0.39,2023-08-17,2102,N20,VIIRS,n,2,310.69,29.82,D,0
49.20301,-120.06295,355.46,0.45,0.39,2023-08-17,2102,N20,VIIRS,n,2,313.08,19.85,D,0
49.20375,-120.05661,351.98,0.45,0.39,2023-08-17,2102,N20,VIIRS,n,2,310.39,8.63,D,0
49.20428,-120.08324,342.41,0.45,0.39,2023-08-17,2102,N20,VIIRS,n,2,312.3,53.24,D,0
49.20445,-121.39853,345.88,0.41,0.37,2023-08-17,2102,N20,VIIRS,n,2,299.56,6.44,D,0
49.20502,-120.07687,350.82,0.45,0.39,2023-08-17,2102,N20,VIIRS,n,2,324.09,53.24,D,0
49.20571,-119.97689,343.26,0.45,0.39,2023-08-17,2102,N20,VIIRS,n,2,299.51,5.53,D,0
49.20578,-120.07043,353.31,0.45,0.39,2023-08-17,2102,N20,VIIRS,n,2,316.22,19.85,D,0
49.20653,-120.06404,353.92,0.45,0.39,2023-08-17,2102,N20,VIIRS,n,2,320.7,19.85,D,0
49.20726,-120.05776,340.11,0.45,0.39,2023-08-17,2102,N20,VIIRS,n,2,307.14,8.63,D,0
49.20785,-120.08389,332.79,0.45,0.39,2023-08-17,2102,N20,VIIRS,n,2,300.31,82.15,D,0
49.20795,-121.39869,339.03,0.41,0.37,2023-08-17,2102,N20,VIIRS,n,2,301.67,6.3,D,0
49.20857,-120.07767,367,0.45,0.39,2023-08-17,2102,N20,VIIRS,h,2,350.86,82.15,D,0
49.2093,-120.07145,367,0.45,0.39,2023-08-17,2102,N20,VIIRS,h,2,363.65,338.97,D,0
49.21003,-120.06516,367,0.45,0.39,2023-08-17,2102,N20,VIIRS,l,2,331.62,338.97,D,0
49.21077,-120.05888,350.67,0.45,0.39,2023-08-17,2102,N20,VIIRS,n,2,308.12,29.16,D,0
49.21148,-120.05275,342.74,0.45,0.39,2023-08-17,2102,N20,VIIRS,n,2,304.72,29.16,D,0
49.21213,-120.0784,336.99,0.45,0.39,2023-08-17,2102,N20,VIIRS,n,2,303.53,82.15,D,0
49.21283,-120.07237,367,0.45,0.39,2023-08-17,2102,N20,VIIRS,l,2,361.43,338.97,D,0
49.21355,-120.06618,367,0.45,0.39,2023-08-17,2102,N20,VIIRS,l,2,370.49,338.97,D,0
49.2143,-120.05979,355.5,0.45,0.39,2023-08-17,2102,N20,VIIRS,n,2,318.53,29.16,D,0
49.21504,-120.05347,355.98,0.45,0.39,2023-08-17,2102,N20,VIIRS,n,2,303.45,29.16,D,0
49.21527,-120.07403,331.28,0.45,0.39,2023-08-17,2102,N20,VIIRS,n,2,300.94,11.35,D,0
49.21576,-120.04727,348.64,0.45,0.39,2023-08-17,2102,N20,VIIRS,n,2,302.89,7.66,D,0
49.21596,-120.06788,367,0.45,0.39,2023-08-17,2102,N20,VIIRS,l,2,350.94,243.95,D,0
49.21651,-120.04081,339.49,0.45,0.39,2023-08-17,2102,N20,VIIRS,n,2,302.49,7.66,D,0
49.21669,-120.06145,367,0.45,0.39,2023-08-17,2102,N20,VIIRS,h,2,345.54,243.95,D,0
49.21709,-120.06703,367,0.45,0.39,2023-08-17,2102,N20,VIIRS,h,2,335.5,212.51,D,0
49.2173,-120.03411,354.61,0.45,0.39,2023-08-17,2102,N20,VIIRS,n,2,313.42,18.33,D,0
49.21742,-120.05492,367,0.45,0.39,2023-08-17,2102,N20,VIIRS,l,2,331.36,233.57,D,0
49.21785,-120.06056,367,0.45,0.39,2023-08-17,2102,N20,VIIRS,h,2,341.22,224.95,D,0
49.21811,-120.02724,341.16,0.45,0.39,2023-08-17,2102,N20,VIIRS,n,2,304.45,18.33,D,0
49.21863,-120.05395,367,0.45,0.39,2023-08-17,2102,N20,VIIRS,h,2,347.57,224.95,D,0
49.21882,-120.04247,356.46,0.45,0.39,2023-08-17,2102,N20,VIIRS,l,2,306.34,45.5,D,0
49.21933,-120.04791,367,0.45,0.39,2023-08-17,2102,N20,VIIRS,h,2,340.29,175.14,D,0
49.21951,-120.06872,367,0.45,0.39,2023-08-17,2102,N20,VIIRS,h,2,332.89,243.95,D,0
49.21956,-120.03586,353.46,0.45,0.39,2023-08-17,2102,N20,VIIRS,n,2,315.7,45.5,D,0
49.22007,-120.04156,353.76,0.45,0.39,2023-08-17,2102,N20,VIIRS,n,2,311.49,175.14,D,0
49.22023,-120.06228,367,0.45,0.39,2023-08-17,2102,N20,VIIRS,h,2,354.97,243.95,D,0
49.22064,-120.06786,367,0.45,0.39,2023-08-17,2102,N20,VIIRS,h,2,334.53,212.51,D,0
49.22084,-120.03499,350.99,0.45,0.39,2023-08-17,2102,N20,VIIRS,n,2,310.84,11.86,D,0
49.22101,-120.05533,367,0.45,0.39,2023-08-17,2102,N20,VIIRS,l,2,368.44,233.57,D,0
49.22141,-120.06131,367,0.45,0.39,2023-08-17,2102,N20,VIIRS,h,2,350.98,224.95,D,0
49.22163,-120.02828,338.92,0.45,0.39,2023-08-17,2102,N20,VIIRS,n,2,300.24,11.86,D,0
49.2217,-120.04921,367,0.45,0.39,2023-08-17,2102,N20,VIIRS,l,2,368.82,233.57,D,0
49.22222,-120.05443,367,0.45,0.39,2023-08-17,2102,N20,VIIRS,l,2,368.48,224.95,D,0
49.2224,-120.04298,367,0.45,0.39,2023-08-17,2102,N20,VIIRS,l,2,334.95,45.5,D,0
49.22244,-120.02141,343.58,0.45,0.39,2023-08-17,2102,N20,VIIRS,n,2,299.15,9.13,D,0
49.22295,-120.04821,367,0.45,0.39,2023-08-17,2102,N20,VIIRS,l,2,365.65,175.14,D,0
49.22306,-120.06941,335.24,0.45,0.39,2023-08-17,2102,N20,VIIRS,n,2,301.66,223.93,D,0
49.22313,-120.03645,354.15,0.45,0.39,2023-08-17,2102,N20,VIIRS,n,2,301.2,45.5,D,0
49.22379,-120.06297,367,0.45,0.39,2023-08-17,2102,N20,VIIRS,h,2,365.63,223.93,D,0
49.22387,-120.02991,349.71,0.45,0.39,2023-08-17,2102,N20,VIIRS,n,2,298.04,12.99,D,0
49.22444,-120.03548,354.43,0.45,0.39,2023-08-17,2102,N20,VIIRS,n,2,300.46,11.86,D,0
49.22458,-120.05595,367,0.45,0.39,2023-08-17,2102,N20,VIIRS,l,2,359.41,0,D,0
49.22463,-120.02308,353.79,0.45,0.39,2023-08-17,2102,N20,VIIRS,n,2,296.79,12.99,D,0
49.2252,-120.02898,355.73,0.45,0.39,2023-08-17,2102,N20,VIIRS,n,2,298.04,11.86,D,0
49.22531,-120.04942,367,0.45,0.39,2023-08-17,2102,N20,VIIRS,l,2,361,0,D,0
49.22541,-120.01605,344.65,0.45,0.39,2023-08-17,2102,N20,VIIRS,n,2,296.84,14.73,D,0
49.226,-120.02215,356.72,0.45,0.39,2023-08-17,2102,N20,VIIRS,l,2,298.57,9.13,D,0
49.22602,-120.04314,367,0.45,0.39,2023-08-17,2102,N20,VIIRS,h,2,326.62,112.97,D,0
49.22673,-120.03682,355.65,0.45,0.39,2023-08-17,2102,N20,VIIRS,n,2,299.27,112.97,D,0
49.22684,-120.01508,354.23,0.45,0.39,2023-08-17,2102,N20,VIIRS,n,2,297.71,9.13,D,0
49.22734,-120.06371,367,0.45,0.39,2023-08-17,2102,N20,VIIRS,h,2,356.36,223.93,D,0
49.22745,-120.03041,348.18,0.45,0.39,2023-08-17,2102,N20,VIIRS,n,2,307.83,106.41,D,0
49.22815,-120.05653,367,0.45,0.39,2023-08-17,2102,N20,VIIRS,l,2,362.56,0,D,0
49.2282,-120.02376,318.7,0.45,0.39,2023-08-17,2102,N20,VIIRS,l,2,323.81,106.41,D,0
49.22864,-119.99989,341.09,0.45,0.39,2023-08-17,2102,N20,VIIRS,n,2,294.76,15.8,D,0
49.22891,-120.04973,367,0.45,0.39,2023-08-17,2102,N20,VIIRS,l,2,335.63,0,D,0
49.22899,-120.01671,353.84,0.45,0.39,2023-08-17,2102,N20,VIIRS,n,2,311.6,71.75,D,0
49.22963,-120.04337,340.57,0.45,0.39,2023-08-17,2102,N20,VIIRS,n,2,303.33,112.97,D,0
49.22982,-120.00921,348.31,0.45,0.39,2023-08-17,2102,N20,VIIRS,n,2,308.39,71.75,D,0
49.23034,-120.03706,350.16,0.45,0.39,2023-08-17,2102,N20,VIIRS,n,2,302.12,112.97,D,0
49.23067,-120.00156,345.62,0.45,0.39,2023-08-17,2102,N20,VIIRS,n,2,294.27,8.49,D,0
49.23104,-120.03085,355.73,0.45,0.39,2023-08-17,2102,N20,VIIRS,n,2,296.38,106.41,D,0
49.2317,-120.0573,347.02,0.45,0.39,2023-08-17,2102,N20,VIIRS,n,2,302.43,7.93,D,0
49.23178,-120.02435,295.01,0.45,0.39,2023-08-17,2102,N20,VIIRS,l,2,314.76,106.41,D,0
49.23248,-120.05044,337.36,0.45,0.39,2023-08-17,2102,N20,VIIRS,n,2,299.58,7.93,D,0
49.23256,-120.01731,317.45,0.45,0.39,2023-08-17,2102,N20,VIIRS,l,2,320.53,71.75,D,0
49.23322,-120.04382,345.14,0.45,0.39,2023-08-17,2102,N20,VIIRS,n,2,297.44,5.67,D,0
49.23342,-120.00964,347.96,0.45,0.39,2023-08-17,2102,N20,VIIRS,n,2,301.9,71.75,D,0
49.23395,-120.03734,347.18,0.45,0.39,2023-08-17,2102,N20,VIIRS,n,2,296.93,5.67,D,0
49.23426,-120.00215,340.17,0.45,0.39,2023-08-17,2102,N20,VIIRS,n,2,292.81,8.49,D,0
49.23466,-120.03111,342.97,0.45,0.39,2023-08-17,2102,N20,VIIRS,n,2,295.18,10.01,D,0
49.23537,-120.02476,355.85,0.45,0.39,2023-08-17,2102,N20,VIIRS,n,2,293.56,10.01,D,0
49.23614,-120.0179,356.18,0.45,0.39,2023-08-17,2102,N20,VIIRS,l,2,292.1,11.79,D,0
49.23702,-120.01009,349.58,0.45,0.39,2023-08-17,2102,N20,VIIRS,n,2,290.58,11.79,D,0
49.90228,-119.64172,353.69,0.47,0.4,2023-08-17,2102,N20,VIIRS,n,2,308.6,22.45,D,0
49.90588,-119.64275,352.02,0.47,0.4,2023-08-17,2102,N20,VIIRS,n,2,315.65,35.83,D,0
49.90668,-119.63557,344.33,0.47,0.4,2023-08-17,2102,N20,VIIRS,n,2,306.91,96.84,D,0
49.90746,-119.62859,344.85,0.47,0.4,2023-08-17,2102,N20,VIIRS,n,2,307.39,96.84,D,0
49.90948,-119.64384,348.84,0.47,0.4,2023-08-17,2102,N20,VIIRS,n,2,310.72,35.83,D,0
49.90955,-119.64467,346.59,0.47,0.4,2023-08-17,2102,N20,VIIRS,n,2,312.61,65.11,D,0
49.91031,-119.63751,340.91,0.47,0.4,2023-08-17,2102,N20,VIIRS,n,2,313.38,65.11,D,0
49.91104,-119.62982,367,0.47,0.4,2023-08-17,2102,N20,VIIRS,h,2,350.7,96.84,D,0
49.91104,-119.63058,367,0.47,0.4,2023-08-17,2102,N20,VIIRS,h,2,360.55,175.6,D,0
49.91176,-119.62378,351.14,0.47,0.4,2023-08-17,2102,N20,VIIRS,n,2,304.31,175.6,D,0
49.91179,-119.62305,350.79,0.47,0.4,2023-08-17,2102,N20,VIIRS,n,2,302.92,12.85,D,0
49.91307,-119.64498,367,0.47,0.4,2023-08-17,2102,N20,VIIRS,l,2,337.76,234.1,D,0
49.91314,-119.64581,367,0.47,0.4,2023-08-17,2102,N20,VIIRS,h,2,339.9,65.11,D,0
49.91386,-119.63786,367,0.47,0.4,2023-08-17,2102,N20,VIIRS,l,2,338.14,199.86,D,0
49.91389,-119.6387,367,0.47,0.4,2023-08-17,2102,N20,VIIRS,l,2,335.4,65.11,D,0
49.91461,-119.63109,367,0.47,0.4,2023-08-17,2102,N20,VIIRS,h,2,360.91,199.86,D,0
49.91462,-119.63186,367,0.47,0.4,2023-08-17,2102,N20,VIIRS,h,2,359.13,175.6,D,0
49.91534,-119.62509,367,0.47,0.4,2023-08-17,2102,N20,VIIRS,l,2,372.84,175.6,D,0
49.91536,-119.62434,367,0.47,0.4,2023-08-17,2102,N20,VIIRS,l,2,368.12,316.99,D,0
49.9161,-119.61794,343.16,0.47,0.4,2023-08-17,2102,N20,VIIRS,n,2,313.13,73.35,D,0
49.91616,-119.61716,344.65,0.47,0.4,2023-08-17,2102,N20,VIIRS,n,2,308.91,316.99,D,0
49.91742,-119.63922,367,0.47,0.4,2023-08-17,2102,N20,VIIRS,l,2,370.28,199.86,D,0
49.91747,-119.64001,367,0.47,0.4,2023-08-17,2102,N20,VIIRS,l,2,378.48,415.38,D,0
49.91817,-119.63245,367,0.47,0.4,2023-08-17,2102,N20,VIIRS,l,2,369.99,199.86,D,0
49.91819,-119.63322,367,0.47,0.4,2023-08-17,2102,N20,VIIRS,l,2,375.15,0,D,0
49.91892,-119.62637,367,0.47,0.4,2023-08-17,2102,N20,VIIRS,l,2,378.87,0,D,0
49.91894,-119.62557,367,0.47,0.4,2023-08-17,2102,N20,VIIRS,l,2,370.29,316.99,D,0
49.91969,-119.61909,367,0.47,0.4,2023-08-17,2102,N20,VIIRS,l,2,335.71,171.02,D,0
49.91975,-119.61828,367,0.47,0.4,2023-08-17,2102,N20,VIIRS,l,2,329.55,316.99,D,0
49.9205,-119.61152,331.6,0.47,0.4,2023-08-17,2102,N20,VIIRS,n,2,300.47,171.02,D,0
49.92106,-119.64123,367,0.47,0.4,2023-08-17,2102,N20,VIIRS,h,2,346.06,415.38,D,0
49.92178,-119.63442,367,0.47,0.4,2023-08-17,2102,N20,VIIRS,l,2,376.72,0,D,0
49.92252,-119.62746,367,0.47,0.4,2023-08-17,2102,N20,VIIRS,l,2,376.39,0,D,0
49.92331,-119.62009,343.55,0.47,0.4,2023-08-17,2102,N20,VIIRS,n,2,315.29,171.02,D,0
49.92411,-119.61258,342.62,0.47,0.4,2023-08-17,2102,N20,VIIRS,n,2,299.19,171.02,D,0
49.92541,-119.63528,346.01,0.47,0.4,2023-08-17,2102,N20,VIIRS,n,2,299.35,21.11,D,0
49.92615,-119.62828,353.76,0.47,0.4,2023-08-17,2102,N20,VIIRS,n,2,301.76,21.11,D,0
49.92693,-119.62099,343.42,0.47,0.4,2023-08-17,2102,N20,VIIRS,n,2,296.96,11.4,D,0
49.93962,-121.27821,341.67,0.42,0.38,2023-08-17,2102,N20,VIIRS,n,2,300.81,11.7,D,0
49.94136,-121.27718,339.82,0.42,0.38,2023-08-17,2102,N20,VIIRS,n,2,303.94,25.71,D,0
49.94304,-121.27927,343.9,0.42,0.38,2023-08-17,2102,N20,VIIRS,n,2,293.96,11.7,D,0
50.38843,-120.43029,353.62,0.45,0.39,2023-08-17,2102,N20,VIIRS,n,2,314.85,17.46,D,0
50.39055,-120.41142,350.41,0.45,0.39,2023-08-17,2102,N20,VIIRS,n,2,313.86,10.15,D,0
50.39267,-120.42499,343.9,0.45,0.39,2023-08-17,2102,N20,VIIRS,n,2,315.41,18.55,D,0
50.39339,-120.41856,354.56,0.45,0.39,2023-08-17,2102,N20,VIIRS,n,2,323.24,57.27,D,0
50.39409,-120.41237,347.78,0.45,0.39,2023-08-17,2102,N20,VIIRS,n,2,316.97,57.27,D,0
50.39472,-120.43919,350.38,0.45,0.39,2023-08-17,2102,N20,VIIRS,n,2,312,16.54,D,0
50.39544,-120.43276,346.4,0.45,0.39,2023-08-17,2102,N20,VIIRS,n,2,307.79,18.55,D,0
50.39693,-120.41956,367,0.45,0.39,2023-08-17,2102,N20,VIIRS,h,2,348.33,57.27,D,0
50.3975,-120.44682,305.66,0.45,0.39,2023-08-17,2102,N20,VIIRS,l,2,313.95,31.46,D,0
50.39763,-120.41334,367,0.45,0.39,2023-08-17,2102,N20,VIIRS,h,2,318.78,57.27,D,0
50.39822,-120.44043,348.8,0.45,0.39,2023-08-17,2102,N20,VIIRS,n,2,315.59,31.46,D,0
50.39832,-120.40722,345.14,0.45,0.39,2023-08-17,2102,N20,VIIRS,n,2,314.94,9.29,D,0
50.39896,-120.43392,349.37,0.45,0.39,2023-08-17,2102,N20,VIIRS,n,2,309.92,20.68,D,0
50.39971,-120.4273,348.71,0.45,0.39,2023-08-17,2102,N20,VIIRS,n,2,307.41,20.68,D,0
50.40046,-120.42065,367,0.45,0.39,2023-08-17,2102,N20,VIIRS,l,2,325.39,165.83,D,0
50.40117,-120.41434,367,0.45,0.39,2023-08-17,2102,N20,VIIRS,l,2,330.32,165.83,D,0
50.40323,-120.42841,354.32,0.45,0.39,2023-08-17,2102,N20,VIIRS,n,2,305.89,20.68,D,0
50.40541,-120.40919,351.77,0.45,0.39,2023-08-17,2102,N20,VIIRS,n,2,310.83,93.79,D,0
50.4061,-120.40308,347.81,0.45,0.39,2023-08-17,2102,N20,VIIRS,n,2,316.47,93.79,D,0
50.40802,-120.45049,344.51,0.45,0.39,2023-08-17,2102,N20,VIIRS,n,2,309.81,36.94,D,0
50.40875,-120.44406,340.78,0.45,0.39,2023-08-17,2102,N20,VIIRS,l,2,313.99,36.94,D,0
50.40963,-120.40412,346.52,0.45,0.39,2023-08-17,2102,N20,VIIRS,n,2,302.99,7.34,D,0
50.41029,-120.43051,346.19,0.45,0.39,2023-08-17,2102,N20,VIIRS,n,2,308.09,13.85,D,0
50.41154,-120.4516,345.69,0.45,0.39,2023-08-17,2102,N20,VIIRS,n,2,309.66,11.19,D,0
50.41228,-120.44511,338.16,0.45,0.39,2023-08-17,2102,N20,VIIRS,l,2,308.24,11.19,D,0
50.41382,-120.43159,367,0.45,0.39,2023-08-17,2102,N20,VIIRS,h,2,355.95,230.48,D,0
50.41603,-120.41212,342.1,0.45,0.39,2023-08-17,2102,N20,VIIRS,n,2,301.87,9.64,D,0
50.41671,-120.40604,345.94,0.45,0.39,2023-08-17,2102,N20,VIIRS,n,2,303.95,9.64,D,0
50.41735,-120.43264,353.04,0.45,0.39,2023-08-17,2102,N20,VIIRS,n,2,308.08,230.48,D,0
50.41861,-120.45355,345.9,0.45,0.39,2023-08-17,2102,N20,VIIRS,n,2,310.75,25.81,D,0
50.42344,-120.47514,337.49,0.45,0.39,2023-08-17,2102,N20,VIIRS,n,2,302.02,4.73,D,0
50.42622,-120.48261,343.06,0.45,0.39,2023-08-17,2102,N20,VIIRS,n,2,308.81,4.73,D,0
50.42696,-120.47617,334.71,0.45,0.39,2023-08-17,2102,N20,VIIRS,n,2,300.87,4.73,D,0
50.46825,-120.4344,336.1,0.45,0.39,2023-08-17,2102,N20,VIIRS,n,2,304.61,4.26,D,0
50.53477,-120.41515,341.38,0.45,0.39,2023-08-17,2102,N20,VIIRS,l,2,312.73,9.78,D,0
50.94088,-119.55298,339.25,0.48,0.4,2023-08-17,2102,N20,VIIRS,n,2,301.96,11.41,D,0
50.94101,-119.58794,339.46,0.48,0.4,2023-08-17,2102,N20,VIIRS,n,2,303.54,19.71,D,0
50.94115,-119.62251,347.24,0.48,0.4,2023-08-17,2102,N20,VIIRS,n,2,300.79,8.08,D,0
50.94395,-119.59578,345.08,0.48,0.4,2023-08-17,2102,N20,VIIRS,n,2,305.89,31.85,D,0
50.94452,-119.55427,344.42,0.48,0.4,2023-08-17,2102,N20,VIIRS,n,2,301.14,11.41,D,0
50.94464,-119.58914,351.55,0.48,0.4,2023-08-17,2102,N20,VIIRS,n,2,311.08,31.85,D,0
50.94487,-119.62298,335.86,0.48,0.4,2023-08-17,2102,N20,VIIRS,n,2,302.01,8.08,D,0
50.94674,-119.56906,344.43,0.48,0.4,2023-08-17,2102,N20,VIIRS,n,2,304.41,8.49,D,0
50.94744,-119.56241,340.24,0.48,0.4,2023-08-17,2102,N20,VIIRS,n,2,303.46,8.49,D,0
50.94961,-119.54157,339.69,0.49,0.4,2023-08-17,2102,N20,VIIRS,n,2,307.06,21.06,D,0
50.95034,-119.53452,348.03,0.49,0.4,2023-08-17,2102,N20,VIIRS,n,2,302.05,21.06,D,0
50.95103,-119.52801,341.03,0.49,0.4,2023-08-17,2102,N20,VIIRS,n,2,300.71,30.91,D,0
50.95168,-119.52173,338.21,0.49,0.4,2023-08-17,2102,N20,VIIRS,n,2,298.23,30.91,D,0
50.95399,-119.53576,355.63,0.49,0.4,2023-08-17,2102,N20,VIIRS,n,2,304.11,21.06,D,0
50.95597,-119.51669,331.81,0.49,0.4,2023-08-17,2102,N20,VIIRS,n,2,297.84,11.02,D,0
50.95606,-119.55199,344.81,0.49,0.4,2023-08-17,2102,N20,VIIRS,n,2,304.28,12.4,D,0
50.95663,-119.51038,341.49,0.49,0.4,2023-08-17,2102,N20,VIIRS,n,2,299.47,11.02,D,0
50.95729,-119.64787,332.57,0.48,0.4,2023-08-17,2102,N20,VIIRS,n,2,301.85,6.28,D,0
50.95795,-119.64159,332.57,0.48,0.4,2023-08-17,2102,N20,VIIRS,n,2,299.92,5.83,D,0
50.95894,-119.52444,342.81,0.49,0.4,2023-08-17,2102,N20,VIIRS,n,2,308.87,12.45,D,0
50.95898,-119.56018,353.02,0.48,0.4,2023-08-17,2102,N20,VIIRS,n,2,311.72,12.4,D,0
50.95961,-119.51805,339.87,0.49,0.4,2023-08-17,2102,N20,VIIRS,n,2,299.18,11.25,D,0
50.96092,-119.64916,333.09,0.48,0.4,2023-08-17,2102,N20,VIIRS,n,2,299.42,5.49,D,0
50.96191,-119.56815,342.75,0.48,0.4,2023-08-17,2102,N20,VIIRS,l,2,313.71,11.23,D,0
50.96255,-119.52602,348.73,0.49,0.4,2023-08-17,2102,N20,VIIRS,n,2,308.85,12.45,D,0
50.96324,-119.51942,344.99,0.49,0.4,2023-08-17,2102,N20,VIIRS,n,2,298.24,11.25,D,0
50.97861,-119.72998,334.49,0.48,0.4,2023-08-17,2102,N20,VIIRS,n,2,297.68,5.25,D,0
50.98622,-119.48048,346.3,0.49,0.4,2023-08-17,2102,N20,VIIRS,n,2,298.87,13.83,D,0
50.99365,-119.82751,334.32,0.48,0.4,2023-08-17,2102,N20,VIIRS,n,2,302.13,6.52,D,0
50.99434,-119.821,333.44,0.48,0.4,2023-08-17,2102,N20,VIIRS,n,2,299.27,6.52,D,0
50.99725,-119.82883,336.57,0.48,0.4,2023-08-17,2102,N20,VIIRS,n,2,300.22,8.73,D,0
51.00686,-119.55576,340.13,0.49,0.4,2023-08-17,2102,N20,VIIRS,n,2,298.08,11.45,D,0
51.00979,-119.56398,351.23,0.49,0.4,2023-08-17,2102,N20,VIIRS,n,2,302.01,68.26,D,0
51.0128,-119.57136,340.47,0.49,0.4,2023-08-17,2102,N20,VIIRS,n,2,304.14,68.26,D,0
51.01651,-119.57193,352.38,0.49,0.4,2023-08-17,2102,N20,VIIRS,n,2,302.48,52.11,D,0
51.0187,-119.80289,336.07,0.48,0.4,2023-08-17,2102,N20,VIIRS,n,2,297.19,3.59,D,0
51.01902,-119.58408,335.99,0.48,0.4,2023-08-17,2102,N20,VIIRS,n,2,298.2,6.28,D,0
51.01961,-119.57838,338.22,0.49,0.4,2023-08-17,2102,N20,VIIRS,n,2,297.89,6.28,D,0
51.02021,-119.5725,335.11,0.49,0.4,2023-08-17,2102,N20,VIIRS,n,2,296.2,52.11,D,0
51.02443,-119.7841,337.17,0.48,0.4,2023-08-17,2102,N20,VIIRS,n,2,305.11,24.56,D,0
51.02473,-119.60179,354.51,0.48,0.4,2023-08-17,2102,N20,VIIRS,n,2,302,87.87,D,0
51.02909,-119.59601,354.71,0.48,0.4,2023-08-17,2102,N20,VIIRS,n,2,300.77,31.8,D,0
51.03251,-119.77849,334.31,0.48,0.4,2023-08-17,2102,N20,VIIRS,n,2,300.74,81.38,D,0
51.03617,-119.77932,367,0.48,0.4,2023-08-17,2102,N20,VIIRS,l,2,325.95,81.38,D,0
51.07974,-119.68756,331.48,0.48,0.4,2023-08-17,2102,N20,VIIRS,n,2,298.06,4.59,D,0
51.08148,-119.70679,334.74,0.48,0.4,2023-08-17,2102,N20,VIIRS,n,2,296.21,5.26,D,3
51.08215,-119.70045,339.36,0.48,0.4,2023-08-17,2102,N20,VIIRS,n,2,297.78,5.26,D,0
51.08343,-119.68832,331.41,0.48,0.4,2023-08-17,2102,N20,VIIRS,n,2,296.71,4.59,D,0
51.09095,-119.65257,329.19,0.48,0.4,2023-08-17,2102,N20,VIIRS,n,2,293.45,2.02,D,0
51.09255,-118.33509,334.62,0.54,0.42,2023-08-17,2102,N20,VIIRS,n,2,300.13,7.44,D,0
51.09727,-118.32703,330.67,0.54,0.42,2023-08-17,2102,N20,VIIRS,n,2,294.8,4.6,D,0
51.11137,-118.34422,327.85,0.54,0.42,2023-08-17,2102,N20,VIIRS,n,2,294.58,4.61,D,0
51.45938,-119.70907,348.42,0.49,0.4,2023-08-17,2103,N20,VIIRS,n,2,293.17,9.94,D,0
51.51173,-117.52432,367,0.39,0.44,2023-08-17,2103,N20,VIIRS,h,2,302.62,13.73,D,0
51.51198,-117.52835,338.79,0.39,0.44,2023-08-17,2103,N20,VIIRS,n,2,299.54,5.94,D,0
51.51244,-117.52279,353.24,0.39,0.44,2023-08-17,2103,N20,VIIRS,n,2,300.8,9.94,D,0
49.88647,-119.58328,344.8,0.63,0.54,2023-08-18,0915,N20,VIIRS,n,2,306.98,73.26,N,0
49.88683,-119.59101,354.38,0.63,0.54,2023-08-18,0915,N20,VIIRS,n,2,297.5,73.26,N,0
49.88717,-119.59813,304.3,0.63,0.54,2023-08-18,0915,N20,VIIRS,n,2,292.23,6.39,N,0
49.89064,-119.5651,343.85,0.62,0.54,2023-08-18,0915,N20,VIIRS,n,2,302.34,103.1,N,0
49.89103,-119.57336,346.61,0.63,0.54,2023-08-18,0915,N20,VIIRS,n,2,307.95,103.1,N,0
49.89141,-119.58135,367,0.63,0.54,2023-08-18,0915,N20,VIIRS,h,2,348,181.31,N,0
49.8918,-119.58968,367,0.63,0.54,2023-08-18,0915,N20,VIIRS,h,2,332.15,181.31,N,0
49.89214,-119.59692,355.24,0.63,0.54,2023-08-18,0915,N20,VIIRS,n,2,305.31,99.29,N,0
49.89247,-119.60366,314.63,0.63,0.54,2023-08-18,0915,N20,VIIRS,n,2,291.44,99.29,N,0
49.89279,-119.61047,305.79,0.63,0.54,2023-08-18,0915,N20,VIIRS,n,2,289.9,202.16,N,0
49.89491,-119.54935,309.58,0.62,0.54,2023-08-18,0915,N20,VIIRS,n,2,293.7,30.88,N,0
49.89524,-119.55626,335.59,0.62,0.54,2023-08-18,0915,N20,VIIRS,n,2,303.42,30.88,N,0
49.89562,-119.56426,334.26,0.62,0.54,2023-08-18,0915,N20,VIIRS,n,2,328.89,103.1,N,0
49.896,-119.57223,343.6,0.63,0.54,2023-08-18,0915,N20,VIIRS,n,2,313.04,103.1,N,0
49.89634,-119.5794,345.97,0.63,0.54,2023-08-18,0915,N20,VIIRS,n,2,316.4,181.31,N,0
49.89676,-119.58816,346.47,0.63,0.54,2023-08-18,0915,N20,VIIRS,n,2,316.6,181.31,N,0
49.89714,-119.59611,347.48,0.63,0.54,2023-08-18,0915,N20,VIIRS,n,2,318.95,99.29,N,0
49.89746,-119.60304,367,0.63,0.54,2023-08-18,0915,N20,VIIRS,h,2,325.46,99.29,N,0
49.89814,-119.61732,367,0.63,0.54,2023-08-18,0915,N20,VIIRS,h,2,302.37,202.16,N,0
49.8985,-119.62476,327.22,0.63,0.54,2023-08-18,0915,N20,VIIRS,n,2,317.07,177.26,N,0
49.89879,-119.52567,304.47,0.62,0.54,2023-08-18,0915,N20,VIIRS,n,2,289.57,4.11,N,3
49.89886,-119.63257,345.19,0.63,0.54,2023-08-18,0915,N20,VIIRS,n,2,314.05,177.26,N,0
49.89919,-119.53413,307.57,0.62,0.54,2023-08-18,0915,N20,VIIRS,n,2,289.9,11.81,N,3
49.89925,-119.64067,302.78,0.63,0.54,2023-08-18,0915,N20,VIIRS,n,2,288.55,6.03,N,0
49.89955,-119.54153,318.77,0.62,0.54,2023-08-18,0915,N20,VIIRS,n,2,293.26,11.81,N,0
49.89988,-119.54827,348.07,0.62,0.54,2023-08-18,0915,N20,VIIRS,n,2,296.71,315.58,N,0
49.90022,-119.55537,367,0.62,0.54,2023-08-18,0915,N20,VIIRS,h,2,333.34,315.58,N,0
49.90062,-119.56365,341.22,0.62,0.54,2023-08-18,0915,N20,VIIRS,n,2,310.61,415.71,N,0
49.90097,-119.57089,335.04,0.63,0.54,2023-08-18,0915,N20,VIIRS,n,2,315.3,415.71,N,0
49.90128,-119.57741,344.96,0.63,0.54,2023-08-18,0915,N20,VIIRS,n,2,315.07,116.97,N,0
49.9017,-119.5862,354.41,0.63,0.54,2023-08-18,0915,N20,VIIRS,n,2,306.77,116.97,N,0
49.90216,-119.59586,355.92,0.63,0.54,2023-08-18,0915,N20,VIIRS,n,2,307.99,46.73,N,0
49.90252,-119.60343,350.72,0.63,0.54,2023-08-18,0915,N20,VIIRS,n,2,312.43,46.73,N,0
49.90287,-119.61087,351.16,0.63,0.54,2023-08-18,0915,N20,VIIRS,n,2,315.58,53.52,N,0
49.90293,-119.50755,304.32,0.62,0.54,2023-08-18,0915,N20,VIIRS,n,2,290.3,8.94,N,3
49.90323,-119.61835,367,0.63,0.54,2023-08-18,0915,N20,VIIRS,h,2,306.36,53.52,N,0
49.90335,-119.51632,309.25,0.62,0.54,2023-08-18,0915,N20,VIIRS,n,2,289.92,4.11,N,3
49.90358,-119.62585,355.16,0.63,0.54,2023-08-18,0915,N20,VIIRS,n,2,308.2,33.8,N,0
49.90377,-119.52506,316.38,0.62,0.54,2023-08-18,0915,N20,VIIRS,n,2,289.29,4.11,N,3
49.90394,-119.63323,352.56,0.63,0.54,2023-08-18,0915,N20,VIIRS,n,2,310.61,33.8,N,0
49.90418,-119.53341,326.78,0.62,0.54,2023-08-18,0915,N20,VIIRS,n,2,289.44,11.81,N,3
49.90428,-119.64046,348.5,0.63,0.54,2023-08-18,0915,N20,VIIRS,n,2,293.85,13.89,N,0
49.90453,-119.54062,349.52,0.62,0.54,2023-08-18,0915,N20,VIIRS,n,2,292.13,11.81,N,0
49.90463,-119.64802,323.84,0.63,0.54,2023-08-18,0915,N20,VIIRS,n,2,289.34,13.89,N,0
49.90485,-119.5471,324.69,0.62,0.54,2023-08-18,0915,N20,VIIRS,n,2,304.8,315.58,N,0
49.90562,-119.56324,367,0.62,0.54,2023-08-18,0915,N20,VIIRS,h,2,334,415.71,N,0
49.90624,-119.57599,340.35,0.63,0.54,2023-08-18,0915,N20,VIIRS,n,2,327.15,116.97,N,0
49.90661,-119.58373,353.25,0.63,0.54,2023-08-18,0915,N20,VIIRS,n,2,310.16,116.97,N,0
49.90714,-119.59485,367,0.63,0.54,2023-08-18,0915,N20,VIIRS,h,2,302.33,46.73,N,0
49.90747,-119.49797,301.73,0.62,0.54,2023-08-18,0915,N20,VIIRS,n,2,288.51,2.92,N,3
49.90753,-119.60298,367,0.63,0.54,2023-08-18,0915,N20,VIIRS,h,2,303.16,46.73,N,0
49.90788,-119.61033,355.9,0.63,0.54,2023-08-18,0915,N20,VIIRS,n,2,311.23,53.52,N,0
49.90791,-119.50694,306.17,0.62,0.54,2023-08-18,0915,N20,VIIRS,n,2,287.94,2.92,N,3
49.90822,-119.61747,343.57,0.63,0.54,2023-08-18,0915,N20,VIIRS,n,2,299.23,53.52,N,0
49.90857,-119.62483,336.36,0.63,0.54,2023-08-18,0915,N20,VIIRS,n,2,293.87,33.8,N,0
49.90894,-119.6325,316.3,0.63,0.54,2023-08-18,0915,N20,VIIRS,n,2,291.41,33.8,N,0
49.90929,-119.63988,305.88,0.63,0.54,2023-08-18,0915,N20,VIIRS,n,2,289.92,13.89,N,0
49.90951,-119.53979,352.89,0.62,0.54,2023-08-18,0915,N20,VIIRS,n,2,292.95,51.91,N,0
49.90963,-119.64705,331.71,0.63,0.54,2023-08-18,0915,N20,VIIRS,n,2,296.38,13.89,N,0
49.91001,-119.65505,339.24,0.63,0.54,2023-08-18,0915,N20,VIIRS,n,2,290.36,22.33,N,0
49.91121,-119.57478,352.3,0.63,0.54,2023-08-18,0915,N20,VIIRS,n,2,309.4,63.42,N,0
49.91153,-119.58147,347.52,0.63,0.54,2023-08-18,0915,N20,VIIRS,n,2,295.22,63.42,N,0
49.91207,-119.59269,322.86,0.63,0.54,2023-08-18,0915,N20,VIIRS,n,2,293.41,5.22,N,0
49.91252,-119.60198,323.93,0.63,0.54,2023-08-18,0915,N20,VIIRS,n,2,294.86,5.22,N,0
49.91287,-119.60934,349.69,0.63,0.54,2023-08-18,0915,N20,VIIRS,n,2,297.76,4.93,N,0
49.9129,-119.5063,305.61,0.62,0.54,2023-08-18,0915,N20,VIIRS,n,2,288.11,2.92,N,3
49.9132,-119.61624,310.21,0.63,0.54,2023-08-18,0915,N20,VIIRS,n,2,290.78,4.93,N,0
49.91355,-119.62344,314.25,0.63,0.54,2023-08-18,0915,N20,VIIRS,n,2,290.22,1.99,N,0
49.91392,-119.63126,307.17,0.63,0.54,2023-08-18,0915,N20,VIIRS,n,2,290.59,1.99,N,0
49.91429,-119.63896,305.88,0.63,0.54,2023-08-18,0915,N20,VIIRS,n,2,290.31,6.12,N,0
49.91449,-119.53893,356.08,0.62,0.54,2023-08-18,0915,N20,VIIRS,n,2,292.08,51.91,N,0
49.91463,-119.64621,320.85,0.63,0.54,2023-08-18,0915,N20,VIIRS,n,2,291.43,6.12,N,0
49.91501,-119.65411,337.65,0.63,0.54,2023-08-18,0915,N20,VIIRS,n,2,290.08,11.5,N,0
49.91521,-119.55365,339.32,0.62,0.54,2023-08-18,0915,N20,VIIRS,n,2,306.9,1337.99,N,0
49.91558,-119.56127,344.41,0.62,0.54,2023-08-18,0915,N20,VIIRS,n,2,297.81,769.92,N,0
49.91589,-119.56767,351.25,0.63,0.54,2023-08-18,0915,N20,VIIRS,n,2,295.77,769.92,N,0
49.91618,-119.57361,356.38,0.63,0.54,2023-08-18,0915,N20,VIIRS,n,2,293.84,63.42,N,0
49.91649,-119.58011,343.98,0.63,0.54,2023-08-18,0915,N20,VIIRS,n,2,295.49,63.42,N,0
49.91695,-119.58942,322.87,0.63,0.54,2023-08-18,0915,N20,VIIRS,n,2,292.03,5.22,N,0
49.91748,-119.6007,320.12,0.63,0.54,2023-08-18,0915,N20,VIIRS,n,2,294.18,5.22,N,0
49.91788,-119.50569,304.34,0.62,0.54,2023-08-18,0915,N20,VIIRS,n,2,287.56,4.31,N,3
49.91788,-119.60886,315.4,0.63,0.54,2023-08-18,0915,N20,VIIRS,n,2,292.13,4.93,N,0
49.91821,-119.61565,307.11,0.63,0.54,2023-08-18,0915,N20,VIIRS,n,2,289.65,4.93,N,0
49.91853,-119.62225,310.44,0.63,0.54,2023-08-18,0915,N20,VIIRS,n,2,290.38,1.99,N,0
49.91887,-119.62949,306.78,0.63,0.54,2023-08-18,0915,N20,VIIRS,n,2,289.31,1.99,N,0
49.9191,-119.53059,346.36,0.62,0.54,2023-08-18,0915,N20,VIIRS,n,2,290.82,23.16,N,0
49.91925,-119.63743,302.18,0.63,0.54,2023-08-18,0915,N20,VIIRS,n,2,289.11,6.12,N,0
49.91946,-119.5379,367,0.62,0.54,2023-08-18,0915,N20,VIIRS,h,2,293.01,23.16,N,0
49.91963,-119.64531,344.87,0.63,0.54,2023-08-18,0915,N20,VIIRS,n,2,295.26,6.12,N,0
49.91981,-119.54501,367,0.62,0.54,2023-08-18,0915,N20,VIIRS,h,2,287.89,21.71,N,0
49.92019,-119.55284,367,0.62,0.54,2023-08-18,0915,N20,VIIRS,h,2,286.43,21.71,N,0
49.92054,-119.55991,367,0.62,0.54,2023-08-18,0915,N20,VIIRS,h,2,286.66,19.59,N,0
49.92085,-119.56625,367,0.63,0.54,2023-08-18,0915,N20,VIIRS,h,2,286.47,19.59,N,0
49.92115,-119.57233,351.45,0.63,0.54,2023-08-18,0915,N20,VIIRS,n,2,290.14,11.14,N,0
49.92146,-119.5788,342.71,0.63,0.54,2023-08-18,0915,N20,VIIRS,n,2,296.79,11.14,N,0
49.92185,-119.58681,342.56,0.63,0.54,2023-08-18,0915,N20,VIIRS,n,2,295.29,6.35,N,0
49.92242,-119.59853,314.87,0.63,0.54,2023-08-18,0915,N20,VIIRS,n,2,292.11,6.35,N,0
49.92286,-119.50505,303.61,0.62,0.54,2023-08-18,0915,N20,VIIRS,n,2,286.2,4.31,N,3
49.92289,-119.60824,313.56,0.63,0.54,2023-08-18,0915,N20,VIIRS,n,2,291.52,3.23,N,0
49.92323,-119.61524,316.28,0.63,0.54,2023-08-18,0915,N20,VIIRS,n,2,291.56,3.23,N,0
49.92355,-119.62187,317.15,0.63,0.54,2023-08-18,0915,N20,VIIRS,n,2,291.38,6.09,N,0
49.92368,-119.52155,328.06,0.62,0.54,2023-08-18,0915,N20,VIIRS,n,2,289.68,19.56,N,0
49.92389,-119.62894,316.51,0.63,0.54,2023-08-18,0915,N20,VIIRS,n,2,291.93,6.09,N,0
49.92405,-119.52921,347.01,0.62,0.54,2023-08-18,0915,N20,VIIRS,n,2,290.44,23.16,N,0
49.92426,-119.63673,321.41,0.63,0.54,2023-08-18,0915,N20,VIIRS,n,2,292.2,23.68,N,0
49.92443,-119.53687,334.99,0.62,0.54,2023-08-18,0915,N20,VIIRS,n,2,287.98,23.16,N,0
49.92465,-119.64479,353.28,0.63,0.54,2023-08-18,0915,N20,VIIRS,n,2,306.78,23.68,N,0
49.9248,-119.54436,339.17,0.62,0.54,2023-08-18,0915,N20,VIIRS,n,2,284.88,21.71,N,0
49.92505,-119.65321,305.67,0.63,0.54,2023-08-18,0915,N20,VIIRS,n,2,287.28,14.27,N,0
49.92517,-119.55177,341.99,0.62,0.54,2023-08-18,0915,N20,VIIRS,n,2,284.5,21.71,N,0
49.92549,-119.55845,344.15,0.62,0.54,2023-08-18,0915,N20,VIIRS,n,2,285.73,19.59,N,0
49.92579,-119.56454,339.83,0.63,0.54,2023-08-18,0915,N20,VIIRS,n,2,285.14,19.59,N,0
49.92609,-119.57062,333.68,0.63,0.54,2023-08-18,0915,N20,VIIRS,n,2,291.65,11.14,N,0
49.92641,-119.57724,334.81,0.63,0.54,2023-08-18,0915,N20,VIIRS,n,2,294.15,11.14,N,0
49.92679,-119.58492,338.42,0.63,0.54,2023-08-18,0915,N20,VIIRS,n,2,295.27,6.35,N,0
49.92731,-119.59563,314.34,0.63,0.54,2023-08-18,0915,N20,VIIRS,n,2,290.39,6.35,N,0
49.92784,-119.50433,302.56,0.62,0.54,2023-08-18,0915,N20,VIIRS,n,2,286.04,5.68,N,0
49.92786,-119.60708,314.11,0.63,0.54,2023-08-18,0915,N20,VIIRS,n,2,291.81,3.23,N,0
49.92824,-119.51237,319.44,0.62,0.54,2023-08-18,0915,N20,VIIRS,n,2,287.65,3.57,N,0
49.92824,-119.61489,319.26,0.63,0.54,2023-08-18,0915,N20,VIIRS,n,2,292.26,3.23,N,0
49.92858,-119.62184,322.16,0.63,0.54,2023-08-18,0915,N20,VIIRS,n,2,293.95,6.09,N,0
49.92862,-119.52003,317.96,0.62,0.54,2023-08-18,0915,N20,VIIRS,n,2,287.45,3.57,N,0
49.92892,-119.62896,347.89,0.63,0.54,2023-08-18,0915,N20,VIIRS,n,2,295.32,6.09,N,0
49.929,-119.52768,320.34,0.62,0.54,2023-08-18,0915,N20,VIIRS,n,2,287.45,4.33,N,0
49.92929,-119.63651,318.68,0.63,0.54,2023-08-18,0915,N20,VIIRS,n,2,289.58,23.68,N,0
49.9294,-119.53581,321.03,0.62,0.54,2023-08-18,0915,N20,VIIRS,n,2,286.43,4.33,N,0
49.92978,-119.5435,323.7,0.62,0.54,2023-08-18,0915,N20,VIIRS,n,2,284.66,4.88,N,0
49.93013,-119.55059,324.32,0.62,0.54,2023-08-18,0915,N20,VIIRS,n,2,282.76,4.88,N,0
49.93045,-119.557,325.62,0.62,0.54,2023-08-18,0915,N20,VIIRS,n,2,280.98,4.76,N,0
49.93074,-119.56288,320.41,0.63,0.54,2023-08-18,0915,N20,VIIRS,n,2,279.27,4.76,N,0
49.93104,-119.56902,325.7,0.63,0.54,2023-08-18,0915,N20,VIIRS,n,2,288.47,4.84,N,0
49.93136,-119.57568,328.19,0.63,0.54,2023-08-18,0915,N20,VIIRS,n,2,292.53,4.84,N,0
49.93174,-119.58339,320.78,0.63,0.54,2023-08-18,0915,N20,VIIRS,n,2,291.41,5.74,N,0
49.93224,-119.59359,327.13,0.63,0.54,2023-08-18,0915,N20,VIIRS,n,2,291.78,5.74,N,0
49.93281,-119.60523,313.06,0.63,0.54,2023-08-18,0915,N20,VIIRS,n,2,290.94,6.68,N,0
49.93319,-119.51096,312.33,0.62,0.54,2023-08-18,0915,N20,VIIRS,n,2,284.63,3.57,N,0
49.93321,-119.61349,320.41,0.63,0.54,2023-08-18,0915,N20,VIIRS,n,2,292.95,6.68,N,0
49.93333,-119.51233,312.28,0.62,0.54,2023-08-18,0915,N20,VIIRS,n,2,284,5.42,N,0
49.93356,-119.51848,314.57,0.62,0.54,2023-08-18,0915,N20,VIIRS,n,2,284.32,3.57,N,0
49.93357,-119.62091,331.81,0.63,0.54,2023-08-18,0915,N20,VIIRS,n,2,294.19,8.24,N,0
49.93368,-119.51991,314.78,0.62,0.54,2023-08-18,0915,N20,VIIRS,n,2,284,3.66,N,0
49.93393,-119.62828,343.39,0.63,0.54,2023-08-18,0915,N20,VIIRS,n,2,293.77,8.24,N,0
49.93395,-119.52643,319.78,0.62,0.54,2023-08-18,0915,N20,VIIRS,n,2,286.21,4.33,N,0
49.93404,-119.52798,319.19,0.62,0.54,2023-08-18,0915,N20,VIIRS,n,2,285.65,3.66,N,0
49.93438,-119.53491,317.35,0.62,0.54,2023-08-18,0915,N20,VIIRS,n,2,285.11,4.33,N,0
49.93442,-119.53651,316.67,0.62,0.54,2023-08-18,0915,N20,VIIRS,n,2,283.67,3.48,N,0
49.93475,-119.54247,317.8,0.62,0.54,2023-08-18,0915,N20,VIIRS,n,2,281.52,4.88,N,0
49.93475,-119.54379,317.01,0.62,0.54,2023-08-18,0915,N20,VIIRS,n,2,280.32,3.48,N,0
49.93505,-119.55037,316.62,0.62,0.54,2023-08-18,0915,N20,VIIRS,n,2,279.32,4.16,N,0
49.93508,-119.54916,317.25,0.62,0.54,2023-08-18,0915,N20,VIIRS,n,2,279.77,4.88,N,0
49.93534,-119.55648,317.55,0.63,0.54,2023-08-18,0915,N20,VIIRS,n,2,279.38,4.16,N,0
49.93537,-119.45467,303.04,0.62,0.54,2023-08-18,0915,N20,VIIRS,n,2,286.45,3.07,N,0
49.93539,-119.55532,317.9,0.62,0.54,2023-08-18,0915,N20,VIIRS,n,2,279.6,4.76,N,0
49.93561,-119.56238,315.09,0.63,0.54,2023-08-18,0915,N20,VIIRS,n,2,276.86,3.68,N,0
49.93568,-119.56126,316.84,0.63,0.54,2023-08-18,0915,N20,VIIRS,n,2,277.48,4.76,N,0
49.93583,-119.45639,306.71,0.62,0.54,2023-08-18,0915,N20,VIIRS,n,2,285.9,3.72,N,0
49.93591,-119.56891,310.45,0.63,0.54,2023-08-18,0915,N20,VIIRS,n,2,282.37,3.68,N,0
49.93598,-119.46677,302.29,0.62,0.54,2023-08-18,0915,N20,VIIRS,n,2,285.64,3.07,N,3
49.93599,-119.5676,305.85,0.63,0.54,2023-08-18,0915,N20,VIIRS,n,2,278.82,4.84,N,0
49.93623,-119.57597,327.4,0.63,0.54,2023-08-18,0915,N20,VIIRS,n,2,292.28,5.37,N,0
49.93634,-119.57449,327.06,0.63,0.54,2023-08-18,0915,N20,VIIRS,n,2,292.51,4.84,N,0
49.93658,-119.58399,328.88,0.63,0.54,2023-08-18,0915,N20,VIIRS,n,2,293.16,5.37,N,0
49.93671,-119.58218,327.49,0.63,0.54,2023-08-18,0915,N20,VIIRS,n,2,292.95,5.74,N,0
49.93705,-119.59457,326.45,0.63,0.54,2023-08-18,0915,N20,VIIRS,n,2,292.41,8.16,N,0
49.9372,-119.59219,328,0.63,0.54,2023-08-18,0915,N20,VIIRS,n,2,292.81,5.74,N,0
49.93737,-119.49448,304,0.62,0.54,2023-08-18,0915,N20,VIIRS,n,2,283.85,2.64,N,3
49.9375,-119.60519,327.14,0.63,0.54,2023-08-18,0915,N20,VIIRS,n,2,293.69,8.16,N,0
49.93775,-119.60326,328.06,0.63,0.54,2023-08-18,0915,N20,VIIRS,n,2,293.45,6.68,N,0
49.93777,-119.50241,319.8,0.62,0.54,2023-08-18,0915,N20,VIIRS,n,2,284.06,2.64,N,0
49.93787,-119.61335,348.99,0.63,0.54,2023-08-18,0915,N20,VIIRS,n,2,296.21,8.86,N,0
49.93796,-119.50368,325.69,0.62,0.54,2023-08-18,0915,N20,VIIRS,n,2,284.14,5.42,N,0
49.93813,-119.50948,330.9,0.62,0.54,2023-08-18,0915,N20,VIIRS,n,2,284.67,4.98,N,0
49.93816,-119.61166,347.65,0.63,0.54,2023-08-18,0915,N20,VIIRS,n,2,296.45,6.68,N,0
49.93821,-119.62116,318.9,0.63,0.54,2023-08-18,0915,N20,VIIRS,n,2,289.63,8.86,N,0
49.93828,-119.51073,326.34,0.62,0.54,2023-08-18,0915,N20,VIIRS,n,2,284.73,5.42,N,0
49.93848,-119.51659,317.45,0.62,0.54,2023-08-18,0915,N20,VIIRS,n,2,285.39,4.98,N,0
49.93854,-119.61949,326.87,0.63,0.54,2023-08-18,0915,N20,VIIRS,n,2,290.21,8.24,N,0
49.93861,-119.51791,317.25,0.62,0.54,2023-08-18,0915,N20,VIIRS,n,2,285.36,3.66,N,0
49.93888,-119.52455,313.79,0.62,0.54,2023-08-18,0915,N20,VIIRS,n,2,282.14,3.8,N,0
49.93898,-119.52617,313.5,0.62,0.54,2023-08-18,0915,N20,VIIRS,n,2,282.01,3.66,N,0
49.93932,-119.53354,313.74,0.62,0.54,2023-08-18,0915,N20,VIIRS,n,2,279.39,3.8,N,0
49.93939,-119.53526,313.06,0.62,0.54,2023-08-18,0915,N20,VIIRS,n,2,278.51,3.48,N,0
49.93974,-119.54174,312.43,0.62,0.54,2023-08-18,0915,N20,VIIRS,n,2,278.37,3.93,N,0
49.93975,-119.54313,309.99,0.62,0.54,2023-08-18,0915,N20,VIIRS,n,2,277.63,3.48,N,0
49.93995,-119.44643,302.08,0.62,0.54,2023-08-18,0915,N20,VIIRS,n,2,282.81,3.16,N,0
49.94006,-119.54985,316.12,0.62,0.54,2023-08-18,0915,N20,VIIRS,n,2,278.46,4.16,N,0
49.94008,-119.54868,316.48,0.62,0.54,2023-08-18,0915,N20,VIIRS,n,2,278.96,3.93,N,0
49.94034,-119.55603,318.78,0.63,0.54,2023-08-18,0915,N20,VIIRS,n,2,281.01,4.16,N,0
49.94035,-119.45413,333.83,0.62,0.54,2023-08-18,0915,N20,VIIRS,n,2,285.57,3.07,N,0
49.94039,-119.55489,318.44,0.62,0.54,2023-08-18,0915,N20,VIIRS,n,2,280.56,4.46,N,0
49.94043,-119.44765,306.91,0.62,0.54,2023-08-18,0915,N20,VIIRS,n,2,282.93,7.69,N,0
49.94062,-119.56212,318.31,0.63,0.54,2023-08-18,0915,N20,VIIRS,n,2,280.46,3.68,N,0
49.94069,-119.56101,318.64,0.63,0.54,2023-08-18,0915,N20,VIIRS,n,2,280.14,4.46,N,0
49.94081,-119.45601,333.11,0.62,0.54,2023-08-18,0915,N20,VIIRS,n,2,285.11,7.69,N,0
49.94094,-119.56927,321.08,0.63,0.54,2023-08-18,0915,N20,VIIRS,n,2,289.09,3.68,N,0
49.94098,-119.46658,311.16,0.62,0.54,2023-08-18,0915,N20,VIIRS,n,2,284.2,3.07,N,0
49.94104,-119.5679,318.71,0.63,0.54,2023-08-18,0915,N20,VIIRS,n,2,286.6,3.22,N,0
49.94128,-119.57667,314.27,0.63,0.54,2023-08-18,0915,N20,VIIRS,n,2,291.6,5.37,N,0
49.94137,-119.46852,309.26,0.62,0.54,2023-08-18,0915,N20,VIIRS,n,2,283.3,2.46,N,3
49.9414,-119.57532,315.77,0.63,0.54,2023-08-18,0915,N20,VIIRS,n,2,291.33,3.22,N,0
49.94147,-119.47637,305.12,0.62,0.54,2023-08-18,0915,N20,VIIRS,n,2,284.36,2.61,N,3
49.94162,-119.58425,327.34,0.63,0.54,2023-08-18,0915,N20,VIIRS,n,2,293.79,5.37,N,0
49.94177,-119.58286,321.35,0.63,0.54,2023-08-18,0915,N20,VIIRS,n,2,292.58,7.6,N,0
49.9418,-119.47792,304.86,0.62,0.54,2023-08-18,0915,N20,VIIRS,n,2,283.68,2.46,N,3
49.94191,-119.48516,303.4,0.62,0.54,2023-08-18,0915,N20,VIIRS,n,2,283.51,2.61,N,3
49.94202,-119.59332,332.2,0.63,0.54,2023-08-18,0915,N20,VIIRS,n,2,294.73,8.16,N,0
49.94219,-119.48669,303.11,0.62,0.54,2023-08-18,0915,N20,VIIRS,n,2,283.12,1.9,N,3
49.94219,-119.59123,333.49,0.63,0.54,2023-08-18,0915,N20,VIIRS,n,2,294.66,7.6,N,0
49.94235,-119.49375,304.5,0.62,0.54,2023-08-18,0915,N20,VIIRS,n,2,282.92,2.64,N,3
49.94246,-119.60336,348.41,0.63,0.54,2023-08-18,0915,N20,VIIRS,n,2,298.66,8.16,N,0
49.94258,-119.49512,305.51,0.62,0.54,2023-08-18,0915,N20,VIIRS,n,2,282.65,1.9,N,3
49.94269,-121.28068,300.98,0.37,0.58,2023-08-18,0915,N20,VIIRS,n,2,282.73,0.7,N,0
49.9427,-119.60148,347.01,0.63,0.54,2023-08-18,0915,N20,VIIRS,n,2,297.72,15.1,N,0
49.94273,-119.50121,312.34,0.62,0.54,2023-08-18,0915,N20,VIIRS,n,2,283.19,2.64,N,0
49.94283,-119.61156,326.07,0.63,0.54,2023-08-18,0915,N20,VIIRS,n,2,290.86,8.86,N,0
49.94283,-121.28507,299.64,0.37,0.58,2023-08-18,0915,N20,VIIRS,n,2,281.64,0.7,N,0
49.94292,-119.50243,312.38,0.62,0.54,2023-08-18,0915,N20,VIIRS,n,2,283.26,3.63,N,0
49.94307,-119.50793,317.9,0.62,0.54,2023-08-18,0915,N20,VIIRS,n,2,284.46,4.98,N,0
49.94311,-119.60995,333.24,0.63,0.54,2023-08-18,0915,N20,VIIRS,n,2,292.39,15.1,N,0
49.94323,-119.50906,319.71,0.62,0.54,2023-08-18,0915,N20,VIIRS,n,2,284.6,3.63,N,0
49.94339,-119.51451,328.61,0.62,0.54,2023-08-18,0915,N20,VIIRS,n,2,287.89,4.98,N,0
49.94353,-119.5157,328.83,0.62,0.54,2023-08-18,0915,N20,VIIRS,n,2,287.66,6.7,N,0
49.94375,-119.52164,325.32,0.62,0.54,2023-08-18,0915,N20,VIIRS,n,2,287.43,3.8,N,0
49.94387,-119.52319,323.88,0.62,0.54,2023-08-18,0915,N20,VIIRS,n,2,287.34,6.7,N,0
49.94421,-119.5308,318.62,0.62,0.54,2023-08-18,0915,N20,VIIRS,n,2,283.67,3.8,N,0
49.9443,-119.53275,319.21,0.62,0.54,2023-08-18,0915,N20,VIIRS,n,2,285.11,6.18,N,0
49.94472,-119.54096,318.69,0.62,0.54,2023-08-18,0915,N20,VIIRS,n,2,282.17,3.93,N,0
49.94475,-119.54275,321.67,0.62,0.54,2023-08-18,0915,N20,VIIRS,n,2,283.77,6.18,N,0
49.94492,-119.44563,311.73,0.62,0.54,2023-08-18,0915,N20,VIIRS,n,2,283.46,5.35,N,0
49.94509,-119.55025,323.32,0.62,0.54,2023-08-18,0915,N20,VIIRS,n,2,279.46,5.76,N,0
49.94512,-119.54902,323.64,0.62,0.54,2023-08-18,0915,N20,VIIRS,n,2,278.89,3.93,N,0
49.94533,-119.45383,348.68,0.62,0.54,2023-08-18,0915,N20,VIIRS,n,2,288.39,13.73,N,0
49.94538,-119.55669,322.02,0.63,0.54,2023-08-18,0915,N20,VIIRS,n,2,284.14,5.76,N,0
49.94539,-119.44689,323.47,0.62,0.54,2023-08-18,0915,N20,VIIRS,n,2,284.38,7.69,N,0
49.94545,-119.55552,322.54,0.62,0.54,2023-08-18,0915,N20,VIIRS,n,2,283.73,4.46,N,0
49.94569,-119.5632,322.22,0.63,0.54,2023-08-18,0915,N20,VIIRS,n,2,282.88,4.2,N,0
49.94577,-119.56194,322.5,0.63,0.54,2023-08-18,0915,N20,VIIRS,n,2,282.33,4.46,N,0
49.9458,-119.4557,347.55,0.62,0.54,2023-08-18,0915,N20,VIIRS,n,2,288.17,7.69,N,0
49.94603,-119.57067,313.56,0.63,0.54,2023-08-18,0915,N20,VIIRS,n,2,288.11,4.2,N,0
49.94613,-119.56929,315.34,0.63,0.54,2023-08-18,0915,N20,VIIRS,n,2,286.92,3.22,N,0
49.94635,-119.46796,311.54,0.62,0.54,2023-08-18,0915,N20,VIIRS,n,2,283.75,2.46,N,3
49.94636,-119.57796,307.37,0.63,0.54,2023-08-18,0915,N20,VIIRS,n,2,291.77,6.37,N,0
49.9465,-119.57672,307.27,0.63,0.54,2023-08-18,0915,N20,VIIRS,n,2,291.83,3.22,N,0
49.94667,-119.58462,323.63,0.63,0.54,2023-08-18,0915,N20,VIIRS,n,2,295.19,6.37,N,0
49.94678,-119.4773,305.85,0.62,0.54,2023-08-18,0915,N20,VIIRS,n,2,284.28,2.46,N,3
49.94683,-119.58335,319.27,0.63,0.54,2023-08-18,0915,N20,VIIRS,n,2,294.42,7.6,N,0
49.94701,-119.59231,345.13,0.63,0.54,2023-08-18,0915,N20,VIIRS,n,2,297.54,25.51,N,0
49.94717,-119.48606,304.82,0.62,0.54,2023-08-18,0915,N20,VIIRS,n,2,283.22,1.9,N,3
49.94718,-119.59051,343.66,0.63,0.54,2023-08-18,0915,N20,VIIRS,n,2,296.77,7.6,N,0
49.94732,-119.49292,305.95,0.62,0.54,2023-08-18,0915,N20,VIIRS,n,2,283.21,3.39,N,0
49.94743,-119.60178,355.77,0.63,0.54,2023-08-18,0915,N20,VIIRS,n,2,297,25.51,N,0
49.94755,-119.49426,306.71,0.62,0.54,2023-08-18,0915,N20,VIIRS,n,2,283.46,1.9,N,0
49.94765,-119.59995,367,0.63,0.54,2023-08-18,0915,N20,VIIRS,h,2,299.18,15.1,N,0
49.94768,-119.50003,311.57,0.62,0.54,2023-08-18,0915,N20,VIIRS,n,2,282.95,3.39,N,0
49.94788,-119.5012,312.15,0.62,0.54,2023-08-18,0915,N20,VIIRS,n,2,282.68,3.63,N,0
49.94801,-119.50648,315.31,0.62,0.54,2023-08-18,0915,N20,VIIRS,n,2,283.77,4.38,N,0
49.94809,-121.28012,295.08,0.37,0.58,2023-08-18,0915,N20,VIIRS,n,2,282.5,0.48,N,0
49.94818,-119.50759,315.94,0.62,0.54,2023-08-18,0915,N20,VIIRS,n,2,283.61,3.63,N,0
49.94832,-119.51281,323.66,0.62,0.54,2023-08-18,0915,N20,VIIRS,n,2,285.73,4.38,N,0
49.94847,-119.51392,324.53,0.62,0.54,2023-08-18,0915,N20,VIIRS,n,2,285.34,6.7,N,0
49.94866,-119.51945,334.14,0.62,0.54,2023-08-18,0915,N20,VIIRS,n,2,289.07,12.7,N,0
49.94879,-119.52078,335.4,0.62,0.54,2023-08-18,0915,N20,VIIRS,n,2,289.56,6.7,N,0
49.94908,-119.5278,336.09,0.62,0.54,2023-08-18,0915,N20,VIIRS,n,2,288.88,12.7,N,0
49.94919,-119.52954,335.58,0.62,0.54,2023-08-18,0915,N20,VIIRS,n,2,289.61,6.18,N,0
49.9496,-119.53823,327.72,0.62,0.54,2023-08-18,0915,N20,VIIRS,n,2,289.94,12.18,N,0
49.94967,-119.54036,328.03,0.62,0.54,2023-08-18,0915,N20,VIIRS,n,2,291.08,6.18,N,0
49.94987,-119.44473,313.03,0.62,0.54,2023-08-18,0915,N20,VIIRS,n,2,283.91,5.35,N,0
49.95011,-119.55004,334.78,0.62,0.54,2023-08-18,0915,N20,VIIRS,n,2,290.89,5.76,N,0
49.95012,-119.54858,334.37,0.62,0.54,2023-08-18,0915,N20,VIIRS,n,2,289.56,12.18,N,0
49.95033,-119.45361,336.44,0.62,0.54,2023-08-18,0915,N20,VIIRS,n,2,286.4,13.73,N,0
49.95036,-119.44611,324.94,0.62,0.54,2023-08-18,0915,N20,VIIRS,n,2,284.73,4.71,N,0
49.95044,-119.55746,322.35,0.63,0.54,2023-08-18,0915,N20,VIIRS,n,2,290.8,5.76,N,0
49.9505,-119.55619,325.51,0.62,0.54,2023-08-18,0915,N20,VIIRS,n,2,289.99,6.57,N,0
49.95076,-119.56452,320.23,0.63,0.54,2023-08-18,0915,N20,VIIRS,n,2,290.85,4.2,N,0
49.9508,-119.45573,330.24,0.62,0.54,2023-08-18,0915,N20,VIIRS,n,2,285.6,4.71,N,0
49.95086,-119.56326,320.84,0.63,0.54,2023-08-18,0915,N20,VIIRS,n,2,289.8,6.57,N,0
49.9511,-119.57167,322.79,0.63,0.54,2023-08-18,0915,N20,VIIRS,n,2,293.47,4.2,N,0
49.95121,-119.57041,322.44,0.63,0.54,2023-08-18,0915,N20,VIIRS,n,2,292.56,5.77,N,0
49.9514,-119.57839,321.95,0.63,0.54,2023-08-18,0915,N20,VIIRS,n,2,294.27,6.37,N,0
49.95155,-119.5772,322.98,0.63,0.54,2023-08-18,0915,N20,VIIRS,n,2,293.92,5.77,N,0
49.95169,-119.58456,338.26,0.63,0.54,2023-08-18,0915,N20,VIIRS,n,2,298.11,6.37,N,0
49.95186,-119.58335,338.9,0.63,0.54,2023-08-18,0915,N20,VIIRS,n,2,297.72,23.3,N,0
49.95201,-119.5916,352.28,0.63,0.54,2023-08-18,0915,N20,VIIRS,n,2,305.43,25.51,N,0
49.95219,-119.59004,346.44,0.63,0.54,2023-08-18,0915,N20,VIIRS,n,2,301.64,23.3,N,0
49.95229,-119.492,325.64,0.62,0.54,2023-08-18,0915,N20,VIIRS,n,2,282.78,3.39,N,0
49.95241,-119.60046,338.45,0.63,0.54,2023-08-18,0915,N20,VIIRS,n,2,291.49,25.51,N,0
49.95252,-119.4933,329.9,0.62,0.54,2023-08-18,0915,N20,VIIRS,n,2,282.8,13.66,N,0
49.95262,-119.59868,339.59,0.63,0.54,2023-08-18,0915,N20,VIIRS,n,2,293.92,33.61,N,0
49.95264,-119.4989,317.9,0.62,0.54,2023-08-18,0915,N20,VIIRS,n,2,282.34,3.39,N,0
49.95284,-119.49996,316.94,0.62,0.54,2023-08-18,0915,N20,VIIRS,n,2,282.24,4.78,N,0
49.95295,-119.50509,315.16,0.62,0.54,2023-08-18,0915,N20,VIIRS,n,2,280.42,4.38,N,0
49.95312,-119.50616,315.83,0.62,0.54,2023-08-18,0915,N20,VIIRS,n,2,280.54,4.78,N,0
49.95327,-119.51134,323.19,0.62,0.54,2023-08-18,0915,N20,VIIRS,n,2,282.83,4.38,N,0
49.95342,-119.51245,323.86,0.62,0.54,2023-08-18,0915,N20,VIIRS,n,2,283.03,7.84,N,0
49.95359,-119.51783,342.12,0.62,0.54,2023-08-18,0915,N20,VIIRS,n,2,290.26,12.7,N,0
49.95373,-119.51902,344.81,0.62,0.54,2023-08-18,0915,N20,VIIRS,n,2,290.82,7.84,N,0
49.95397,-119.52526,354.97,0.62,0.54,2023-08-18,0915,N20,VIIRS,n,2,297.17,12.7,N,0
49.95409,-119.52676,356.18,0.62,0.54,2023-08-18,0915,N20,VIIRS,n,2,297.2,17.93,N,0
49.95444,-119.53477,355.85,0.62,0.54,2023-08-18,0915,N20,VIIRS,n,2,297.31,12.18,N,0
49.95454,-119.5368,351.81,0.62,0.54,2023-08-18,0915,N20,VIIRS,n,2,296.7,17.93,N,0
49.95483,-119.44385,304.07,0.62,0.54,2023-08-18,0915,N20,VIIRS,n,2,284.28,3.88,N,0
49.95509,-119.54733,339.82,0.62,0.54,2023-08-18,0915,N20,VIIRS,n,2,296.54,12.18,N,0
49.95509,-119.54929,339.57,0.62,0.54,2023-08-18,0915,N20,VIIRS,n,2,296.82,18.54,N,0
49.95533,-119.44539,309.78,0.62,0.54,2023-08-18,0915,N20,VIIRS,n,2,284.83,4.71,N,0
49.95533,-119.45361,323.44,0.62,0.54,2023-08-18,0915,N20,VIIRS,n,2,285.27,6.76,N,0
49.95549,-119.55797,334.3,0.63,0.54,2023-08-18,0915,N20,VIIRS,n,2,295.5,18.54,N,0
49.95555,-119.5565,336.07,0.62,0.54,2023-08-18,0915,N20,VIIRS,n,2,296.11,6.57,N,0
49.9558,-119.45573,312.62,0.62,0.54,2023-08-18,0915,N20,VIIRS,n,2,285.17,4.71,N,0
49.95582,-119.56525,328.6,0.63,0.54,2023-08-18,0915,N20,VIIRS,n,2,293.86,9.57,N,0
49.95592,-119.5639,329.06,0.63,0.54,2023-08-18,0915,N20,VIIRS,n,2,294.4,6.57,N,0
49.95613,-119.57197,322.88,0.63,0.54,2023-08-18,0915,N20,VIIRS,n,2,293.31,9.57,N,0
49.95626,-119.57072,323.4,0.63,0.54,2023-08-18,0915,N20,VIIRS,n,2,293.57,5.77,N,0
49.95643,-119.57845,333.14,0.63,0.54,2023-08-18,0915,N20,VIIRS,n,2,295.08,15.04,N,0
49.95659,-119.57727,329.72,0.63,0.54,2023-08-18,0915,N20,VIIRS,n,2,294.4,5.77,N,0
49.95672,-119.5846,349.69,0.63,0.54,2023-08-18,0915,N20,VIIRS,n,2,301.61,15.04,N,0
49.95689,-119.58343,349.53,0.63,0.54,2023-08-18,0915,N20,VIIRS,n,2,300.62,23.3,N,0
49.95703,-119.59134,346.21,0.63,0.54,2023-08-18,0915,N20,VIIRS,n,2,295.42,28.73,N,0
49.95722,-119.59,356.11,0.63,0.54,2023-08-18,0915,N20,VIIRS,n,2,296.64,23.3,N,0
49.95762,-119.49831,321.48,0.62,0.54,2023-08-18,0915,N20,VIIRS,n,2,282.97,6.08,N,0
49.95782,-119.49937,320.52,0.62,0.54,2023-08-18,0915,N20,VIIRS,n,2,282.21,4.78,N,0
49.95792,-119.5042,318.59,0.62,0.54,2023-08-18,0915,N20,VIIRS,n,2,279.44,4.92,N,0
49.9581,-119.50525,319.29,0.62,0.54,2023-08-18,0915,N20,VIIRS,n,2,279.11,4.78,N,0
49.95823,-119.51025,323.48,0.62,0.54,2023-08-18,0915,N20,VIIRS,n,2,278.02,4.92,N,0
49.95839,-119.51133,323.88,0.62,0.54,2023-08-18,0915,N20,VIIRS,n,2,277.03,7.84,N,0
49.95855,-119.51659,329.7,0.62,0.54,2023-08-18,0915,N20,VIIRS,n,2,279.6,10.39,N,0
49.95869,-119.51775,329.7,0.62,0.54,2023-08-18,0915,N20,VIIRS,n,2,277.92,7.84,N,0
49.95889,-119.52339,327.45,0.62,0.54,2023-08-18,0915,N20,VIIRS,n,2,277.91,10.39,N,0
49.95901,-119.52476,325.77,0.62,0.54,2023-08-18,0915,N20,VIIRS,n,2,275.22,17.93,N,0
49.95931,-119.53167,351.85,0.62,0.54,2023-08-18,0915,N20,VIIRS,n,2,294.88,40.77,N,0
49.95942,-119.5336,354.45,0.62,0.54,2023-08-18,0915,N20,VIIRS,n,2,295.49,17.93,N,0
49.95997,-119.54456,353.37,0.62,0.54,2023-08-18,0915,N20,VIIRS,n,2,305.46,40.77,N,0
49.96002,-119.54715,348.02,0.62,0.54,2023-08-18,0915,N20,VIIRS,n,2,312.07,18.54,N,0
49.96048,-119.55724,348.9,0.63,0.54,2023-08-18,0915,N20,VIIRS,n,2,297.27,18.54,N,0
49.96053,-119.55562,349.54,0.62,0.54,2023-08-18,0915,N20,VIIRS,n,2,300.6,32.89,N,0
49.96083,-119.56487,347.79,0.63,0.54,2023-08-18,0915,N20,VIIRS,n,2,296.6,9.57,N,0
49.96093,-119.56353,347.73,0.63,0.54,2023-08-18,0915,N20,VIIRS,n,2,296.34,32.89,N,0
49.96114,-119.57155,343.64,0.63,0.54,2023-08-18,0915,N20,VIIRS,n,2,296.74,9.57,N,0
49.96127,-119.57031,345.8,0.63,0.54,2023-08-18,0915,N20,VIIRS,n,2,296.95,59.03,N,0
49.96145,-119.57829,347.55,0.63,0.54,2023-08-18,0915,N20,VIIRS,n,2,299.28,15.04,N,0
49.96161,-119.57706,348.04,0.63,0.54,2023-08-18,0915,N20,VIIRS,n,2,299.18,59.03,N,0
49.96175,-119.58475,352.36,0.63,0.54,2023-08-18,0915,N20,VIIRS,n,2,303.39,15.04,N,0
49.96193,-119.58356,350.28,0.63,0.54,2023-08-18,0915,N20,VIIRS,n,2,301.95,116.19,N,0
49.96206,-119.59139,367,0.63,0.54,2023-08-18,0915,N20,VIIRS,h,2,306.51,28.73,N,0
49.96226,-119.59015,351.48,0.63,0.54,2023-08-18,0915,N20,VIIRS,n,2,308.59,116.19,N,0
49.96241,-119.59894,303.31,0.63,0.54,2023-08-18,0915,N20,VIIRS,n,2,287.97,28.73,N,0
49.96262,-119.498,307.31,0.62,0.54,2023-08-18,0915,N20,VIIRS,n,2,276,6.08,N,0
49.96262,-119.5974,329.37,0.63,0.54,2023-08-18,0915,N20,VIIRS,n,2,288.48,27.44,N,0
49.96281,-119.49897,299.76,0.62,0.54,2023-08-18,0915,N20,VIIRS,n,2,272.91,3.26,N,0
49.96291,-119.50364,315.29,0.62,0.54,2023-08-18,0915,N20,VIIRS,n,2,277.16,4.92,N,0
49.96309,-119.50464,311.02,0.62,0.54,2023-08-18,0915,N20,VIIRS,n,2,275.31,3.26,N,0
49.9632,-119.50939,325.8,0.62,0.54,2023-08-18,0915,N20,VIIRS,n,2,277.96,4.92,N,0
49.96336,-119.51039,322.01,0.62,0.54,2023-08-18,0915,N20,VIIRS,n,2,276.21,7.82,N,0
49.9635,-119.51553,336.29,0.62,0.54,2023-08-18,0915,N20,VIIRS,n,2,278.87,10.39,N,0
49.96366,-119.51669,335.76,0.62,0.54,2023-08-18,0915,N20,VIIRS,n,2,277.7,7.82,N,0
49.96385,-119.52225,331.15,0.62,0.54,2023-08-18,0915,N20,VIIRS,n,2,274.83,10.39,N,0
49.96398,-119.52351,330.45,0.62,0.54,2023-08-18,0915,N20,VIIRS,n,2,276.66,97.85,N,0
49.96423,-119.5298,348.77,0.62,0.54,2023-08-18,0915,N20,VIIRS,n,2,302.95,40.77,N,0
49.96435,-119.53152,355.1,0.62,0.54,2023-08-18,0915,N20,VIIRS,n,2,302.86,97.85,N,0
49.96483,-119.54155,353.04,0.62,0.54,2023-08-18,0915,N20,VIIRS,n,2,298.38,40.77,N,0
49.96492,-119.54433,351.4,0.62,0.54,2023-08-18,0915,N20,VIIRS,n,2,298.15,101.84,N,0
49.96546,-119.55626,367,0.63,0.54,2023-08-18,0915,N20,VIIRS,h,2,303.69,101.84,N,0
49.96549,-119.55441,367,0.62,0.54,2023-08-18,0915,N20,VIIRS,h,2,304.1,32.89,N,0
49.96585,-119.56458,355.11,0.63,0.54,2023-08-18,0915,N20,VIIRS,n,2,305.34,157.6,N,0
49.96594,-119.56317,355.05,0.63,0.54,2023-08-18,0915,N20,VIIRS,n,2,304.38,32.89,N,0
49.96617,-119.5715,351.94,0.63,0.54,2023-08-18,0915,N20,VIIRS,n,2,312.59,157.6,N,0
49.96629,-119.57025,350.34,0.63,0.54,2023-08-18,0915,N20,VIIRS,n,2,312.77,59.03,N,0
49.96648,-119.57836,342.36,0.63,0.54,2023-08-18,0915,N20,VIIRS,n,2,320.05,266.16,N,0
49.96664,-119.57716,340.83,0.63,0.54,2023-08-18,0915,N20,VIIRS,n,2,319.96,59.03,N,0
49.9668,-119.58503,333.7,0.63,0.54,2023-08-18,0915,N20,VIIRS,n,2,322.96,266.16,N,0
49.96698,-119.58384,338.76,0.63,0.54,2023-08-18,0915,N20,VIIRS,n,2,319.59,116.19,N,0
49.9671,-119.59164,367,0.63,0.54,2023-08-18,0915,N20,VIIRS,h,2,334.52,102.45,N,0
49.96731,-119.59044,367,0.63,0.54,2023-08-18,0915,N20,VIIRS,h,2,342.69,116.19,N,0
49.96742,-119.59866,331.22,0.63,0.54,2023-08-18,0915,N20,VIIRS,n,2,289.51,102.45,N,0
49.96749,-119.49185,315.73,0.62,0.54,2023-08-18,0915,N20,VIIRS,n,2,283.07,11.68,N,0
49.96765,-119.59721,338.68,0.63,0.54,2023-08-18,0915,N20,VIIRS,n,2,292.25,27.44,N,0
49.96781,-119.49847,327.47,0.62,0.54,2023-08-18,0915,N20,VIIRS,n,2,277.15,3.26,N,0
49.96864,-119.51592,313.66,0.62,0.54,2023-08-18,0915,N20,VIIRS,n,2,270.48,7.82,N,0
49.96896,-119.5227,342.8,0.62,0.54,2023-08-18,0915,N20,VIIRS,n,2,283.96,97.85,N,0
49.96932,-119.53054,367,0.62,0.54,2023-08-18,0915,N20,VIIRS,h,2,323.38,97.85,N,0
49.96985,-119.54219,337.9,0.62,0.54,2023-08-18,0915,N20,VIIRS,n,2,316.75,101.84,N,0
49.97042,-119.55481,337.65,0.63,0.54,2023-08-18,0915,N20,VIIRS,n,2,314.16,101.84,N,0
49.97085,-119.56421,367,0.63,0.54,2023-08-18,0915,N20,VIIRS,h,2,333.93,157.6,N,0
49.9712,-119.57166,367,0.63,0.54,2023-08-18,0915,N20,VIIRS,h,2,342.41,157.6,N,0
49.97152,-119.57861,367,0.63,0.54,2023-08-18,0915,N20,VIIRS,h,2,337.62,266.16,N,0
49.97168,-119.47421,299.21,0.62,0.54,2023-08-18,0915,N20,VIIRS,n,2,283.19,3.87,N,3
49.97208,-119.48299,299.21,0.62,0.54,2023-08-18,0915,N20,VIIRS,n,2,278.73,1.4,N,3
49.97215,-119.59196,341.17,0.63,0.54,2023-08-18,0915,N20,VIIRS,n,2,309.77,102.45,N,0
49.97245,-119.59873,301.36,0.63,0.54,2023-08-18,0915,N20,VIIRS,n,2,289.08,102.45,N,0
49.97248,-119.49132,300.54,0.62,0.54,2023-08-18,0915,N20,VIIRS,n,2,276.21,1.4,N,3
49.9728,-119.49807,306.99,0.62,0.54,2023-08-18,0915,N20,VIIRS,n,2,274.5,7.19,N,0
49.97307,-119.50381,331.98,0.62,0.54,2023-08-18,0915,N20,VIIRS,n,2,280.53,7.19,N,0
49.97334,-119.50941,317.44,0.62,0.54,2023-08-18,0915,N20,VIIRS,n,2,272.7,14.79,N,0
49.97364,-119.51565,346.23,0.62,0.54,2023-08-18,0915,N20,VIIRS,n,2,284.63,14.79,N,0
49.97397,-119.52253,330.57,0.62,0.54,2023-08-18,0915,N20,VIIRS,n,2,302.65,157.72,N,0
49.97434,-119.53065,367,0.62,0.54,2023-08-18,0915,N20,VIIRS,h,2,315.79,157.72,N,0
49.97483,-119.54119,351.32,0.62,0.54,2023-08-18,0915,N20,VIIRS,n,2,293.24,57.43,N,0
49.97535,-119.55271,353.35,0.63,0.54,2023-08-18,0915,N20,VIIRS,n,2,297.85,57.43,N,0
49.97584,-119.56328,348.52,0.63,0.54,2023-08-18,0915,N20,VIIRS,n,2,292.6,6.13,N,0
49.97623,-119.57175,327.72,0.63,0.54,2023-08-18,0915,N20,VIIRS,n,2,290.94,6.13,N,0
49.97657,-119.57907,318.63,0.63,0.54,2023-08-18,0915,N20,VIIRS,n,2,290.55,1.78,N,0
49.97689,-119.58593,310.96,0.63,0.54,2023-08-18,0915,N20,VIIRS,n,2,290.24,1.78,N,0
49.97707,-119.48235,300.86,0.62,0.54,2023-08-18,0915,N20,VIIRS,n,2,281.75,1.4,N,3
49.9778,-119.4978,310.51,0.62,0.54,2023-08-18,0915,N20,VIIRS,n,2,277.78,7.19,N,0
49.97808,-119.50375,352.25,0.62,0.54,2023-08-18,0915,N20,VIIRS,n,2,283.06,7.19,N,0
49.97836,-119.50946,327.88,0.62,0.54,2023-08-18,0915,N20,VIIRS,n,2,276.46,14.79,N,0
49.97866,-119.51569,349.33,0.62,0.54,2023-08-18,0915,N20,VIIRS,n,2,285.05,14.79,N,0
49.97899,-119.52278,367,0.62,0.54,2023-08-18,0915,N20,VIIRS,h,2,285.39,157.72,N,0
49.97938,-119.53098,367,0.62,0.54,2023-08-18,0915,N20,VIIRS,h,2,284.36,157.72,N,0
49.97982,-119.54047,349.29,0.62,0.54,2023-08-18,0915,N20,VIIRS,n,2,286.86,57.43,N,0
49.98029,-119.55077,330.21,0.63,0.54,2023-08-18,0915,N20,VIIRS,n,2,288.92,57.43,N,0
49.9808,-119.56189,311.08,0.63,0.54,2023-08-18,0915,N20,VIIRS,n,2,290.48,6.13,N,0
49.98124,-119.57141,307.4,0.63,0.54,2023-08-18,0915,N20,VIIRS,n,2,290.25,6.13,N,0
49.98161,-119.57929,301.61,0.63,0.54,2023-08-18,0915,N20,VIIRS,n,2,289.49,1.78,N,0
49.98195,-119.58652,304.83,0.63,0.54,2023-08-18,0915,N20,VIIRS,n,2,289.82,1.78,N,0
49.98244,-119.49007,302.17,0.62,0.54,2023-08-18,0915,N20,VIIRS,n,2,281.72,3.26,N,3
49.98279,-119.49731,306.5,0.62,0.54,2023-08-18,0915,N20,VIIRS,n,2,281.29,1.7,N,0
49.98309,-119.50353,312.41,0.62,0.54,2023-08-18,0915,N20,VIIRS,n,2,282.15,1.7,N,0
49.98337,-119.50943,314.7,0.62,0.54,2023-08-18,0915,N20,VIIRS,n,2,282.43,2.82,N,0
49.98367,-119.51553,315.57,0.62,0.54,2023-08-18,0915,N20,VIIRS,n,2,285.31,2.82,N,0
49.98399,-119.52235,317,0.62,0.54,2023-08-18,0915,N20,VIIRS,n,2,286.28,2.36,N,0
49.98436,-119.53027,317.32,0.62,0.54,2023-08-18,0915,N20,VIIRS,n,2,287.5,2.36,N,0
49.98479,-119.53941,308.31,0.62,0.54,2023-08-18,0915,N20,VIIRS,n,2,287.81,1.25,N,0
49.98523,-119.54887,303.95,0.63,0.54,2023-08-18,0915,N20,VIIRS,n,2,288.35,1.25,N,0
49.98777,-119.49671,301.04,0.62,0.54,2023-08-18,0915,N20,VIIRS,n,2,284.28,1.7,N,0
49.98809,-119.50334,303.71,0.62,0.54,2023-08-18,0915,N20,VIIRS,n,2,284.54,1.7,N,0
49.98838,-119.50927,302.82,0.62,0.54,2023-08-18,0915,N20,VIIRS,n,2,286.36,2.82,N,0
49.98898,-119.52168,301.99,0.62,0.54,2023-08-18,0915,N20,VIIRS,n,2,287.52,2.36,N,0
50.04818,-121.48415,299.58,0.38,0.59,2023-08-18,0915,N20,VIIRS,n,2,282.55,1.54,N,0
50.0484,-121.49168,302.15,0.38,0.59,2023-08-18,0915,N20,VIIRS,n,2,284.23,1.84,N,0
50.04858,-121.49799,305.79,0.38,0.59,2023-08-18,0915,N20,VIIRS,n,2,284.09,1.84,N,0
50.05336,-121.47404,298.79,0.38,0.59,2023-08-18,0915,N20,VIIRS,n,2,280.07,1.54,N,0
50.05352,-121.47942,301.84,0.38,0.59,2023-08-18,0915,N20,VIIRS,n,2,280.69,1.54,N,0
50.05371,-121.48595,306.17,0.38,0.59,2023-08-18,0915,N20,VIIRS,n,2,281.81,1.84,N,0
50.05392,-121.49308,308.6,0.38,0.59,2023-08-18,0915,N20,VIIRS,n,2,284.48,1.84,N,0
50.05408,-121.49854,304.27,0.38,0.59,2023-08-18,0915,N20,VIIRS,n,2,285.2,3.19,N,0
50.05886,-121.47488,297.16,0.38,0.59,2023-08-18,0915,N20,VIIRS,n,2,282.69,3.18,N,0
50.05901,-121.4796,299.76,0.38,0.59,2023-08-18,0915,N20,VIIRS,n,2,281.48,1.67,N,0
50.05918,-121.48544,301.33,0.38,0.59,2023-08-18,0915,N20,VIIRS,n,2,281.08,1.67,N,0
50.05938,-121.49223,295.75,0.38,0.59,2023-08-18,0915,N20,VIIRS,n,2,280.13,1.37,N,0
50.05956,-121.49834,298.29,0.38,0.59,2023-08-18,0915,N20,VIIRS,n,2,279.2,1.37,N,0
50.3898,-120.42049,344.36,0.34,0.56,2023-08-18,0915,N20,VIIRS,n,2,287.97,1.72,N,0
50.39,-120.42513,320.67,0.34,0.56,2023-08-18,0915,N20,VIIRS,n,2,287.65,1.72,N,0
50.39501,-120.41969,302.56,0.34,0.56,2023-08-18,0915,N20,VIIRS,n,2,287.1,1.72,N,0
50.39519,-120.4241,301.06,0.34,0.56,2023-08-18,0915,N20,VIIRS,n,2,285.81,1.72,N,0
50.39589,-120.44142,298.3,0.35,0.56,2023-08-18,0915,N20,VIIRS,n,2,285.97,0.95,N,0
50.39607,-120.44595,297.77,0.35,0.56,2023-08-18,0915,N20,VIIRS,n,2,285.48,0.59,N,0
50.40022,-120.41892,318.24,0.34,0.56,2023-08-18,0915,N20,VIIRS,n,2,289.23,1.98,N,0
50.40039,-120.42332,323.45,0.34,0.56,2023-08-18,0915,N20,VIIRS,n,2,288.41,1.98,N,0
50.40049,-120.41643,301.7,0.34,0.56,2023-08-18,0915,N20,VIIRS,n,2,287.33,1.72,N,0
50.40056,-120.42735,300.57,0.34,0.56,2023-08-18,0915,N20,VIIRS,n,2,286.44,1.91,N,0
50.40067,-120.42123,326.93,0.34,0.56,2023-08-18,0915,N20,VIIRS,n,2,289.81,2.22,N,0
50.40073,-120.43147,305.33,0.34,0.56,2023-08-18,0915,N20,VIIRS,n,2,286.86,1.91,N,0
50.40082,-120.42533,312.5,0.34,0.56,2023-08-18,0915,N20,VIIRS,n,2,287.15,2.22,N,0
50.40089,-120.43565,307,0.34,0.56,2023-08-18,0915,N20,VIIRS,n,2,286.44,1.31,N,0
50.40097,-120.42941,303.13,0.34,0.56,2023-08-18,0915,N20,VIIRS,n,2,286.76,1.86,N,0
50.40112,-120.4335,308.94,0.35,0.56,2023-08-18,0915,N20,VIIRS,n,2,287.16,1.86,N,0
50.40124,-120.4442,299.76,0.35,0.56,2023-08-18,0915,N20,VIIRS,n,2,285.93,0.95,N,0
50.40158,-120.44638,297.29,0.35,0.56,2023-08-18,0915,N20,VIIRS,n,2,285.16,1.16,N,0
50.40499,-120.40765,316.21,0.34,0.56,2023-08-18,0915,N20,VIIRS,n,2,288.81,1.89,N,0
50.40521,-120.41309,311.16,0.34,0.56,2023-08-18,0915,N20,VIIRS,n,2,287.73,1.89,N,0
50.40532,-120.40485,300.36,0.34,0.56,2023-08-18,0915,N20,VIIRS,n,2,287.05,1.44,N,0
50.40542,-120.41817,311.36,0.34,0.56,2023-08-18,0915,N20,VIIRS,n,2,288.76,1.98,N,0
50.40551,-120.41039,320.96,0.34,0.56,2023-08-18,0915,N20,VIIRS,n,2,288.86,1.72,N,0
50.40561,-120.4227,320.18,0.34,0.56,2023-08-18,0915,N20,VIIRS,n,2,289.37,1.98,N,0
50.40571,-120.41567,304.19,0.34,0.56,2023-08-18,0915,N20,VIIRS,n,2,287.34,1.72,N,0
50.40577,-120.4268,323.73,0.34,0.56,2023-08-18,0915,N20,VIIRS,n,2,289.57,1.91,N,0
50.40588,-120.42051,317.65,0.34,0.56,2023-08-18,0915,N20,VIIRS,n,2,289.41,2.22,N,0
50.40594,-120.43079,328.04,0.34,0.56,2023-08-18,0915,N20,VIIRS,n,2,289.87,1.91,N,0
50.40604,-120.42477,317.6,0.34,0.56,2023-08-18,0915,N20,VIIRS,n,2,288.97,2.22,N,0
50.4061,-120.4348,299.88,0.34,0.56,2023-08-18,0915,N20,VIIRS,n,2,286.55,1.31,N,0
50.40619,-120.4288,329.26,0.34,0.56,2023-08-18,0915,N20,VIIRS,n,2,290.29,1.86,N,0
50.40633,-120.43279,317.09,0.35,0.56,2023-08-18,0915,N20,VIIRS,n,2,287.62,1.86,N,0
50.4068,-120.45196,301,0.35,0.56,2023-08-18,0915,N20,VIIRS,n,2,285.09,1.03,N,0
50.40711,-120.45435,308.76,0.35,0.56,2023-08-18,0915,N20,VIIRS,n,2,284.61,0.87,N,0
50.41018,-120.40672,320.78,0.34,0.56,2023-08-18,0915,N20,VIIRS,n,2,288.83,2.03,N,0
50.41042,-120.41238,320.12,0.34,0.56,2023-08-18,0915,N20,VIIRS,n,2,288.31,2.03,N,0
50.41051,-120.40386,309.23,0.34,0.56,2023-08-18,0915,N20,VIIRS,n,2,287.86,1.54,N,0
50.41063,-120.41755,305.97,0.34,0.56,2023-08-18,0915,N20,VIIRS,n,2,287.56,2.03,N,0
50.41072,-120.40952,323.43,0.34,0.56,2023-08-18,0915,N20,VIIRS,n,2,288.64,2.04,N,0
50.41082,-120.42219,316.67,0.34,0.56,2023-08-18,0915,N20,VIIRS,n,2,288.94,2.03,N,0
50.41092,-120.41501,312.95,0.34,0.56,2023-08-18,0915,N20,VIIRS,n,2,287.5,2.04,N,0
50.41099,-120.42636,329.1,0.34,0.56,2023-08-18,0915,N20,VIIRS,n,2,290.29,2.86,N,0
50.41109,-120.4199,314.5,0.34,0.56,2023-08-18,0915,N20,VIIRS,n,2,288.73,2.31,N,0
50.41116,-120.4304,333.48,0.34,0.56,2023-08-18,0915,N20,VIIRS,n,2,290.15,2.86,N,0
50.41125,-120.42431,319.27,0.34,0.56,2023-08-18,0915,N20,VIIRS,n,2,289.22,2.31,N,0
50.41132,-120.43436,301.47,0.34,0.56,2023-08-18,0915,N20,VIIRS,n,2,285.72,1.79,N,0
50.41141,-120.42839,335.45,0.34,0.56,2023-08-18,0915,N20,VIIRS,n,2,290.83,2.72,N,0
50.41155,-120.43238,322.34,0.35,0.56,2023-08-18,0915,N20,VIIRS,n,2,288.26,2.72,N,0
50.412,-120.45101,328.16,0.35,0.56,2023-08-18,0915,N20,VIIRS,n,2,284.35,2.55,N,0
50.41216,-120.44868,310.38,0.35,0.56,2023-08-18,0915,N20,VIIRS,n,2,284.34,2.08,N,0
50.41232,-120.45334,309.82,0.35,0.56,2023-08-18,0915,N20,VIIRS,n,2,283.9,2.14,N,0
50.41516,-120.4006,320.16,0.34,0.56,2023-08-18,0915,N20,VIIRS,n,2,287.88,2.96,N,0
50.41538,-120.40592,319.34,0.34,0.56,2023-08-18,0915,N20,VIIRS,n,2,288.21,2.03,N,0
50.41553,-120.39801,304.39,0.34,0.56,2023-08-18,0915,N20,VIIRS,n,2,286.55,1.54,N,0
50.41562,-120.41161,313.16,0.34,0.56,2023-08-18,0915,N20,VIIRS,n,2,288.3,2.03,N,0
50.41572,-120.40316,318.42,0.34,0.56,2023-08-18,0915,N20,VIIRS,n,2,288.24,1.54,N,0
50.41583,-120.41666,317.87,0.34,0.56,2023-08-18,0915,N20,VIIRS,n,2,289.03,2.03,N,0
50.41592,-120.40871,317.13,0.34,0.56,2023-08-18,0915,N20,VIIRS,n,2,287.46,2.04,N,0
50.41602,-120.42133,319.37,0.34,0.56,2023-08-18,0915,N20,VIIRS,n,2,288.92,2.03,N,0
50.41612,-120.41415,312.63,0.34,0.56,2023-08-18,0915,N20,VIIRS,n,2,288.48,2.04,N,0
50.4162,-120.42562,317.04,0.34,0.56,2023-08-18,0915,N20,VIIRS,n,2,288.83,2.86,N,0
50.4163,-120.41894,317.95,0.34,0.56,2023-08-18,0915,N20,VIIRS,n,2,288.84,2.31,N,0
50.41637,-120.42982,317.67,0.34,0.56,2023-08-18,0915,N20,VIIRS,n,2,289.33,2.86,N,0
50.41647,-120.42345,315.82,0.34,0.56,2023-08-18,0915,N20,VIIRS,n,2,288.28,2.31,N,0
50.41654,-120.43391,309.23,0.34,0.56,2023-08-18,0915,N20,VIIRS,n,2,288.11,1.79,N,0
50.41662,-120.42768,319.97,0.34,0.56,2023-08-18,0915,N20,VIIRS,n,2,288.98,2.72,N,0
50.41677,-120.43184,313.16,0.35,0.56,2023-08-18,0915,N20,VIIRS,n,2,288.81,2.72,N,0
50.41692,-120.43594,302.85,0.35,0.56,2023-08-18,0915,N20,VIIRS,n,2,286.65,2.53,N,0
50.42075,-120.39761,329.66,0.34,0.56,2023-08-18,0915,N20,VIIRS,n,2,289.78,2.15,N,0
50.42094,-120.40276,332.13,0.34,0.56,2023-08-18,0915,N20,VIIRS,n,2,290.26,2.15,N,0
50.42113,-120.40804,305.42,0.34,0.56,2023-08-18,0915,N20,VIIRS,n,2,287.58,2.79,N,0
50.42181,-120.42656,304.96,0.34,0.56,2023-08-18,0915,N20,VIIRS,n,2,287.49,1.45,N,0
50.42326,-120.46566,299.37,0.35,0.56,2023-08-18,0915,N20,VIIRS,n,2,284.48,0.95,N,0
50.42559,-120.38712,300.66,0.34,0.56,2023-08-18,0915,N20,VIIRS,n,2,286.64,1.51,N,0
50.42578,-120.39223,310.89,0.34,0.56,2023-08-18,0915,N20,VIIRS,n,2,287.58,1.51,N,0
50.42597,-120.39749,311.74,0.34,0.56,2023-08-18,0915,N20,VIIRS,n,2,288.17,2.15,N,0
50.42616,-120.40269,306.45,0.34,0.56,2023-08-18,0915,N20,VIIRS,n,2,287.82,2.15,N,0
50.42881,-120.47399,295.62,0.35,0.56,2023-08-18,0915,N20,VIIRS,n,2,284.43,0.96,N,0
50.42898,-120.47859,296.37,0.35,0.56,2023-08-18,0915,N20,VIIRS,n,2,284.6,0.69,N,0
50.42915,-120.48322,302.47,0.35,0.57,2023-08-18,0915,N20,VIIRS,n,2,283.84,0.69,N,0
50.43043,-120.37681,302.36,0.34,0.56,2023-08-18,0915,N20,VIIRS,n,2,287.29,3.38,N,0
50.43061,-120.38156,330.76,0.34,0.56,2023-08-18,0915,N20,VIIRS,n,2,290.09,3.38,N,0
50.43079,-120.38658,334.17,0.34,0.56,2023-08-18,0915,N20,VIIRS,n,2,291,3.81,N,0
50.43099,-120.39193,329.59,0.34,0.56,2023-08-18,0915,N20,VIIRS,n,2,290.09,3.81,N,0
50.43119,-120.39716,315.99,0.34,0.56,2023-08-18,0915,N20,VIIRS,n,2,288.37,1.83,N,0
50.43138,-120.40222,302.2,0.34,0.56,2023-08-18,0915,N20,VIIRS,n,2,286.78,1.83,N,0
50.43544,-120.37124,306.89,0.34,0.56,2023-08-18,0915,N20,VIIRS,n,2,287.43,1.98,N,0
50.43562,-120.37596,331.48,0.34,0.56,2023-08-18,0915,N20,VIIRS,n,2,291.28,3.38,N,0
50.43581,-120.3809,341,0.34,0.56,2023-08-18,0915,N20,VIIRS,n,2,291.09,3.38,N,0
50.436,-120.3861,324.37,0.34,0.56,2023-08-18,0915,N20,VIIRS,n,2,288.26,3.81,N,0
50.44065,-120.37072,305.41,0.34,0.56,2023-08-18,0915,N20,VIIRS,n,2,287.96,2.68,N,0
50.44083,-120.37546,346.6,0.34,0.56,2023-08-18,0915,N20,VIIRS,n,2,293.71,4.32,N,0
50.44102,-120.38042,347.47,0.34,0.56,2023-08-18,0915,N20,VIIRS,n,2,289.56,4.32,N,0
50.44586,-120.37048,309.72,0.34,0.56,2023-08-18,0915,N20,VIIRS,n,2,287.89,2.68,N,0
50.44604,-120.37518,339.69,0.34,0.56,2023-08-18,0915,N20,VIIRS,n,2,290.53,4.32,N,0
50.44623,-120.38005,307.74,0.34,0.56,2023-08-18,0915,N20,VIIRS,n,2,286.78,4.32,N,0
50.45565,-117.56495,301.09,0.52,0.5,2023-08-18,0915,N20,VIIRS,n,2,287.6,1.08,N,0
50.49692,-120.34072,332.36,0.34,0.56,2023-08-18,0915,N20,VIIRS,n,2,288.95,6.56,N,0
50.49709,-120.34513,367,0.34,0.56,2023-08-18,0915,N20,VIIRS,h,2,292.61,6.56,N,0
50.49728,-120.34967,312.12,0.34,0.56,2023-08-18,0915,N20,VIIRS,n,2,286.29,3.93,N,0
50.50211,-120.34015,315.69,0.34,0.56,2023-08-18,0915,N20,VIIRS,n,2,285.98,1.05,N,0
50.5023,-120.34456,305.28,0.34,0.56,2023-08-18,0915,N20,VIIRS,n,2,284.52,1.05,N,0
50.50256,-120.33944,301.7,0.34,0.56,2023-08-18,0915,N20,VIIRS,n,2,285.72,0.96,N,0
50.50272,-120.34383,300.92,0.34,0.56,2023-08-18,0915,N20,VIIRS,n,2,284.18,0.83,N,0
50.52097,-120.41707,314.25,0.35,0.56,2023-08-18,0915,N20,VIIRS,n,2,285.8,2.04,N,0
50.52105,-120.41625,309.42,0.35,0.56,2023-08-18,0915,N20,VIIRS,n,2,285.98,1.19,N,0
50.52118,-120.42213,295.57,0.35,0.56,2023-08-18,0915,N20,VIIRS,n,2,282.71,0.94,N,0
50.52123,-120.42134,307.57,0.35,0.56,2023-08-18,0915,N20,VIIRS,n,2,284.08,1.19,N,0
50.93301,-119.56406,310.61,0.32,0.54,2023-08-18,0915,N20,VIIRS,n,2,289.85,1.79,N,0
50.9332,-119.56857,324.43,0.32,0.54,2023-08-18,0915,N20,VIIRS,n,2,290.14,1.79,N,0
50.93341,-119.57317,312.96,0.32,0.54,2023-08-18,0915,N20,VIIRS,n,2,290.95,5.45,N,0
50.93361,-119.5779,316.1,0.32,0.54,2023-08-18,0915,N20,VIIRS,n,2,290.44,5.45,N,0
50.93652,-119.52876,324.23,0.63,0.54,2023-08-18,0915,N20,VIIRS,n,2,291.13,23.25,N,0
50.93695,-119.53834,331.15,0.64,0.54,2023-08-18,0915,N20,VIIRS,n,2,313.17,106.42,N,0
50.93732,-119.54681,341.9,0.64,0.54,2023-08-18,0915,N20,VIIRS,n,2,292.62,106.42,N,0
50.9376,-119.55334,319.87,0.32,0.54,2023-08-18,0915,N20,VIIRS,n,2,291.36,3.24,N,0
50.938,-119.56229,310.07,0.32,0.54,2023-08-18,0915,N20,VIIRS,n,2,289.76,1.79,N,0
50.9382,-119.56682,331.14,0.32,0.54,2023-08-18,0915,N20,VIIRS,n,2,290.08,1.79,N,0
50.9384,-119.57146,308.29,0.32,0.54,2023-08-18,0915,N20,VIIRS,n,2,290.39,5.45,N,0
50.93861,-119.57623,355.58,0.32,0.54,2023-08-18,0915,N20,VIIRS,n,2,302.34,5.45,N,0
50.93882,-119.58114,343.3,0.32,0.54,2023-08-18,0915,N20,VIIRS,n,2,290.29,12.58,N,0
50.94018,-119.49718,340.8,0.63,0.54,2023-08-18,0915,N20,VIIRS,n,2,291.43,11.54,N,0
50.94059,-119.50642,338.86,0.63,0.54,2023-08-18,0915,N20,VIIRS,n,2,291.61,11.54,N,0
50.94103,-119.5162,329.62,0.63,0.54,2023-08-18,0915,N20,VIIRS,n,2,293,18.67,N,0
50.94149,-119.5266,342.95,0.63,0.54,2023-08-18,0915,N20,VIIRS,n,2,295.18,18.67,N,0
50.94193,-119.5368,346.19,0.64,0.54,2023-08-18,0915,N20,VIIRS,n,2,302.62,40.27,N,0
50.94231,-119.54528,307.98,0.64,0.54,2023-08-18,0915,N20,VIIRS,n,2,289.1,40.27,N,0
50.9426,-119.55171,312.04,0.32,0.54,2023-08-18,0915,N20,VIIRS,n,2,289.95,1.19,N,0
50.94279,-119.55617,307.79,0.32,0.54,2023-08-18,0915,N20,VIIRS,n,2,288.78,1.19,N,0
50.94417,-119.4736,307.71,0.63,0.54,2023-08-18,0915,N20,VIIRS,n,2,284.16,6.34,N,0
50.94425,-119.58925,339.06,0.32,0.55,2023-08-18,0915,N20,VIIRS,n,2,292.05,3.28,N,0
50.94446,-119.59419,318.21,0.32,0.55,2023-08-18,0915,N20,VIIRS,n,2,290.25,3.28,N,0
50.94447,-119.48009,346.49,0.63,0.54,2023-08-18,0915,N20,VIIRS,n,2,296.2,53.7,N,0
50.94479,-119.48734,353.88,0.63,0.54,2023-08-18,0915,N20,VIIRS,n,2,298.16,53.7,N,0
50.94514,-119.495,345.92,0.63,0.54,2023-08-18,0915,N20,VIIRS,n,2,292.43,11.54,N,0
50.94552,-119.50355,331.73,0.63,0.54,2023-08-18,0915,N20,VIIRS,n,2,290.91,11.54,N,0
50.94596,-119.51352,324.69,0.63,0.54,2023-08-18,0915,N20,VIIRS,n,2,291.29,18.67,N,0
50.94604,-119.63062,330.58,0.32,0.55,2023-08-18,0915,N20,VIIRS,n,2,291.58,4.26,N,0
50.94625,-119.63546,341.09,0.32,0.55,2023-08-18,0915,N20,VIIRS,n,2,289.94,4.26,N,0
50.94644,-119.52422,336.21,0.63,0.54,2023-08-18,0915,N20,VIIRS,n,2,292.53,18.67,N,0
50.94693,-119.53522,340.7,0.64,0.54,2023-08-18,0915,N20,VIIRS,n,2,293.8,40.27,N,0
50.94886,-119.466,307.74,0.63,0.54,2023-08-18,0915,N20,VIIRS,n,2,278.99,2.57,N,0
50.94915,-119.47229,308.86,0.63,0.54,2023-08-18,0915,N20,VIIRS,n,2,276.8,2.57,N,0
50.94946,-119.47884,347.13,0.63,0.54,2023-08-18,0915,N20,VIIRS,n,2,288.39,6.72,N,0
50.94977,-119.4858,331.54,0.63,0.54,2023-08-18,0915,N20,VIIRS,n,2,288.34,6.72,N,0
50.9501,-119.4931,324.65,0.63,0.54,2023-08-18,0915,N20,VIIRS,n,2,289.57,9.44,N,0
50.95047,-119.50113,344.96,0.63,0.54,2023-08-18,0915,N20,VIIRS,n,2,290.92,9.44,N,0
50.95091,-119.51099,341.05,0.63,0.54,2023-08-18,0915,N20,VIIRS,n,2,292.95,9.77,N,0
50.95104,-119.62859,353.66,0.32,0.55,2023-08-18,0915,N20,VIIRS,n,2,294.51,4.26,N,0
50.95123,-119.63297,319.13,0.32,0.55,2023-08-18,0915,N20,VIIRS,n,2,288.82,4.26,N,0
50.95142,-119.52253,332.54,0.63,0.54,2023-08-18,0915,N20,VIIRS,n,2,291.71,9.77,N,0
50.95192,-119.53358,338.28,0.64,0.54,2023-08-18,0915,N20,VIIRS,n,2,293.72,7.78,N,0
50.95229,-119.54188,320.29,0.64,0.54,2023-08-18,0915,N20,VIIRS,n,2,289.71,7.78,N,0
50.95254,-119.54746,313.33,0.32,0.54,2023-08-18,0915,N20,VIIRS,n,2,287.86,2.04,N,0
50.95272,-119.55149,314.76,0.32,0.54,2023-08-18,0915,N20,VIIRS,n,2,288.73,2.04,N,0
50.95292,-119.55593,322.56,0.32,0.54,2023-08-18,0915,N20,VIIRS,n,2,288.52,1.86,N,0
50.95446,-119.47803,308.88,0.63,0.54,2023-08-18,0915,N20,VIIRS,n,2,274.47,6.72,N,0
50.95477,-119.4847,320.9,0.63,0.54,2023-08-18,0915,N20,VIIRS,n,2,278.66,6.72,N,0
50.95508,-119.49155,334.58,0.63,0.54,2023-08-18,0915,N20,VIIRS,n,2,286.4,9.44,N,0
50.95544,-119.49937,331.96,0.63,0.54,2023-08-18,0915,N20,VIIRS,n,2,291.14,9.44,N,0
50.95586,-119.50877,347.41,0.63,0.54,2023-08-18,0915,N20,VIIRS,n,2,294.11,9.77,N,0
50.95603,-119.62645,314.18,0.32,0.55,2023-08-18,0915,N20,VIIRS,n,2,290.03,1.62,N,0
50.9562,-119.63043,314.4,0.32,0.55,2023-08-18,0915,N20,VIIRS,n,2,289.06,1.62,N,0
50.95638,-119.5201,321.12,0.63,0.54,2023-08-18,0915,N20,VIIRS,n,2,290.51,9.77,N,0
50.95808,-119.55805,307.91,0.32,0.54,2023-08-18,0915,N20,VIIRS,n,2,288.41,1.86,N,0
50.96011,-119.49097,343.14,0.63,0.54,2023-08-18,0915,N20,VIIRS,n,2,286.84,17.32,N,0
50.96045,-119.49852,351.93,0.63,0.54,2023-08-18,0915,N20,VIIRS,n,2,293.82,17.32,N,0
50.96085,-119.5073,367,0.63,0.54,2023-08-18,0915,N20,VIIRS,h,2,299.08,18.68,N,0
50.9613,-119.51707,333.2,0.63,0.54,2023-08-18,0915,N20,VIIRS,n,2,290.82,18.68,N,0
50.96207,-119.64816,307.84,0.32,0.55,2023-08-18,0915,N20,VIIRS,n,2,287.72,1.69,N,0
50.96284,-119.55144,307.84,0.32,0.54,2023-08-18,0915,N20,VIIRS,n,2,288.04,2.5,N,0
50.96482,-119.48378,315.37,0.63,0.54,2023-08-18,0915,N20,VIIRS,n,2,272.73,5.09,N,0
50.96513,-119.49043,335.62,0.63,0.54,2023-08-18,0915,N20,VIIRS,n,2,282.63,17.32,N,0
50.96547,-119.49782,367,0.63,0.54,2023-08-18,0915,N20,VIIRS,h,2,296.49,17.32,N,0
50.96585,-119.50623,350.03,0.63,0.54,2023-08-18,0915,N20,VIIRS,n,2,292.48,18.68,N,0
50.96627,-119.51539,344.15,0.63,0.54,2023-08-18,0915,N20,VIIRS,n,2,291.95,18.68,N,0
50.96986,-119.48334,322.76,0.63,0.54,2023-08-18,0915,N20,VIIRS,n,2,273.33,19.25,N,0
50.97016,-119.48991,340.88,0.63,0.54,2023-08-18,0915,N20,VIIRS,n,2,289.55,51.22,N,0
50.97049,-119.49716,354.06,0.63,0.54,2023-08-18,0915,N20,VIIRS,n,2,300.79,51.22,N,0
50.97087,-119.50532,340.02,0.63,0.54,2023-08-18,0915,N20,VIIRS,n,2,290.2,27.11,N,0
50.97488,-119.48277,345.39,0.63,0.54,2023-08-18,0915,N20,VIIRS,n,2,289.46,19.25,N,0
50.97517,-119.48909,339.83,0.63,0.54,2023-08-18,0915,N20,VIIRS,n,2,278.18,51.22,N,0
50.9777,-119.4351,313.48,0.63,0.54,2023-08-18,0915,N20,VIIRS,n,2,281.67,10.12,N,0
50.97962,-119.47626,325.86,0.63,0.54,2023-08-18,0915,N20,VIIRS,n,2,277.36,54.85,N,0
50.9799,-119.48218,354.41,0.63,0.54,2023-08-18,0915,N20,VIIRS,n,2,301.17,54.85,N,0
50.98018,-119.48829,347.43,0.63,0.54,2023-08-18,0915,N20,VIIRS,n,2,287.67,57.97,N,0
50.98401,-119.47723,309.71,0.63,0.54,2023-08-18,0915,N20,VIIRS,n,2,272.55,4.7,N,0
50.98427,-119.48309,348.78,0.63,0.54,2023-08-18,0915,N20,VIIRS,n,2,297.29,22.93,N,0
50.98453,-119.48916,333.56,0.63,0.54,2023-08-18,0915,N20,VIIRS,n,2,286.18,22.93,N,0
50.98492,-119.48166,325.29,0.63,0.54,2023-08-18,0915,N20,VIIRS,n,2,300.9,54.85,N,0
50.9852,-119.48759,342.99,0.63,0.54,2023-08-18,0915,N20,VIIRS,n,2,288.27,57.97,N,0
50.98656,-119.418,319.47,0.63,0.54,2023-08-18,0915,N20,VIIRS,n,2,287.15,9.43,N,0
50.98711,-119.43109,340.44,0.63,0.54,2023-08-18,0915,N20,VIIRS,n,2,280.67,11.75,N,0
50.98742,-119.42758,346.78,0.63,0.54,2023-08-18,0915,N20,VIIRS,n,2,283.15,10.28,N,0
50.98929,-119.48257,311.91,0.63,0.54,2023-08-18,0915,N20,VIIRS,n,2,270.76,22.93,N,0
50.98956,-119.48849,323.28,0.63,0.54,2023-08-18,0915,N20,VIIRS,n,2,285.61,22.93,N,0
50.98995,-119.48117,315.15,0.63,0.54,2023-08-18,0915,N20,VIIRS,n,2,271.51,9.17,N,0
50.99022,-119.48701,319.82,0.63,0.54,2023-08-18,0915,N20,VIIRS,n,2,282.74,6.79,N,0
50.99191,-119.42527,315.03,0.63,0.54,2023-08-18,0915,N20,VIIRS,n,2,277.63,4.07,N,0
50.99219,-119.42204,317.41,0.63,0.54,2023-08-18,0915,N20,VIIRS,n,2,279.49,10.28,N,0
50.993,-119.54659,306.82,0.32,0.54,2023-08-18,0915,N20,VIIRS,n,2,285.85,1.19,N,0
50.99323,-119.55149,306.66,0.32,0.54,2023-08-18,0915,N20,VIIRS,n,2,284.66,1.07,N,0
50.99406,-119.47623,328.73,0.63,0.54,2023-08-18,0915,N20,VIIRS,n,2,275.34,12.25,N,0
50.99432,-119.48209,342.72,0.63,0.54,2023-08-18,0915,N20,VIIRS,n,2,281.93,19.32,N,0
50.99458,-119.48796,325.61,0.63,0.54,2023-08-18,0915,N20,VIIRS,n,2,280.88,19.32,N,0
50.9947,-119.47478,313.29,0.63,0.54,2023-08-18,0915,N20,VIIRS,n,2,272.04,9.17,N,0
50.99498,-119.48071,347.29,0.63,0.54,2023-08-18,0915,N20,VIIRS,n,2,278.55,9.17,N,0
50.99525,-119.48653,328.74,0.63,0.54,2023-08-18,0915,N20,VIIRS,n,2,278.16,6.79,N,0
50.99682,-119.42204,320.46,0.63,0.54,2023-08-18,0915,N20,VIIRS,n,2,281.6,4.07,N,0
50.9971,-119.54741,313.32,0.32,0.54,2023-08-18,0915,N20,VIIRS,n,2,284.32,1.01,N,0
50.99711,-119.41964,316.74,0.63,0.54,2023-08-18,0915,N20,VIIRS,n,2,281.42,10.99,N,0
50.99748,-119.55669,300.72,0.32,0.54,2023-08-18,0915,N20,VIIRS,n,2,285.15,1.48,N,0
50.99766,-119.56099,299.39,0.32,0.55,2023-08-18,0915,N20,VIIRS,n,2,285.28,0.52,N,0
50.99783,-119.56503,297.1,0.32,0.55,2023-08-18,0915,N20,VIIRS,n,2,283.45,0.52,N,0
50.99842,-119.55418,302.15,0.32,0.54,2023-08-18,0915,N20,VIIRS,n,2,284.79,1.07,N,0
50.99908,-119.47571,319.15,0.63,0.54,2023-08-18,0915,N20,VIIRS,n,2,271.26,12.25,N,0
50.99935,-119.4817,341.2,0.63,0.54,2023-08-18,0915,N20,VIIRS,n,2,272.67,19.32,N,0
50.99961,-119.48764,342.75,0.63,0.54,2023-08-18,0915,N20,VIIRS,n,2,278.54,19.32,N,0
50.99972,-119.47426,309.56,0.63,0.54,2023-08-18,0915,N20,VIIRS,n,2,270.54,7.25,N,0
51,-119.48033,340.61,0.63,0.54,2023-08-18,0915,N20,VIIRS,n,2,272.43,7.25,N,0
51.00029,-119.48629,343.03,0.63,0.54,2023-08-18,0915,N20,VIIRS,n,2,276.42,7.28,N,0
51.00058,-119.49258,314.34,0.63,0.54,2023-08-18,0915,N20,VIIRS,n,2,284.69,7.28,N,0
51.00187,-119.42257,312.05,0.63,0.54,2023-08-18,0915,N20,VIIRS,n,2,283.47,9.65,N,0
51.00264,-119.42967,310.16,0.63,0.54,2023-08-18,0915,N20,VIIRS,n,2,276.31,4.87,N,0
51.00265,-119.55913,298.59,0.32,0.55,2023-08-18,0915,N20,VIIRS,n,2,284.59,0.52,N,0
51.00439,-119.48135,332.81,0.63,0.54,2023-08-18,0915,N20,VIIRS,n,2,273.25,6.44,N,0
51.00465,-119.48745,329.99,0.63,0.54,2023-08-18,0915,N20,VIIRS,n,2,272.84,6.44,N,0
51.00493,-119.49386,320.92,0.63,0.54,2023-08-18,0915,N20,VIIRS,n,2,282.59,4.34,N,0
51.00504,-119.47994,333.58,0.63,0.54,2023-08-18,0915,N20,VIIRS,n,2,274.11,7.25,N,0
51.00525,-119.50101,312.92,0.63,0.54,2023-08-18,0915,N20,VIIRS,n,2,282.17,4.34,N,0
51.00533,-119.48606,323.7,0.63,0.54,2023-08-18,0915,N20,VIIRS,n,2,270.95,7.28,N,0
51.00563,-119.49233,327.09,0.63,0.54,2023-08-18,0915,N20,VIIRS,n,2,281.69,7.28,N,0
51.00595,-119.4993,313.38,0.63,0.54,2023-08-18,0915,N20,VIIRS,n,2,281.85,5.98,N,0
51.00766,-119.55772,297.19,0.32,0.55,2023-08-18,0915,N20,VIIRS,n,2,284.14,3.19,N,0
51.00784,-119.56197,306.02,0.32,0.55,2023-08-18,0915,N20,VIIRS,n,2,284.18,3.19,N,0
51.0088,-119.55978,313.11,0.32,0.54,2023-08-18,0915,N20,VIIRS,n,2,285.02,1.75,N,0
51.009,-119.56409,307.86,0.32,0.55,2023-08-18,0915,N20,VIIRS,n,2,283.59,1.27,N,0
51.00942,-119.48092,325.2,0.63,0.54,2023-08-18,0915,N20,VIIRS,n,2,271.6,6.44,N,0
51.00947,-119.602,302.17,0.32,0.55,2023-08-18,0915,N20,VIIRS,n,2,286.95,2.09,N,0
51.00969,-119.48724,319.08,0.63,0.54,2023-08-18,0915,N20,VIIRS,n,2,270.03,6.44,N,0
51.00998,-119.49374,323.45,0.63,0.54,2023-08-18,0915,N20,VIIRS,n,2,272.21,4.34,N,0
51.01006,-119.47943,320.17,0.63,0.54,2023-08-18,0915,N20,VIIRS,n,2,270.71,3.23,N,0
51.01029,-119.50081,317,0.63,0.54,2023-08-18,0915,N20,VIIRS,n,2,279.4,4.34,N,0
51.01036,-119.48579,319.39,0.63,0.54,2023-08-18,0915,N20,VIIRS,n,2,269.87,4.32,N,0
51.01067,-119.49222,318.34,0.63,0.54,2023-08-18,0915,N20,VIIRS,n,2,271,4.32,N,0
51.011,-119.49916,320.85,0.63,0.54,2023-08-18,0915,N20,VIIRS,n,2,276.91,7.04,N,0
51.01125,-119.40691,330.29,0.63,0.54,2023-08-18,0915,N20,VIIRS,n,2,286.17,10.01,N,0
51.01149,-119.40462,319.34,0.63,0.54,2023-08-18,0915,N20,VIIRS,n,2,286.73,7.16,N,0
51.01268,-119.55664,317.81,0.32,0.55,2023-08-18,0915,N20,VIIRS,n,2,286,3.19,N,0
51.01286,-119.5611,331.5,0.32,0.55,2023-08-18,0915,N20,VIIRS,n,2,287.49,3.19,N,0
51.01306,-119.56578,367,0.32,0.55,2023-08-18,0915,N20,VIIRS,h,2,290.75,10.88,N,0
51.01331,-119.57179,316.17,0.32,0.55,2023-08-18,0915,N20,VIIRS,n,2,283.39,10.88,N,0
51.01461,-119.60328,305.52,0.32,0.55,2023-08-18,0915,N20,VIIRS,n,2,285.95,1.59,N,0
51.01473,-119.48684,315.03,0.63,0.54,2023-08-18,0915,N20,VIIRS,n,2,274.98,5.69,N,0
51.0154,-119.48535,311.39,0.63,0.54,2023-08-18,0915,N20,VIIRS,n,2,275.11,4.32,N,0
51.01752,-119.55163,305.44,0.32,0.54,2023-08-18,0915,N20,VIIRS,n,2,283.91,1.43,N,0
51.01772,-119.55631,333.43,0.32,0.55,2023-08-18,0915,N20,VIIRS,n,2,286.17,2.24,N,0
51.01793,-119.56104,326.98,0.32,0.55,2023-08-18,0915,N20,VIIRS,n,2,286.31,2.24,N,0
51.01814,-119.56619,331.75,0.32,0.55,2023-08-18,0915,N20,VIIRS,n,2,286.45,2.19,N,0
51.01841,-119.57257,326.66,0.32,0.55,2023-08-18,0915,N20,VIIRS,n,2,285.35,2.19,N,0
51.01877,-119.58153,300.14,0.32,0.55,2023-08-18,0915,N20,VIIRS,n,2,285.44,1.49,N,0
51.02258,-119.5514,301.18,0.32,0.54,2023-08-18,0915,N20,VIIRS,n,2,283.46,1.43,N,0
51.02279,-119.55645,315.56,0.32,0.55,2023-08-18,0915,N20,VIIRS,n,2,285.15,2.24,N,0
51.02301,-119.56165,309.2,0.32,0.55,2023-08-18,0915,N20,VIIRS,n,2,284.21,2.24,N,0
51.02325,-119.5673,297.38,0.32,0.55,2023-08-18,0915,N20,VIIRS,n,2,283.53,2.19,N,0
51.02352,-119.57372,319.29,0.32,0.55,2023-08-18,0915,N20,VIIRS,n,2,286.41,2.19,N,0
51.0238,-119.58052,318,0.32,0.55,2023-08-18,0915,N20,VIIRS,n,2,287.38,1.49,N,0
51.02402,-119.58586,305.33,0.32,0.55,2023-08-18,0915,N20,VIIRS,n,2,285.63,1.49,N,0
51.02482,-119.60428,298.46,0.32,0.55,2023-08-18,0915,N20,VIIRS,n,2,275.93,0.97,N,0
51.02862,-119.57461,317.17,0.32,0.55,2023-08-18,0915,N20,VIIRS,n,2,286.21,2,N,0
51.02884,-119.5798,303.54,0.32,0.55,2023-08-18,0915,N20,VIIRS,n,2,285.45,1.68,N,0
51.02903,-119.58413,301.89,0.32,0.55,2023-08-18,0915,N20,VIIRS,n,2,285.66,1.68,N,0
51.02919,-119.58802,324,0.32,0.55,2023-08-18,0915,N20,VIIRS,n,2,287.27,1.93,N,0
51.02935,-119.59148,301.24,0.32,0.55,2023-08-18,0915,N20,VIIRS,n,2,283.54,1.93,N,0
51.0295,-119.59502,298.82,0.32,0.55,2023-08-18,0915,N20,VIIRS,n,2,282.89,1.66,N,0
51.02966,-119.59861,320.51,0.32,0.55,2023-08-18,0915,N20,VIIRS,n,2,281.19,1.66,N,0
51.02982,-119.60235,301.06,0.32,0.55,2023-08-18,0915,N20,VIIRS,n,2,275.3,0.89,N,0
51.03419,-119.58614,317.5,0.32,0.55,2023-08-18,0915,N20,VIIRS,n,2,285.31,1.93,N,0
51.03436,-119.58987,322.87,0.32,0.55,2023-08-18,0915,N20,VIIRS,n,2,283.01,1.93,N,0
51.07966,-119.69727,307.09,0.32,0.55,2023-08-18,0915,N20,VIIRS,n,2,290.88,2.5,N,0
51.08476,-119.69722,311.16,0.32,0.55,2023-08-18,0915,N20,VIIRS,n,2,290.81,12.11,N,0
51.08503,-119.70348,337.1,0.32,0.55,2023-08-18,0915,N20,VIIRS,n,2,293.28,6.3,N,3
51.08815,-119.65858,311.92,0.32,0.55,2023-08-18,0915,N20,VIIRS,n,2,285.37,2.49,N,0
51.08953,-119.68977,367,0.32,0.55,2023-08-18,0915,N20,VIIRS,h,2,300.31,12.11,N,0
51.0897,-118.35152,300.58,0.57,0.52,2023-08-18,0915,N20,VIIRS,n,2,288.75,1.88,N,0
51.08986,-119.69732,367,0.32,0.55,2023-08-18,0915,N20,VIIRS,h,2,302.37,12.11,N,0
51.09013,-119.70346,335.39,0.32,0.55,2023-08-18,0915,N20,VIIRS,n,2,290.29,6.3,N,3
51.0936,-118.33466,313.82,0.56,0.52,2023-08-18,0915,N20,VIIRS,n,2,289.62,2.7,N,0
51.09395,-118.341,303.8,0.56,0.52,2023-08-18,0915,N20,VIIRS,n,2,289.13,2.7,N,0
51.09432,-118.34792,301.79,0.57,0.52,2023-08-18,0915,N20,VIIRS,n,2,288.73,1.51,N,0
51.09771,-118.32196,316.67,0.56,0.52,2023-08-18,0915,N20,VIIRS,n,2,288.17,5.41,N,0
51.09805,-118.32807,331.67,0.56,0.52,2023-08-18,0915,N20,VIIRS,n,2,292.22,5.41,N,0
51.09834,-118.33334,327.98,0.56,0.52,2023-08-18,0915,N20,VIIRS,n,2,291.17,2.7,N,0
51.09864,-118.33881,303.6,0.56,0.52,2023-08-18,0915,N20,VIIRS,n,2,288.08,2.7,N,0
51.10284,-118.32782,312.3,0.56,0.52,2023-08-18,0915,N20,VIIRS,n,2,289.63,2.91,N,0
51.10368,-118.34288,297.79,0.57,0.52,2023-08-18,0915,N20,VIIRS,n,2,286.16,1.34,N,0
51.10844,-118.34197,317.22,0.57,0.52,2023-08-18,0915,N20,VIIRS,n,2,287.17,1.34,N,0
51.10875,-118.34753,297.79,0.57,0.52,2023-08-18,0915,N20,VIIRS,n,2,283.56,1.34,N,0
51.11325,-118.34192,308.76,0.57,0.52,2023-08-18,0915,N20,VIIRS,n,2,286.44,2.32,N,0
51.11355,-118.34741,318.69,0.57,0.52,2023-08-18,0915,N20,VIIRS,n,2,286.25,2.32,N,0
51.20209,-117.95773,343.58,0.54,0.51,2023-08-18,0915,N20,VIIRS,n,2,286.89,10.54,N,0
51.20647,-117.95178,328.28,0.54,0.51,2023-08-18,0915,N20,VIIRS,n,2,289.13,3.62,N,0
51.20683,-117.95779,332.04,0.54,0.51,2023-08-18,0915,N20,VIIRS,n,2,289.27,3.62,N,0
51.2111,-117.94992,304.11,0.54,0.51,2023-08-18,0915,N20,VIIRS,n,2,286.67,3.62,N,0
51.21156,-117.95775,314.94,0.54,0.51,2023-08-18,0915,N20,VIIRS,n,2,288.64,3.62,N,0
51.51237,-117.52657,302.34,0.53,0.5,2023-08-18,0915,N20,VIIRS,n,2,288.36,1.21,N,0
51.52695,-117.56007,304.68,0.53,0.5,2023-08-18,0915,N20,VIIRS,n,2,286.04,2.07,N,0
51.52842,-117.55968,302.18,0.53,0.5,2023-08-18,0915,N20,VIIRS,n,2,285.59,1.42,N,0
49.02848,-119.89411,307.72,0.32,0.54,2023-08-18,0916,N20,VIIRS,n,2,277.44,1.49,N,0
49.02868,-119.89832,303.53,0.32,0.55,2023-08-18,0916,N20,VIIRS,n,2,271.02,2.29,N,0
49.03395,-119.90295,356.4,0.32,0.55,2023-08-18,0916,N20,VIIRS,n,2,291.48,7.5,N,0
49.03419,-119.90848,335.84,0.32,0.55,2023-08-18,0916,N20,VIIRS,n,2,286.76,2.82,N,0
49.0344,-119.91314,324.51,0.32,0.55,2023-08-18,0916,N20,VIIRS,n,2,286.57,2.82,N,0
49.03927,-119.90882,299.75,0.32,0.55,2023-08-18,0916,N20,VIIRS,n,2,263.29,2.82,N,0
49.04885,-119.897,300.73,0.32,0.55,2023-08-18,0916,N20,VIIRS,n,2,270.01,0.92,N,0
49.04986,-119.91901,317.58,0.32,0.55,2023-08-18,0916,N20,VIIRS,n,2,274.89,2,N,0
49.0508,-119.93924,311.84,0.32,0.55,2023-08-18,0916,N20,VIIRS,n,2,275.19,3.55,N,0
49.051,-119.94371,338.97,0.32,0.55,2023-08-18,0916,N20,VIIRS,n,2,273.91,5.1,N,0
49.05123,-119.94859,354.8,0.32,0.55,2023-08-18,0916,N20,VIIRS,n,2,268.42,5.1,N,0
49.05627,-119.94786,308.73,0.32,0.55,2023-08-18,0916,N20,VIIRS,n,2,271.56,4.58,N,0
49.05647,-119.95238,324.92,0.32,0.55,2023-08-18,0916,N20,VIIRS,n,2,268.27,4.84,N,0
49.05735,-119.9716,367,0.32,0.55,2023-08-18,0916,N20,VIIRS,h,2,292.04,6.44,N,0
49.05756,-119.9761,367,0.32,0.55,2023-08-18,0916,N20,VIIRS,h,2,281.36,6.44,N,0
49.06218,-119.96614,334.19,0.32,0.55,2023-08-18,0916,N20,VIIRS,n,2,288.5,10.45,N,0
49.0624,-119.97096,315.8,0.32,0.55,2023-08-18,0916,N20,VIIRS,n,2,276.99,6.44,N,0
49.0626,-119.97521,309.96,0.32,0.55,2023-08-18,0916,N20,VIIRS,n,2,269.25,6.44,N,0
49.06283,-119.98007,311.68,0.32,0.55,2023-08-18,0916,N20,VIIRS,n,2,276.61,11.54,N,0
49.06304,-119.9847,367,0.32,0.55,2023-08-18,0916,N20,VIIRS,h,2,288.55,11.54,N,0
49.06328,-119.98989,338.76,0.32,0.55,2023-08-18,0916,N20,VIIRS,n,2,283.12,6.88,N,0
49.06351,-119.99499,325.36,0.32,0.55,2023-08-18,0916,N20,VIIRS,n,2,283.95,6.88,N,0
49.06818,-119.98603,331.46,0.32,0.55,2023-08-18,0916,N20,VIIRS,n,2,284.79,6.43,N,0
49.06839,-119.99049,328.49,0.32,0.55,2023-08-18,0916,N20,VIIRS,n,2,286.96,5.78,N,0
49.0686,-119.995,351.73,0.32,0.55,2023-08-18,0916,N20,VIIRS,n,2,289.19,5.78,N,0
49.07007,-120.02727,367,0.32,0.55,2023-08-18,0916,N20,VIIRS,h,2,296.39,11.33,N,0
49.07023,-120.03071,367,0.32,0.55,2023-08-18,0916,N20,VIIRS,h,2,296.56,7.7,N,0
49.0704,-120.03442,349.19,0.32,0.55,2023-08-18,0916,N20,VIIRS,n,2,288.21,7.7,N,0
49.07078,-120.04257,335.42,0.32,0.55,2023-08-18,0916,N20,VIIRS,n,2,288.25,5.31,N,0
49.07097,-120.04664,350.42,0.32,0.55,2023-08-18,0916,N20,VIIRS,n,2,289.25,3.15,N,0
49.07116,-120.05079,314.77,0.32,0.55,2023-08-18,0916,N20,VIIRS,n,2,287.35,3.15,N,0
49.07134,-120.05467,304,0.32,0.55,2023-08-18,0916,N20,VIIRS,n,2,286.77,1.24,N,0
49.07391,-120.0001,324.68,0.32,0.55,2023-08-18,0916,N20,VIIRS,n,2,292.39,6.96,N,0
49.07415,-120.0053,343.64,0.32,0.55,2023-08-18,0916,N20,VIIRS,n,2,296.06,6.96,N,0
49.07454,-120.01361,367,0.32,0.55,2023-08-18,0916,N20,VIIRS,h,2,292.3,14.71,N,0
49.075,-120.02381,354.29,0.32,0.55,2023-08-18,0916,N20,VIIRS,n,2,297.61,11.33,N,0
49.07515,-120.02701,346.2,0.32,0.55,2023-08-18,0916,N20,VIIRS,n,2,294.82,11.33,N,0
49.07531,-120.03029,317.88,0.32,0.55,2023-08-18,0916,N20,VIIRS,n,2,291.74,7.7,N,0
49.07547,-120.03371,336.39,0.32,0.55,2023-08-18,0916,N20,VIIRS,n,2,292.34,7.7,N,0
49.07563,-120.03732,345.42,0.32,0.55,2023-08-18,0916,N20,VIIRS,n,2,292.82,5.31,N,0
49.07582,-120.04124,326.34,0.32,0.55,2023-08-18,0916,N20,VIIRS,n,2,289.07,5.31,N,0
49.076,-120.04534,316.89,0.32,0.55,2023-08-18,0916,N20,VIIRS,n,2,287.73,3.15,N,0
49.07619,-120.0494,313.06,0.32,0.55,2023-08-18,0916,N20,VIIRS,n,2,288.73,3.15,N,0
49.07638,-120.05344,303.52,0.32,0.55,2023-08-18,0916,N20,VIIRS,n,2,287.54,1.24,N,0
49.07928,-120.00606,317.95,0.32,0.55,2023-08-18,0916,N20,VIIRS,n,2,290.29,3.78,N,0
49.07991,-120.01997,338.83,0.32,0.55,2023-08-18,0916,N20,VIIRS,n,2,290.66,6.2,N,0
49.0801,-120.02386,310.2,0.32,0.55,2023-08-18,0916,N20,VIIRS,n,2,288.89,1.95,N,0
49.08024,-120.02692,304.73,0.32,0.55,2023-08-18,0916,N20,VIIRS,n,2,287.75,1.95,N,0
49.08039,-120.0301,304.63,0.32,0.55,2023-08-18,0916,N20,VIIRS,n,2,287.84,1.16,N,0
49.08054,-120.03331,299.55,0.32,0.55,2023-08-18,0916,N20,VIIRS,n,2,286.21,1.16,N,0
49.0807,-120.03658,302.43,0.32,0.55,2023-08-18,0916,N20,VIIRS,n,2,286.44,0.8,N,0
49.08088,-120.04044,299.78,0.32,0.55,2023-08-18,0916,N20,VIIRS,n,2,285.82,0.8,N,0
49.08106,-120.0444,300.8,0.32,0.55,2023-08-18,0916,N20,VIIRS,n,2,286.44,0.91,N,0
49.08125,-120.04858,301.81,0.32,0.55,2023-08-18,0916,N20,VIIRS,n,2,286.65,0.91,N,0
49.08144,-120.05273,308.32,0.32,0.55,2023-08-18,0916,N20,VIIRS,n,2,287.74,1.24,N,0
49.08163,-120.05682,303.67,0.32,0.55,2023-08-18,0916,N20,VIIRS,n,2,286.79,1.24,N,0
49.082,-120.06485,327.35,0.32,0.55,2023-08-18,0916,N20,VIIRS,n,2,290.25,4.49,N,0
49.08219,-120.06879,316.67,0.32,0.55,2023-08-18,0916,N20,VIIRS,n,2,285.71,9.61,N,0
49.08236,-120.07268,297.68,0.33,0.55,2023-08-18,0916,N20,VIIRS,n,2,285.24,9.61,N,0
49.08599,-120.04082,303.17,0.32,0.55,2023-08-18,0916,N20,VIIRS,n,2,286.88,0.8,N,0
49.08617,-120.04472,308.28,0.32,0.55,2023-08-18,0916,N20,VIIRS,n,2,288.33,0.91,N,0
49.08636,-120.0488,304.64,0.32,0.55,2023-08-18,0916,N20,VIIRS,n,2,288.32,0.91,N,0
49.08655,-120.05289,308.28,0.32,0.55,2023-08-18,0916,N20,VIIRS,n,2,288.77,1.24,N,0
49.08711,-120.06494,321.11,0.32,0.55,2023-08-18,0916,N20,VIIRS,n,2,291.04,4.49,N,0
49.08729,-120.06884,348.57,0.32,0.55,2023-08-18,0916,N20,VIIRS,n,2,294.4,9.61,N,0
49.08747,-120.07275,367,0.33,0.55,2023-08-18,0916,N20,VIIRS,h,2,298.1,9.61,N,0
49.08765,-120.07665,298.4,0.33,0.55,2023-08-18,0916,N20,VIIRS,n,2,285.2,9.64,N,0
49.09065,-120.03165,301.79,0.32,0.55,2023-08-18,0916,N20,VIIRS,n,2,288.17,1.42,N,0
49.0913,-120.04534,305.87,0.32,0.55,2023-08-18,0916,N20,VIIRS,n,2,288.89,0.67,N,0
49.09147,-120.04909,304.32,0.32,0.55,2023-08-18,0916,N20,VIIRS,n,2,288.34,0.67,N,0
49.0922,-120.06459,310.97,0.32,0.55,2023-08-18,0916,N20,VIIRS,n,2,288.9,6.43,N,0
49.09238,-120.06853,343.02,0.32,0.55,2023-08-18,0916,N20,VIIRS,n,2,303.46,18.36,N,0
49.09256,-120.07251,367,0.33,0.55,2023-08-18,0916,N20,VIIRS,h,2,298.14,18.36,N,0
49.09275,-120.07653,300.39,0.33,0.55,2023-08-18,0916,N20,VIIRS,n,2,284.43,11.66,N,0
49.09748,-120.06841,331.56,0.32,0.55,2023-08-18,0916,N20,VIIRS,n,2,289.55,18.36,N,0
49.09767,-120.07254,318.81,0.33,0.55,2023-08-18,0916,N20,VIIRS,n,2,286.1,18.36,N,0
49.09895,-121.27402,301.81,0.37,0.58,2023-08-18,0916,N20,VIIRS,n,2,286.45,1.6,N,0
49.09907,-121.27764,305.74,0.37,0.58,2023-08-18,0916,N20,VIIRS,n,2,285.27,1.03,N,0
49.1026,-120.06876,309.71,0.32,0.55,2023-08-18,0916,N20,VIIRS,n,2,288.34,2.97,N,0
49.1028,-120.07306,302.05,0.33,0.55,2023-08-18,0916,N20,VIIRS,n,2,286.73,2.97,N,0
49.10388,-121.26147,302.61,0.37,0.58,2023-08-18,0916,N20,VIIRS,n,2,289.28,1.14,N,0
49.10772,-120.06929,299.33,0.32,0.55,2023-08-18,0916,N20,VIIRS,n,2,285.64,2.97,N,0
49.10794,-120.07377,320.19,0.33,0.55,2023-08-18,0916,N20,VIIRS,n,2,290.71,2.97,N,0
49.10815,-120.07822,348.81,0.33,0.55,2023-08-18,0916,N20,VIIRS,n,2,294.63,82.15,N,0
49.10834,-120.08237,367,0.33,0.55,2023-08-18,0916,N20,VIIRS,h,2,336.45,82.15,N,0
49.10854,-120.08649,346.98,0.33,0.55,2023-08-18,0916,N20,VIIRS,n,2,311.68,53.42,N,0
49.10875,-120.09102,367,0.33,0.55,2023-08-18,0916,N20,VIIRS,h,2,288.55,53.42,N,0
49.10898,-120.09599,297.24,0.33,0.55,2023-08-18,0916,N20,VIIRS,n,2,286.22,1.93,N,0
49.11309,-120.07482,303.15,0.33,0.55,2023-08-18,0916,N20,VIIRS,n,2,288.58,0.98,N,0
49.11329,-120.07909,307.86,0.33,0.55,2023-08-18,0916,N20,VIIRS,n,2,288.43,1.16,N,0
49.11348,-120.08318,307.73,0.33,0.55,2023-08-18,0916,N20,VIIRS,n,2,287.86,1.16,N,0
49.11367,-120.08706,302.45,0.33,0.55,2023-08-18,0916,N20,VIIRS,n,2,287.07,1.52,N,0
49.11389,-120.09176,307.17,0.33,0.55,2023-08-18,0916,N20,VIIRS,n,2,288.05,1.52,N,0
49.11412,-120.0966,342.53,0.33,0.55,2023-08-18,0916,N20,VIIRS,n,2,290.72,1.99,N,0
49.11441,-120.10282,300.42,0.33,0.55,2023-08-18,0916,N20,VIIRS,n,2,286.11,1.99,N,0
49.11965,-120.10545,311.56,0.33,0.55,2023-08-18,0916,N20,VIIRS,n,2,288.52,1.99,N,0
49.11985,-121.25655,299.76,0.37,0.58,2023-08-18,0916,N20,VIIRS,n,2,289.22,2.87,N,0
49.11998,-121.26008,301.65,0.37,0.58,2023-08-18,0916,N20,VIIRS,n,2,289.56,1.51,N,0
49.12011,-121.26369,301.61,0.37,0.58,2023-08-18,0916,N20,VIIRS,n,2,288.55,1.51,N,0
49.12398,-120.08896,300.85,0.33,0.55,2023-08-18,0916,N20,VIIRS,n,2,288.62,2.56,N,0
49.12418,-120.0931,319.77,0.33,0.55,2023-08-18,0916,N20,VIIRS,n,2,290.23,4.11,N,0
49.1244,-120.09777,318.73,0.33,0.55,2023-08-18,0916,N20,VIIRS,n,2,291.54,4.11,N,0
49.12466,-120.10328,338.68,0.33,0.55,2023-08-18,0916,N20,VIIRS,n,2,290.57,6.46,N,0
49.12532,-121.25897,336.09,0.37,0.58,2023-08-18,0916,N20,VIIRS,n,2,289.88,2.87,N,0
49.12547,-121.26317,318.45,0.37,0.58,2023-08-18,0916,N20,VIIRS,n,2,288.7,1.51,N,0
49.12725,-120.09319,310.17,0.33,0.55,2023-08-18,0916,N20,VIIRS,n,2,292.77,4.83,N,0
49.12744,-120.09751,347.87,0.33,0.55,2023-08-18,0916,N20,VIIRS,n,2,297.03,4.84,N,0
49.12766,-120.1027,350.86,0.33,0.55,2023-08-18,0916,N20,VIIRS,n,2,292.34,4.84,N,0
49.12906,-120.01662,300.51,0.32,0.55,2023-08-18,0916,N20,VIIRS,n,2,287,0.72,N,0
49.12926,-120.09257,319.33,0.33,0.55,2023-08-18,0916,N20,VIIRS,n,2,294.14,2.56,N,0
49.12947,-120.09679,341.67,0.33,0.55,2023-08-18,0916,N20,VIIRS,n,2,296.75,4.11,N,0
49.12969,-120.10147,367,0.33,0.55,2023-08-18,0916,N20,VIIRS,h,2,295.02,4.11,N,0
49.13206,-120.08626,316.19,0.33,0.55,2023-08-18,0916,N20,VIIRS,n,2,293.62,4.67,N,0
49.13224,-120.09067,345.49,0.33,0.55,2023-08-18,0916,N20,VIIRS,n,2,295.86,4.83,N,0
49.13243,-120.09487,348.02,0.33,0.55,2023-08-18,0916,N20,VIIRS,n,2,293.71,4.83,N,0
49.13262,-120.09927,320,0.33,0.55,2023-08-18,0916,N20,VIIRS,n,2,290.81,4.84,N,0
49.13394,-120.08351,313.84,0.33,0.55,2023-08-18,0916,N20,VIIRS,n,2,293.72,4.02,N,0
49.13417,-120.08836,335.64,0.33,0.55,2023-08-18,0916,N20,VIIRS,n,2,293.63,3.22,N,0
49.13439,-120.09288,351.86,0.33,0.55,2023-08-18,0916,N20,VIIRS,n,2,292.79,3.22,N,0
49.1371,-120.08453,303.49,0.33,0.55,2023-08-18,0916,N20,VIIRS,n,2,291.08,2.25,N,0
49.13917,-120.08602,322.14,0.33,0.55,2023-08-18,0916,N20,VIIRS,n,2,292.51,3.22,N,0
49.1394,-120.09071,319.33,0.33,0.55,2023-08-18,0916,N20,VIIRS,n,2,292.26,3.22,N,0
49.13961,-120.095,306.71,0.33,0.55,2023-08-18,0916,N20,VIIRS,n,2,291.31,4.09,N,0
49.14225,-120.08533,332.23,0.33,0.55,2023-08-18,0916,N20,VIIRS,n,2,292.41,2.41,N,0
49.14244,-120.0897,315.72,0.33,0.55,2023-08-18,0916,N20,VIIRS,n,2,292.14,2.41,N,0
49.14261,-120.09362,304.38,0.33,0.55,2023-08-18,0916,N20,VIIRS,n,2,291.07,2.2,N,0
49.14278,-120.09747,327.98,0.33,0.55,2023-08-18,0916,N20,VIIRS,n,2,291.82,2.2,N,0
49.14296,-120.10145,318.68,0.33,0.55,2023-08-18,0916,N20,VIIRS,n,2,290.14,1.75,N,0
49.14313,-120.10532,302.38,0.33,0.55,2023-08-18,0916,N20,VIIRS,n,2,289.63,1.75,N,0
49.14806,-120.10102,297.43,0.33,0.55,2023-08-18,0916,N20,VIIRS,n,2,285.51,2.48,N,0
49.15255,-120.08676,303.67,0.33,0.55,2023-08-18,0916,N20,VIIRS,n,2,288.93,1.11,N,0
49.15273,-120.09065,303.21,0.33,0.55,2023-08-18,0916,N20,VIIRS,n,2,288.15,1.11,N,0
49.15288,-120.09422,305.24,0.33,0.55,2023-08-18,0916,N20,VIIRS,n,2,289.35,2.48,N,0
49.15305,-120.09807,325.34,0.33,0.55,2023-08-18,0916,N20,VIIRS,n,2,292.85,2.48,N,0
49.15324,-120.10239,367,0.33,0.55,2023-08-18,0916,N20,VIIRS,h,2,291.81,8.82,N,0
49.15774,-120.08833,303.92,0.33,0.55,2023-08-18,0916,N20,VIIRS,n,2,287.39,1.47,N,0
49.1579,-120.092,305.7,0.33,0.55,2023-08-18,0916,N20,VIIRS,n,2,287.59,2.65,N,0
49.15807,-120.09585,327.39,0.33,0.55,2023-08-18,0916,N20,VIIRS,n,2,289,2.65,N,0
49.15826,-120.10009,367,0.33,0.55,2023-08-18,0916,N20,VIIRS,h,2,288.04,4.94,N,0
49.16292,-120.08984,299.25,0.33,0.55,2023-08-18,0916,N20,VIIRS,n,2,286.1,2.65,N,0
49.16309,-120.0937,316.83,0.33,0.55,2023-08-18,0916,N20,VIIRS,n,2,287.87,2.65,N,0
49.16327,-120.09781,347.17,0.33,0.55,2023-08-18,0916,N20,VIIRS,n,2,288.31,4.94,N,0
49.16349,-120.10261,296.41,0.33,0.55,2023-08-18,0916,N20,VIIRS,n,2,283.31,4.94,N,0
49.16698,-120.06637,300.12,0.33,0.55,2023-08-18,0916,N20,VIIRS,n,2,283.75,0.79,N,0
49.16716,-120.0704,314.62,0.33,0.55,2023-08-18,0916,N20,VIIRS,n,2,284.54,0.93,N,0
49.16736,-120.07482,298.83,0.33,0.55,2023-08-18,0916,N20,VIIRS,n,2,284.08,0.93,N,0
49.16793,-120.0875,300.54,0.33,0.55,2023-08-18,0916,N20,VIIRS,n,2,285.18,0.93,N,0
49.1681,-120.09132,305.07,0.33,0.55,2023-08-18,0916,N20,VIIRS,n,2,285.59,0.93,N,0
49.16827,-120.09515,305.39,0.33,0.55,2023-08-18,0916,N20,VIIRS,n,2,283.93,2.01,N,0
49.1685,-120.10027,332.02,0.33,0.55,2023-08-18,0916,N20,VIIRS,n,2,283.52,2.01,N,0
49.17199,-120.06411,300.1,0.33,0.55,2023-08-18,0916,N20,VIIRS,n,2,285.13,0.79,N,0
49.17216,-120.06787,317.79,0.33,0.55,2023-08-18,0916,N20,VIIRS,n,2,284.56,0.93,N,0
49.17234,-120.07197,300.37,0.33,0.55,2023-08-18,0916,N20,VIIRS,n,2,283.59,0.93,N,0
49.17274,-120.08092,303.47,0.33,0.55,2023-08-18,0916,N20,VIIRS,n,2,283.18,1.47,N,0
49.17311,-120.08904,309.56,0.33,0.55,2023-08-18,0916,N20,VIIRS,n,2,283.9,0.93,N,0
49.17522,-121.39134,308.48,0.37,0.58,2023-08-18,0916,N20,VIIRS,n,2,288.11,1.48,N,0
49.17532,-121.39444,303.57,0.37,0.58,2023-08-18,0916,N20,VIIRS,n,2,286.3,1.28,N,0
49.17857,-121.38816,298.32,0.37,0.58,2023-08-18,0916,N20,VIIRS,n,2,287.42,1.36,N,0
49.17867,-121.39097,311.31,0.37,0.58,2023-08-18,0916,N20,VIIRS,n,2,286.7,1.08,N,0
49.1788,-121.39447,300.54,0.37,0.58,2023-08-18,0916,N20,VIIRS,n,2,284.19,1.08,N,0
49.1928,-120.07266,308.08,0.33,0.55,2023-08-18,0916,N20,VIIRS,n,2,284.24,1.35,N,0
49.19504,-121.39402,300.97,0.37,0.58,2023-08-18,0916,N20,VIIRS,n,2,286.56,1.17,N,0
49.19695,-121.39295,298.39,0.37,0.58,2023-08-18,0916,N20,VIIRS,n,2,286.62,0.8,N,0
49.19775,-120.06933,320.24,0.33,0.55,2023-08-18,0916,N20,VIIRS,n,2,289.1,3.38,N,0
49.19792,-120.07295,338.27,0.33,0.55,2023-08-18,0916,N20,VIIRS,n,2,288.42,3.38,N,0
49.19809,-120.07664,355.36,0.33,0.55,2023-08-18,0916,N20,VIIRS,n,2,299.4,7.5,N,0
49.19827,-120.08042,351.25,0.33,0.55,2023-08-18,0916,N20,VIIRS,n,2,287.08,7.5,N,0
49.2026,-121.40061,311.84,0.37,0.58,2023-08-18,0916,N20,VIIRS,n,2,287.61,0.8,N,0
49.20266,-120.06519,308.28,0.33,0.55,2023-08-18,0916,N20,VIIRS,n,2,286.94,2.29,N,0
49.20285,-120.06905,309.21,0.33,0.55,2023-08-18,0916,N20,VIIRS,n,2,287.13,3.38,N,0
49.20302,-120.07278,300.64,0.33,0.55,2023-08-18,0916,N20,VIIRS,n,2,285.17,3.38,N,0
49.20319,-120.07655,301.53,0.33,0.55,2023-08-18,0916,N20,VIIRS,n,2,285.27,7.5,N,0
49.20338,-120.08049,321.69,0.33,0.55,2023-08-18,0916,N20,VIIRS,n,2,288.64,7.5,N,0
49.20358,-120.08479,344.36,0.33,0.55,2023-08-18,0916,N20,VIIRS,n,2,289.51,7.69,N,0
49.20716,-120.05212,301.66,0.32,0.55,2023-08-18,0916,N20,VIIRS,n,2,286.42,0.68,N,0
49.20735,-120.05611,303.68,0.33,0.55,2023-08-18,0916,N20,VIIRS,n,2,285.92,0.68,N,0
49.20754,-120.06022,300.17,0.33,0.55,2023-08-18,0916,N20,VIIRS,n,2,286.03,1.75,N,0
49.20773,-120.06429,315.21,0.33,0.55,2023-08-18,0916,N20,VIIRS,n,2,288.04,1.75,N,0
49.20792,-120.06827,320.04,0.33,0.55,2023-08-18,0916,N20,VIIRS,n,2,288.59,7.11,N,0
49.20811,-120.07237,309.71,0.33,0.55,2023-08-18,0916,N20,VIIRS,n,2,286.96,7.11,N,0
49.20831,-120.07662,348.72,0.33,0.55,2023-08-18,0916,N20,VIIRS,n,2,292.52,25.85,N,0
49.20851,-120.08102,343.21,0.33,0.55,2023-08-18,0916,N20,VIIRS,n,2,309.22,25.85,N,0
49.20872,-120.08556,367,0.33,0.55,2023-08-18,0916,N20,VIIRS,h,2,288.88,32.26,N,0
49.21239,-120.05488,302.38,0.33,0.55,2023-08-18,0916,N20,VIIRS,n,2,285.86,0.68,N,0
49.2128,-120.06336,310.92,0.33,0.55,2023-08-18,0916,N20,VIIRS,n,2,288.06,1.75,N,0
49.21298,-120.06738,316.9,0.33,0.55,2023-08-18,0916,N20,VIIRS,n,2,288.63,7.11,N,0
49.21319,-120.0719,350.55,0.33,0.55,2023-08-18,0916,N20,VIIRS,n,2,291.28,7.11,N,0
49.21342,-120.07679,354.97,0.33,0.55,2023-08-18,0916,N20,VIIRS,n,2,297.58,25.85,N,0
49.21365,-120.0817,367,0.33,0.55,2023-08-18,0916,N20,VIIRS,h,2,287.85,25.85,N,0
49.21464,-119.99474,302.26,0.32,0.55,2023-08-18,0916,N20,VIIRS,n,2,288.68,2.9,N,0
49.21625,-120.02849,302.32,0.32,0.55,2023-08-18,0916,N20,VIIRS,n,2,287.71,1.07,N,0
49.21641,-120.03181,300.44,0.32,0.55,2023-08-18,0916,N20,VIIRS,n,2,287,1.07,N,0
49.21772,-120.05949,301.16,0.33,0.55,2023-08-18,0916,N20,VIIRS,n,2,287.47,1.52,N,0
49.2179,-120.06336,306.61,0.33,0.55,2023-08-18,0916,N20,VIIRS,n,2,288.3,1.52,N,0
49.21809,-120.06732,325.51,0.33,0.55,2023-08-18,0916,N20,VIIRS,n,2,291.19,18.95,N,0
49.2183,-120.0719,347.27,0.33,0.55,2023-08-18,0916,N20,VIIRS,n,2,303.12,18.95,N,0
49.21854,-120.07705,367,0.33,0.55,2023-08-18,0916,N20,VIIRS,h,2,288.58,28.01,N,0
49.22167,-120.03525,303.42,0.32,0.55,2023-08-18,0916,N20,VIIRS,n,2,287.67,1.28,N,0
49.22186,-120.03919,306.69,0.32,0.55,2023-08-18,0916,N20,VIIRS,n,2,288.67,1.28,N,0
49.22206,-120.04343,306.73,0.32,0.55,2023-08-18,0916,N20,VIIRS,n,2,287.83,1.21,N,0
49.22228,-120.04807,302.28,0.32,0.55,2023-08-18,0916,N20,VIIRS,n,2,287.23,1.21,N,0
49.22251,-120.05277,308.54,0.32,0.55,2023-08-18,0916,N20,VIIRS,n,2,288.75,1.26,N,0
49.22269,-120.05668,303.35,0.33,0.55,2023-08-18,0916,N20,VIIRS,n,2,288.41,1.26,N,0
49.22286,-120.06022,301.38,0.33,0.55,2023-08-18,0916,N20,VIIRS,n,2,287.98,1.52,N,0
49.22303,-120.06373,310.31,0.33,0.55,2023-08-18,0916,N20,VIIRS,n,2,288.67,1.52,N,0
49.22322,-120.06773,350.23,0.33,0.55,2023-08-18,0916,N20,VIIRS,n,2,296.84,18.95,N,0
49.22344,-120.07251,367,0.33,0.55,2023-08-18,0916,N20,VIIRS,h,2,292.48,18.95,N,0
49.22523,-120.00316,315.4,0.32,0.55,2023-08-18,0916,N20,VIIRS,n,2,291.89,2.53,N,0
49.22537,-120.00599,330.9,0.32,0.55,2023-08-18,0916,N20,VIIRS,n,2,291.78,2.53,N,0
49.2273,-120.04613,305.61,0.32,0.55,2023-08-18,0916,N20,VIIRS,n,2,289.27,6.39,N,0
49.2275,-120.05056,310.85,0.32,0.55,2023-08-18,0916,N20,VIIRS,n,2,289.8,6.39,N,0
49.2277,-120.05451,306.82,0.32,0.55,2023-08-18,0916,N20,VIIRS,n,2,288.93,9.95,N,0
49.22784,-120.05772,305.12,0.33,0.55,2023-08-18,0916,N20,VIIRS,n,2,288.19,9.95,N,0
49.228,-120.06097,314.64,0.33,0.55,2023-08-18,0916,N20,VIIRS,n,2,288.93,68.16,N,0
49.22817,-120.06456,325.08,0.33,0.55,2023-08-18,0916,N20,VIIRS,n,2,290.58,68.16,N,0
49.22836,-120.00136,305.33,0.32,0.55,2023-08-18,0916,N20,VIIRS,n,2,292.25,5.71,N,0
49.22838,-120.06888,367,0.33,0.55,2023-08-18,0916,N20,VIIRS,h,2,296.82,26.34,N,0
49.22849,-120.00425,305.27,0.32,0.55,2023-08-18,0916,N20,VIIRS,n,2,291.19,5.71,N,0
49.22863,-120.0742,306.01,0.33,0.55,2023-08-18,0916,N20,VIIRS,n,2,286.8,26.34,N,0
49.22964,-120.03024,308.73,0.32,0.55,2023-08-18,0916,N20,VIIRS,n,2,290.75,6.03,N,0
49.22984,-120.03478,308.2,0.32,0.55,2023-08-18,0916,N20,VIIRS,n,2,290.9,3.55,N,0
49.23004,-120.03943,320.3,0.32,0.55,2023-08-18,0916,N20,VIIRS,n,2,291.58,3.55,N,0
49.23022,-120.00091,318.69,0.32,0.55,2023-08-18,0916,N20,VIIRS,n,2,292.73,3.81,N,0
49.23023,-120.04392,324.34,0.32,0.55,2023-08-18,0916,N20,VIIRS,n,2,292,4.74,N,0
49.23037,-120.00401,318.79,0.32,0.55,2023-08-18,0916,N20,VIIRS,n,2,292.21,2.53,N,0
49.23041,-120.04812,367,0.32,0.55,2023-08-18,0916,N20,VIIRS,h,2,296.03,4.74,N,0
49.23058,-120.05196,325.93,0.32,0.55,2023-08-18,0916,N20,VIIRS,n,2,291.17,6.94,N,0
49.23073,-120.05549,367,0.33,0.55,2023-08-18,0916,N20,VIIRS,h,2,295.9,6.94,N,0
49.23087,-120.05873,348.78,0.33,0.55,2023-08-18,0916,N20,VIIRS,n,2,292.13,40.25,N,0
49.23093,-120.01565,305.56,0.32,0.55,2023-08-18,0916,N20,VIIRS,n,2,291.27,2.53,N,0
49.2312,-120.06618,332.91,0.33,0.55,2023-08-18,0916,N20,VIIRS,n,2,312.18,42.61,N,0
49.23125,-120.0222,303.99,0.32,0.55,2023-08-18,0916,N20,VIIRS,n,2,290.13,2.37,N,0
49.2314,-120.07107,367,0.33,0.55,2023-08-18,0916,N20,VIIRS,h,2,293.05,42.61,N,0
49.23143,-120.02585,315.55,0.32,0.55,2023-08-18,0916,N20,VIIRS,n,2,291.25,2.37,N,0
49.23163,-120.03012,347.61,0.32,0.55,2023-08-18,0916,N20,VIIRS,n,2,294.46,6.78,N,0
49.23164,-120.07674,301.33,0.33,0.55,2023-08-18,0916,N20,VIIRS,n,2,287.25,5.12,N,0
49.23186,-120.03481,354.59,0.32,0.55,2023-08-18,0916,N20,VIIRS,n,2,294.74,6.78,N,0
49.23207,-120.03938,333.15,0.32,0.55,2023-08-18,0916,N20,VIIRS,n,2,293.29,6.84,N,0
49.23228,-120.04369,323.38,0.32,0.55,2023-08-18,0916,N20,VIIRS,n,2,291.9,6.84,N,0
49.23247,-120.04764,367,0.32,0.55,2023-08-18,0916,N20,VIIRS,h,2,297.04,6.39,N,0
49.23265,-120.05138,327.63,0.32,0.55,2023-08-18,0916,N20,VIIRS,n,2,291.05,6.39,N,0
49.23282,-120.05493,367,0.32,0.55,2023-08-18,0916,N20,VIIRS,h,2,297.09,9.95,N,0
49.23298,-120.05828,351.17,0.33,0.55,2023-08-18,0916,N20,VIIRS,n,2,291.55,9.95,N,0
49.23336,-120.06605,326.12,0.33,0.55,2023-08-18,0916,N20,VIIRS,n,2,314.07,68.16,N,0
49.23349,-120.00217,354.23,0.32,0.55,2023-08-18,0916,N20,VIIRS,n,2,296.33,5.71,N,0
49.23359,-120.07093,367,0.33,0.55,2023-08-18,0916,N20,VIIRS,h,2,289.07,26.34,N,0
49.23362,-120.00521,367,0.32,0.55,2023-08-18,0916,N20,VIIRS,h,2,299.99,5.71,N,0
49.23376,-120.0082,322.96,0.32,0.55,2023-08-18,0916,N20,VIIRS,n,2,294.17,4.2,N,0
49.23389,-120.01112,308.52,0.32,0.55,2023-08-18,0916,N20,VIIRS,n,2,291.86,4.2,N,0
49.23402,-120.01401,305.14,0.32,0.55,2023-08-18,0916,N20,VIIRS,n,2,291.53,1.57,N,0
49.23415,-120.01691,310.58,0.32,0.55,2023-08-18,0916,N20,VIIRS,n,2,292.04,1.57,N,0
49.23429,-120.02004,309.14,0.32,0.55,2023-08-18,0916,N20,VIIRS,n,2,291.75,2.59,N,0
49.23445,-120.02367,313.11,0.32,0.55,2023-08-18,0916,N20,VIIRS,n,2,291.95,2.59,N,0
49.23463,-120.02785,347,0.32,0.55,2023-08-18,0916,N20,VIIRS,n,2,295.72,6.03,N,0
49.23483,-120.03254,367,0.32,0.55,2023-08-18,0916,N20,VIIRS,h,2,295.53,6.03,N,0
49.23503,-120.03727,353.25,0.32,0.55,2023-08-18,0916,N20,VIIRS,n,2,294.18,3.55,N,0
49.23521,-120.04133,323.54,0.32,0.55,2023-08-18,0916,N20,VIIRS,n,2,291.45,3.55,N,0
49.23535,-120.00156,345.04,0.32,0.55,2023-08-18,0916,N20,VIIRS,n,2,293.96,11.37,N,0
49.23538,-120.04511,303.01,0.32,0.55,2023-08-18,0916,N20,VIIRS,n,2,290.07,4.74,N,0
49.23553,-120.0052,367,0.32,0.55,2023-08-18,0916,N20,VIIRS,h,2,299.83,5.42,N,0
49.23553,-120.04861,310.46,0.32,0.55,2023-08-18,0916,N20,VIIRS,n,2,289.84,4.74,N,0
49.23567,-120.00813,328.21,0.32,0.55,2023-08-18,0916,N20,VIIRS,n,2,294.56,5.42,N,0
49.23569,-120.05209,304.67,0.32,0.55,2023-08-18,0916,N20,VIIRS,n,2,289.52,6.94,N,0
49.23581,-120.01102,316.41,0.32,0.55,2023-08-18,0916,N20,VIIRS,n,2,292,2.2,N,0
49.23584,-120.05567,320.35,0.33,0.55,2023-08-18,0916,N20,VIIRS,n,2,289.05,6.94,N,0
49.23595,-120.01389,306.43,0.32,0.55,2023-08-18,0916,N20,VIIRS,n,2,291.3,2.2,N,0
49.23601,-120.05951,310.14,0.33,0.55,2023-08-18,0916,N20,VIIRS,n,2,288.78,40.25,N,0
49.23608,-120.01672,318.45,0.32,0.55,2023-08-18,0916,N20,VIIRS,n,2,292.38,2.65,N,0
49.23618,-120.06354,367,0.33,0.55,2023-08-18,0916,N20,VIIRS,h,2,290.53,40.25,N,0
49.23624,-120.01997,324.35,0.32,0.55,2023-08-18,0916,N20,VIIRS,n,2,292.57,2.65,N,0
49.23639,-120.06832,345.2,0.33,0.55,2023-08-18,0916,N20,VIIRS,n,2,288.22,42.61,N,0
49.23642,-120.02351,326.42,0.32,0.55,2023-08-18,0916,N20,VIIRS,n,2,292.71,4.06,N,0
49.23661,-120.07349,299.68,0.33,0.55,2023-08-18,0916,N20,VIIRS,n,2,287.93,42.61,N,0
49.23662,-120.0278,343.35,0.32,0.55,2023-08-18,0916,N20,VIIRS,n,2,294.52,4.06,N,0
49.23685,-120.03262,347.94,0.32,0.55,2023-08-18,0916,N20,VIIRS,n,2,292.43,4,N,0
49.23708,-120.03722,306.47,0.32,0.55,2023-08-18,0916,N20,VIIRS,n,2,291.01,4,N,0
49.23834,-120.06351,304.89,0.33,0.55,2023-08-18,0916,N20,VIIRS,n,2,287.97,1.88,N,0
49.23875,-120.00604,329.4,0.32,0.55,2023-08-18,0916,N20,VIIRS,n,2,292.29,4.13,N,0
49.2389,-120.00933,327.92,0.32,0.55,2023-08-18,0916,N20,VIIRS,n,2,293.03,2.67,N,0
49.23904,-120.01238,320.12,0.32,0.55,2023-08-18,0916,N20,VIIRS,n,2,291.51,2.67,N,0
49.23931,-120.01843,332.21,0.32,0.55,2023-08-18,0916,N20,VIIRS,n,2,292.41,4.95,N,0
49.23946,-120.02189,342.27,0.32,0.55,2023-08-18,0916,N20,VIIRS,n,2,292.61,3.97,N,0
49.23964,-120.02595,325.02,0.32,0.55,2023-08-18,0916,N20,VIIRS,n,2,290.74,3.97,N,0
49.23983,-120.03033,307.24,0.32,0.55,2023-08-18,0916,N20,VIIRS,n,2,290.18,1.53,N,0
49.24064,-120.00542,312.64,0.32,0.55,2023-08-18,0916,N20,VIIRS,n,2,291.13,5.42,N,0
49.24081,-120.00898,318.45,0.32,0.55,2023-08-18,0916,N20,VIIRS,n,2,291.82,5.42,N,0
49.24097,-120.01232,313.16,0.32,0.55,2023-08-18,0916,N20,VIIRS,n,2,291.69,2.2,N,0
49.24129,-120.01875,320.34,0.32,0.55,2023-08-18,0916,N20,VIIRS,n,2,290.73,2.65,N,0
49.24146,-120.02231,332.29,0.32,0.55,2023-08-18,0916,N20,VIIRS,n,2,291.37,2.65,N,0
49.24165,-120.02634,308.26,0.32,0.55,2023-08-18,0916,N20,VIIRS,n,2,289.56,4.06,N,0
49.24655,-120.06734,301.54,0.33,0.55,2023-08-18,0916,N20,VIIRS,n,2,289.68,0.78,N,0
51.5129,-117.52521,308.79,0.33,0.55,2023-08-18,1055,N20,VIIRS,n,2,287.54,1.05,N,0
51.51415,-117.52944,310.01,0.33,0.55,2023-08-18,1055,N20,VIIRS,n,2,288.57,1.05,N,0
49.03151,-119.90186,304.84,0.32,0.54,2023-08-18,1056,N20,VIIRS,n,2,284.62,1.88,N,0
49.03245,-119.90517,336.01,0.32,0.54,2023-08-18,1056,N20,VIIRS,n,2,289.83,3.97,N,0
49.03343,-119.90862,343.36,0.32,0.54,2023-08-18,1056,N20,VIIRS,n,2,290.33,3.97,N,0
49.03447,-119.91228,327.62,0.32,0.54,2023-08-18,1056,N20,VIIRS,n,2,286.19,7.38,N,0
49.03579,-119.91692,308.44,0.32,0.54,2023-08-18,1056,N20,VIIRS,n,2,283.13,7.38,N,0
49.03802,-119.90552,310.42,0.32,0.54,2023-08-18,1056,N20,VIIRS,n,2,286.34,3.97,N,0
49.03893,-119.90874,340.68,0.32,0.54,2023-08-18,1056,N20,VIIRS,n,2,290.38,7.38,N,0
49.03994,-119.91229,337.99,0.32,0.54,2023-08-18,1056,N20,VIIRS,n,2,290.17,7.38,N,0
49.04176,-119.91869,327.75,0.64,0.54,2023-08-18,1056,N20,VIIRS,n,2,286.24,4.22,N,0
49.04363,-119.90601,311.4,0.32,0.54,2023-08-18,1056,N20,VIIRS,n,2,286.94,2.3,N,0
49.04428,-119.92757,299.24,0.64,0.54,2023-08-18,1056,N20,VIIRS,n,2,282.14,4.22,N,0
49.04451,-119.9091,306.87,0.32,0.54,2023-08-18,1056,N20,VIIRS,n,2,287.15,2.3,N,0
49.04549,-119.89323,295.05,0.32,0.54,2023-08-18,1056,N20,VIIRS,n,2,283.45,0.82,N,0
49.04591,-119.91404,321.14,0.64,0.54,2023-08-18,1056,N20,VIIRS,n,2,289.66,5.37,N,0
49.04646,-119.89666,314.37,0.32,0.54,2023-08-18,1056,N20,VIIRS,n,2,285.51,1.55,N,0
49.04742,-119.90004,304.54,0.32,0.54,2023-08-18,1056,N20,VIIRS,n,2,283.29,1.55,N,0
49.04824,-119.92225,327.1,0.64,0.54,2023-08-18,1056,N20,VIIRS,n,2,290.44,5.37,N,0
49.04833,-119.90326,295.18,0.32,0.54,2023-08-18,1056,N20,VIIRS,n,2,284.12,2.3,N,0
49.04846,-119.94236,367,0.63,0.54,2023-08-18,1056,N20,VIIRS,h,2,287.98,26.78,N,0
49.04919,-119.88695,308.94,0.32,0.54,2023-08-18,1056,N20,VIIRS,n,2,285.38,1.79,N,0
49.04923,-119.90643,302.07,0.32,0.54,2023-08-18,1056,N20,VIIRS,n,2,285.99,2.3,N,0
49.05015,-119.89033,318.79,0.32,0.54,2023-08-18,1056,N20,VIIRS,n,2,287.66,1.79,N,0
49.05053,-119.94965,337.23,0.63,0.54,2023-08-18,1056,N20,VIIRS,n,2,283.75,13.73,N,0
49.05056,-119.91116,315.08,0.64,0.54,2023-08-18,1056,N20,VIIRS,n,2,288.79,5.37,N,0
49.05062,-119.93066,315.14,0.63,0.54,2023-08-18,1056,N20,VIIRS,n,2,287.05,10.74,N,0
49.05108,-119.89363,317.08,0.32,0.54,2023-08-18,1056,N20,VIIRS,n,2,286.45,2.24,N,0
49.05201,-119.89691,314.12,0.32,0.54,2023-08-18,1056,N20,VIIRS,n,2,286.38,2.24,N,0
49.05246,-119.91786,320.3,0.64,0.54,2023-08-18,1056,N20,VIIRS,n,2,289.75,5.37,N,0
49.05294,-119.90023,319.76,0.32,0.54,2023-08-18,1056,N20,VIIRS,n,2,288.3,4.9,N,0
49.05297,-119.939,347.96,0.63,0.54,2023-08-18,1056,N20,VIIRS,n,2,294.65,10.74,N,0
49.05389,-119.90355,315.42,0.32,0.54,2023-08-18,1056,N20,VIIRS,n,2,287.31,4.9,N,0
49.0546,-119.92542,328.59,0.63,0.54,2023-08-18,1056,N20,VIIRS,n,2,292.21,10.74,N,0
49.05527,-119.9471,353.95,0.63,0.54,2023-08-18,1056,N20,VIIRS,n,2,297.23,15.12,N,0
49.05533,-119.90867,308.55,0.64,0.54,2023-08-18,1056,N20,VIIRS,n,2,286.77,4.79,N,0
49.05701,-119.93395,324.64,0.63,0.54,2023-08-18,1056,N20,VIIRS,n,2,290.32,10.74,N,0
49.05701,-119.97257,337.06,0.63,0.54,2023-08-18,1056,N20,VIIRS,n,2,286.86,8.94,N,0
49.05734,-119.91577,322.39,0.64,0.54,2023-08-18,1056,N20,VIIRS,n,2,289.64,4.79,N,0
49.05745,-119.9548,321.12,0.63,0.54,2023-08-18,1056,N20,VIIRS,n,2,284.37,15.12,N,0
49.05929,-119.98064,332.74,0.63,0.54,2023-08-18,1056,N20,VIIRS,n,2,285.96,8.31,N,0
49.05938,-119.92303,317.96,0.63,0.54,2023-08-18,1056,N20,VIIRS,n,2,288.96,4.28,N,0
49.05949,-119.94273,311.84,0.63,0.54,2023-08-18,1056,N20,VIIRS,n,2,286.36,15.12,N,0
49.05953,-119.96218,315.67,0.63,0.54,2023-08-18,1056,N20,VIIRS,n,2,286.34,3.7,N,0
49.06016,-119.90642,317.8,0.64,0.54,2023-08-18,1056,N20,VIIRS,n,2,286.96,4.79,N,0
49.06127,-119.92971,329.9,0.63,0.54,2023-08-18,1056,N20,VIIRS,n,2,291.52,4.28,N,0
49.06138,-119.98801,324.71,0.63,0.54,2023-08-18,1056,N20,VIIRS,n,2,284.62,8.31,N,0
49.06168,-119.9698,319.26,0.63,0.54,2023-08-18,1056,N20,VIIRS,n,2,287.66,3.7,N,0
49.06199,-119.95158,315.96,0.63,0.54,2023-08-18,1056,N20,VIIRS,n,2,285.82,15.12,N,0
49.06231,-119.91399,329.12,0.64,0.54,2023-08-18,1056,N20,VIIRS,n,2,286.23,4.79,N,0
49.06337,-119.99504,309.7,0.63,0.54,2023-08-18,1056,N20,VIIRS,n,2,284.47,2.26,N,0
49.06346,-119.93744,327.75,0.63,0.54,2023-08-18,1056,N20,VIIRS,n,2,291.57,4.06,N,0
49.06358,-119.89913,320.45,0.32,0.54,2023-08-18,1056,N20,VIIRS,n,2,287.99,6.33,N,0
49.06382,-119.97734,326.29,0.63,0.54,2023-08-18,1056,N20,VIIRS,n,2,289.96,8.14,N,0
49.06408,-119.95895,311.66,0.63,0.54,2023-08-18,1056,N20,VIIRS,n,2,285.87,3.7,N,0
49.0644,-119.92143,308.5,0.63,0.54,2023-08-18,1056,N20,VIIRS,n,2,284.57,4.28,N,0
49.06507,-119.90442,337.17,0.64,0.54,2023-08-18,1056,N20,VIIRS,n,2,287.75,7.43,N,0
49.0658,-119.98441,351.64,0.63,0.54,2023-08-18,1056,N20,VIIRS,n,2,293.52,8.14,N,0
49.06597,-119.96568,315.59,0.63,0.54,2023-08-18,1056,N20,VIIRS,n,2,287.73,3.7,N,0
49.066,-119.94646,313.29,0.63,0.54,2023-08-18,1056,N20,VIIRS,n,2,286.59,4.06,N,0
49.06601,-120.0237,299.14,0.63,0.54,2023-08-18,1056,N20,VIIRS,n,2,285.92,9.9,N,0
49.06618,-119.92776,304.53,0.63,0.54,2023-08-18,1056,N20,VIIRS,n,2,286.23,4.28,N,0
49.06647,-119.89002,309.17,0.32,0.54,2023-08-18,1056,N20,VIIRS,n,2,284.54,1.52,N,0
49.06733,-119.91247,321.2,0.64,0.54,2023-08-18,1056,N20,VIIRS,n,2,283.66,7.43,N,0
49.06737,-119.8932,301.55,0.32,0.54,2023-08-18,1056,N20,VIIRS,n,2,284.77,6.33,N,0
49.06787,-119.9724,307.11,0.63,0.54,2023-08-18,1056,N20,VIIRS,n,2,287.15,8.14,N,0
49.06788,-119.99174,342.21,0.63,0.54,2023-08-18,1056,N20,VIIRS,n,2,290.78,5.64,N,0
49.068,-119.9342,300.2,0.63,0.54,2023-08-18,1056,N20,VIIRS,n,2,286.91,4.06,N,0
49.06829,-119.95457,300.1,0.63,0.54,2023-08-18,1056,N20,VIIRS,n,2,285.4,2.23,N,0
49.06833,-119.89659,338.76,0.32,0.54,2023-08-18,1056,N20,VIIRS,n,2,290.09,6.33,N,0
49.06896,-120.03413,334.36,0.63,0.54,2023-08-18,1056,N20,VIIRS,n,2,285.75,9.9,N,0
49.0694,-119.91978,306.55,0.63,0.54,2023-08-18,1056,N20,VIIRS,n,2,283.57,2.06,N,0
49.0699,-119.90218,334.82,0.64,0.54,2023-08-18,1056,N20,VIIRS,n,2,286.88,7.43,N,0
49.06992,-119.97968,298.31,0.63,0.54,2023-08-18,1056,N20,VIIRS,n,2,285.33,8.14,N,0
49.06998,-119.99921,303.77,0.63,0.54,2023-08-18,1056,N20,VIIRS,n,2,286.52,5.64,N,0
49.0701,-119.9416,316.67,0.63,0.54,2023-08-18,1056,N20,VIIRS,n,2,290.23,4.06,N,0
49.07024,-119.96149,297.52,0.63,0.54,2023-08-18,1056,N20,VIIRS,n,2,285.71,2.23,N,0
49.07036,-120.01985,314.14,0.63,0.54,2023-08-18,1056,N20,VIIRS,n,2,287.65,9.9,N,0
49.0712,-119.92617,306.01,0.63,0.54,2023-08-18,1056,N20,VIIRS,n,2,285.23,2.06,N,0
49.07139,-120.04273,329.9,0.63,0.54,2023-08-18,1056,N20,VIIRS,n,2,286.15,4.42,N,0
49.07185,-120.00582,346.98,0.63,0.54,2023-08-18,1056,N20,VIIRS,n,2,293.9,10.15,N,0
49.07206,-119.98726,307.6,0.63,0.54,2023-08-18,1056,N20,VIIRS,n,2,287.54,5.64,N,0
49.07245,-119.94995,302.39,0.63,0.54,2023-08-18,1056,N20,VIIRS,n,2,287.44,2.23,N,0
49.07296,-119.89362,307.89,0.32,0.54,2023-08-18,1056,N20,VIIRS,n,2,283.95,2.83,N,0
49.07298,-119.9325,298.42,0.63,0.54,2023-08-18,1056,N20,VIIRS,n,2,285.8,1.54,N,0
49.07331,-120.03029,352.43,0.63,0.54,2023-08-18,1056,N20,VIIRS,n,2,293.9,9.9,N,0
49.07339,-120.01125,327.96,0.63,0.54,2023-08-18,1056,N20,VIIRS,n,2,288.97,10.15,N,0
49.07394,-120.05177,318.37,0.63,0.54,2023-08-18,1056,N20,VIIRS,n,2,286.28,4.42,N,0
49.07406,-119.97503,301.79,0.63,0.54,2023-08-18,1056,N20,VIIRS,n,2,286.11,2.78,N,0
49.07417,-119.91734,307.73,0.63,0.54,2023-08-18,1056,N20,VIIRS,n,2,282.69,2.06,N,0
49.07427,-119.99507,301.97,0.63,0.54,2023-08-18,1056,N20,VIIRS,n,2,287.15,5.64,N,0
49.07457,-119.89934,297.41,0.64,0.54,2023-08-18,1056,N20,VIIRS,n,2,281.68,3.66,N,0
49.07496,-119.93954,300.5,0.63,0.54,2023-08-18,1056,N20,VIIRS,n,2,287.94,1.54,N,0
49.07499,-120.01697,349.76,0.63,0.54,2023-08-18,1056,N20,VIIRS,n,2,294.32,8.04,N,0
49.07604,-119.92397,307.56,0.63,0.54,2023-08-18,1056,N20,VIIRS,n,2,284.48,2.06,N,0
49.07617,-120.04041,312.79,0.63,0.54,2023-08-18,1056,N20,VIIRS,n,2,285.86,4.42,N,0
49.07643,-120.00278,329.24,0.63,0.54,2023-08-18,1056,N20,VIIRS,n,2,292.39,10.15,N,0
49.07655,-119.96453,309.92,0.63,0.54,2023-08-18,1056,N20,VIIRS,n,2,289.19,2.78,N,0
49.07678,-119.90721,300.42,0.64,0.54,2023-08-18,1056,N20,VIIRS,n,2,281.39,3.66,N,0
49.07703,-119.94686,307.23,0.63,0.54,2023-08-18,1056,N20,VIIRS,n,2,288.95,2.09,N,0
49.07737,-120.02538,319.94,0.63,0.54,2023-08-18,1056,N20,VIIRS,n,2,287.13,8.04,N,0
49.078,-119.93095,301.31,0.63,0.54,2023-08-18,1056,N20,VIIRS,n,2,284.87,1.54,N,0
49.07812,-120.00874,313.66,0.63,0.54,2023-08-18,1056,N20,VIIRS,n,2,289.46,10.15,N,0
49.07852,-119.9715,308.73,0.63,0.54,2023-08-18,1056,N20,VIIRS,n,2,288.05,2.78,N,0
49.07882,-119.91445,311.86,0.63,0.54,2023-08-18,1056,N20,VIIRS,n,2,284.92,9.34,N,0
49.07912,-119.95427,304.1,0.63,0.54,2023-08-18,1056,N20,VIIRS,n,2,287.52,2.09,N,0
49.07919,-119.89636,304.78,0.64,0.54,2023-08-18,1056,N20,VIIRS,n,2,283.01,3.66,N,0
49.0797,-120.01439,314.83,0.63,0.54,2023-08-18,1056,N20,VIIRS,n,2,290.75,8.04,N,0
49.08001,-119.93808,300.56,0.63,0.54,2023-08-18,1056,N20,VIIRS,n,2,285.17,1.54,N,0
49.08068,-119.97917,304.06,0.63,0.54,2023-08-18,1056,N20,VIIRS,n,2,287.48,4.6,N,0
49.08076,-119.92135,323.27,0.63,0.54,2023-08-18,1056,N20,VIIRS,n,2,287.04,9.34,N,0
49.08141,-119.90426,337.83,0.64,0.54,2023-08-18,1056,N20,VIIRS,n,2,288.01,3.66,N,0
49.08149,-120.02071,306.39,0.63,0.54,2023-08-18,1056,N20,VIIRS,n,2,288.46,8.04,N,0
49.08194,-119.9449,305.87,0.63,0.54,2023-08-18,1056,N20,VIIRS,n,2,286.78,2.09,N,0
49.08274,-119.9284,333.13,0.63,0.54,2023-08-18,1056,N20,VIIRS,n,2,289.95,6.78,N,0
49.08347,-119.91159,355.06,0.63,0.54,2023-08-18,1056,N20,VIIRS,n,2,289.64,9.34,N,0
49.08356,-120.06664,318.43,0.62,0.54,2023-08-18,1056,N20,VIIRS,n,2,287.7,6.84,N,0
49.08357,-119.89252,297.84,0.64,0.54,2023-08-18,1056,N20,VIIRS,n,2,283.15,1.3,N,0
49.08403,-119.95234,305.5,0.63,0.54,2023-08-18,1056,N20,VIIRS,n,2,286.44,2.09,N,0
49.08473,-119.93547,325.43,0.63,0.54,2023-08-18,1056,N20,VIIRS,n,2,288.21,6.78,N,0
49.08482,-119.99388,299.7,0.63,0.54,2023-08-18,1056,N20,VIIRS,n,2,287.05,3.11,N,0
49.08548,-119.91872,345.4,0.63,0.54,2023-08-18,1056,N20,VIIRS,n,2,288.34,9.34,N,0
49.08595,-120.01724,301.24,0.63,0.54,2023-08-18,1056,N20,VIIRS,n,2,287.47,3.35,N,0
49.08605,-119.90134,302.62,0.64,0.54,2023-08-18,1056,N20,VIIRS,n,2,283.82,1.3,N,0
49.08606,-120.07549,328.6,0.62,0.54,2023-08-18,1056,N20,VIIRS,n,2,285.91,5.04,N,0
49.08687,-119.94308,320.27,0.63,0.54,2023-08-18,1056,N20,VIIRS,n,2,288.07,2.98,N,0
49.08747,-119.92583,328.48,0.63,0.54,2023-08-18,1056,N20,VIIRS,n,2,287.13,6.78,N,0
49.08814,-120.02503,301.11,0.63,0.54,2023-08-18,1056,N20,VIIRS,n,2,287.87,2.1,N,0
49.08817,-119.90887,309.75,0.63,0.54,2023-08-18,1056,N20,VIIRS,n,2,283.58,4.38,N,0
49.08905,-119.95084,306.55,0.63,0.54,2023-08-18,1056,N20,VIIRS,n,2,286.72,2.98,N,0
49.08956,-119.93324,327.95,0.63,0.54,2023-08-18,1056,N20,VIIRS,n,2,287.76,6.78,N,0
49.09029,-119.91641,321.02,0.63,0.54,2023-08-18,1056,N20,VIIRS,n,2,285.05,4.38,N,0
49.0904,-120.07166,348.15,0.62,0.54,2023-08-18,1056,N20,VIIRS,n,2,293.19,24.64,N,0
49.09112,-119.95819,302.18,0.63,0.54,2023-08-18,1056,N20,VIIRS,n,2,287.56,2.78,N,0
49.09201,-119.94196,313.78,0.63,0.54,2023-08-18,1056,N20,VIIRS,n,2,284.72,2.98,N,0
49.0924,-119.92394,330.66,0.63,0.54,2023-08-18,1056,N20,VIIRS,n,2,286.97,6.19,N,0
49.0942,-119.94976,302.66,0.63,0.54,2023-08-18,1056,N20,VIIRS,n,2,285.01,2.98,N,0
49.0946,-119.9318,323.63,0.63,0.54,2023-08-18,1056,N20,VIIRS,n,2,287.01,6.19,N,0
49.09462,-120.02876,301.27,0.63,0.54,2023-08-18,1056,N20,VIIRS,n,2,289.05,2.1,N,0
49.09482,-120.06808,338.94,0.62,0.54,2023-08-18,1056,N20,VIIRS,n,2,288.7,24.64,N,0
49.09512,-119.91419,321.76,0.63,0.54,2023-08-18,1056,N20,VIIRS,n,2,286.92,4.38,N,0
49.09518,-120.01138,304.96,0.63,0.54,2023-08-18,1056,N20,VIIRS,n,2,287.52,2.42,N,0
49.0971,-119.94069,301.4,0.63,0.54,2023-08-18,1056,N20,VIIRS,n,2,283.15,3.64,N,0
49.09739,-119.92229,331.74,0.63,0.54,2023-08-18,1056,N20,VIIRS,n,2,286.77,6.19,N,0
49.09776,-119.96244,302.95,0.63,0.54,2023-08-18,1056,N20,VIIRS,n,2,286.15,2.78,N,0
49.09963,-119.93031,330.57,0.63,0.54,2023-08-18,1056,N20,VIIRS,n,2,287.93,6.19,N,0
49.09996,-119.91203,300.23,0.63,0.54,2023-08-18,1056,N20,VIIRS,n,2,283.55,1.41,N,0
49.10145,-120.0724,297.96,0.62,0.54,2023-08-18,1056,N20,VIIRS,n,2,285.79,1.55,N,0
49.10359,-120.08004,303.94,0.62,0.54,2023-08-18,1056,N20,VIIRS,n,2,284.95,7.09,N,0
49.10406,-119.98491,309.24,0.63,0.54,2023-08-18,1056,N20,VIIRS,n,2,286.1,3.04,N,0
49.10494,-119.96864,305.32,0.63,0.54,2023-08-18,1056,N20,VIIRS,n,2,284.62,2.2,N,0
49.10579,-120.08785,341.44,0.62,0.54,2023-08-18,1056,N20,VIIRS,n,2,287.43,7.09,N,0
49.10712,-119.97644,311.74,0.63,0.54,2023-08-18,1056,N20,VIIRS,n,2,284.34,2.2,N,0
49.10786,-120.07594,330.29,0.62,0.54,2023-08-18,1056,N20,VIIRS,n,2,289.85,7.09,N,0
49.11014,-120.08405,341.39,0.62,0.54,2023-08-18,1056,N20,VIIRS,n,2,292.64,7.09,N,0
49.11231,-120.0918,344.43,0.62,0.54,2023-08-18,1056,N20,VIIRS,n,2,291.2,12.76,N,0
49.11416,-120.09841,341.93,0.62,0.54,2023-08-18,1056,N20,VIIRS,n,2,289.1,12.76,N,0
49.11479,-119.96498,301.11,0.63,0.54,2023-08-18,1056,N20,VIIRS,n,2,280.58,1.02,N,0
49.11838,-120.09416,313.05,0.62,0.54,2023-08-18,1056,N20,VIIRS,n,2,287.66,3.27,N,0
49.12013,-120.10042,324.21,0.62,0.54,2023-08-18,1056,N20,VIIRS,n,2,288.21,7.77,N,0
49.1213,-121.25838,301.67,0.55,0.51,2023-08-18,1056,N20,VIIRS,n,2,287.28,1.94,N,0
49.12326,-121.26576,299.31,0.55,0.51,2023-08-18,1056,N20,VIIRS,n,2,285.57,1.46,N,0
49.12408,-120.09516,338.5,0.62,0.54,2023-08-18,1056,N20,VIIRS,n,2,293.19,7.77,N,0
49.12497,-121.25296,307.95,0.55,0.51,2023-08-18,1056,N20,VIIRS,n,2,287.14,1.94,N,0
49.12578,-120.10126,338.17,0.62,0.54,2023-08-18,1056,N20,VIIRS,n,2,290.59,7.77,N,0
49.12686,-121.26005,306.62,0.55,0.51,2023-08-18,1056,N20,VIIRS,n,2,286.19,1.46,N,0
49.12762,-120.08848,303.53,0.62,0.54,2023-08-18,1056,N20,VIIRS,n,2,290.72,6.68,N,0
49.12944,-120.01738,300.72,0.63,0.54,2023-08-18,1056,N20,VIIRS,n,2,287.1,1.67,N,0
49.12972,-120.09599,344.13,0.62,0.54,2023-08-18,1056,N20,VIIRS,n,2,294.47,6.68,N,0
49.13403,-120.09203,333.01,0.62,0.54,2023-08-18,1056,N20,VIIRS,n,2,292.33,6.68,N,0
49.13631,-120.10023,316.53,0.62,0.54,2023-08-18,1056,N20,VIIRS,n,2,289.21,8.78,N,0
49.13674,-120.08239,350.64,0.62,0.54,2023-08-18,1056,N20,VIIRS,n,2,297.46,22.07,N,0
49.13776,-119.88564,295.54,0.63,0.54,2023-08-18,1056,N20,VIIRS,n,2,283.76,1.18,N,0
49.13891,-120.09016,344.8,0.62,0.54,2023-08-18,1056,N20,VIIRS,n,2,294.93,22.07,N,0
49.14205,-120.10146,305.43,0.62,0.54,2023-08-18,1056,N20,VIIRS,n,2,288.53,1.61,N,0
49.14212,-120.08229,349.66,0.62,0.54,2023-08-18,1056,N20,VIIRS,n,2,291.74,22.07,N,0
49.14421,-119.86986,303.22,0.63,0.54,2023-08-18,1056,N20,VIIRS,n,2,285.12,2.73,N,0
49.14479,-120.09188,304.25,0.62,0.54,2023-08-18,1056,N20,VIIRS,n,2,287.53,22.07,N,0
49.14483,-119.89132,295.47,0.63,0.54,2023-08-18,1056,N20,VIIRS,n,2,282.31,1.91,N,0
49.14656,-119.87814,303.22,0.63,0.54,2023-08-18,1056,N20,VIIRS,n,2,285.93,1.91,N,0
49.14917,-119.88736,309.57,0.63,0.54,2023-08-18,1056,N20,VIIRS,n,2,284.4,1.91,N,0
49.15023,-120.09205,311.47,0.62,0.54,2023-08-18,1056,N20,VIIRS,n,2,287.95,5.63,N,0
49.1531,-120.10239,337.6,0.62,0.54,2023-08-18,1056,N20,VIIRS,n,2,292.01,14.11,N,0
49.1554,-120.09124,304.47,0.62,0.54,2023-08-18,1056,N20,VIIRS,n,2,286.45,5.63,N,0
49.15802,-120.09129,305.68,0.62,0.54,2023-08-18,1056,N20,VIIRS,n,2,285.75,3.58,N,0
49.15809,-120.10093,329.23,0.62,0.54,2023-08-18,1056,N20,VIIRS,n,2,284.72,14.11,N,0
49.16038,-120.08974,301.23,0.62,0.54,2023-08-18,1056,N20,VIIRS,n,2,285.06,3.16,N,0
49.16071,-120.10075,305.07,0.62,0.54,2023-08-18,1056,N20,VIIRS,n,2,282.55,3.58,N,0
49.16303,-120.0993,326.6,0.62,0.54,2023-08-18,1056,N20,VIIRS,n,2,283.92,3.44,N,0
49.1657,-120.09929,331.69,0.62,0.54,2023-08-18,1056,N20,VIIRS,n,2,285.14,3.58,N,0
49.16801,-120.06919,304.91,0.62,0.54,2023-08-18,1056,N20,VIIRS,n,2,283.71,1.65,N,0
49.16807,-120.09803,313.09,0.62,0.54,2023-08-18,1056,N20,VIIRS,n,2,282.74,3.44,N,0
49.17052,-120.06789,304.02,0.62,0.54,2023-08-18,1056,N20,VIIRS,n,2,283.47,1.62,N,0
49.19079,-119.91891,308.74,0.63,0.54,2023-08-18,1056,N20,VIIRS,n,2,286.49,2.69,N,0
49.19279,-119.92605,302.92,0.63,0.54,2023-08-18,1056,N20,VIIRS,n,2,285.71,2.69,N,0
49.19733,-120.07721,353.04,0.62,0.54,2023-08-18,1056,N20,VIIRS,n,2,287.62,8.81,N,0
49.19976,-120.08585,316.07,0.62,0.54,2023-08-18,1056,N20,VIIRS,n,2,284.55,3.41,N,0
49.20156,-120.07304,301.16,0.62,0.54,2023-08-18,1056,N20,VIIRS,n,2,284.4,8.81,N,0
49.20406,-120.08195,309.9,0.62,0.54,2023-08-18,1056,N20,VIIRS,n,2,286.12,3.41,N,0
49.20427,-119.96692,324.91,0.62,0.54,2023-08-18,1056,N20,VIIRS,n,2,290.39,7.66,N,0
49.20579,-119.97231,345.67,0.62,0.54,2023-08-18,1056,N20,VIIRS,n,2,294.34,23.14,N,0
49.20595,-120.06943,300.5,0.62,0.54,2023-08-18,1056,N20,VIIRS,n,2,285.4,2.87,N,0
49.2071,-119.97697,337.05,0.62,0.54,2023-08-18,1056,N20,VIIRS,n,2,293.62,23.14,N,0
49.20833,-120.07791,335.09,0.62,0.54,2023-08-18,1056,N20,VIIRS,n,2,292.16,13.74,N,0
49.20845,-119.98178,318.14,0.62,0.54,2023-08-18,1056,N20,VIIRS,n,2,292.29,4.51,N,0
49.20948,-119.96613,322.37,0.62,0.54,2023-08-18,1056,N20,VIIRS,n,2,304.1,52.68,N,0
49.21045,-120.08543,336.74,0.62,0.54,2023-08-18,1056,N20,VIIRS,n,2,286.37,13.74,N,0
49.21053,-120.06647,306.07,0.62,0.54,2023-08-18,1056,N20,VIIRS,n,2,286.85,2.87,N,0
49.21116,-119.97208,338.11,0.62,0.54,2023-08-18,1056,N20,VIIRS,n,2,290.78,52.68,N,0
49.21278,-120.07451,342.23,0.62,0.54,2023-08-18,1056,N20,VIIRS,n,2,293.85,13.74,N,0
49.21476,-120.0816,337.04,0.62,0.54,2023-08-18,1056,N20,VIIRS,n,2,285.87,13.74,N,0
49.21501,-120.06318,300.81,0.62,0.54,2023-08-18,1056,N20,VIIRS,n,2,286.66,1.98,N,0
49.21729,-120.07131,354.06,0.62,0.54,2023-08-18,1056,N20,VIIRS,n,2,300.04,50.43,N,0
49.21917,-120.05875,301.07,0.62,0.54,2023-08-18,1056,N20,VIIRS,n,2,287.04,1.98,N,0
49.22166,-120.06765,316.03,0.62,0.54,2023-08-18,1056,N20,VIIRS,n,2,304.97,50.43,N,0
49.2231,-120.05348,304.64,0.62,0.54,2023-08-18,1056,N20,VIIRS,n,2,288.31,2.92,N,0
49.22361,-120.07459,337.61,0.62,0.54,2023-08-18,1056,N20,VIIRS,n,2,285.78,50.43,N,0
49.22514,-120.04145,303.49,0.62,0.54,2023-08-18,1056,N20,VIIRS,n,2,288.03,2.92,N,0
49.22582,-120.06319,334.58,0.62,0.54,2023-08-18,1056,N20,VIIRS,n,2,296.82,42.87,N,0
49.22707,-120.04832,312.37,0.62,0.54,2023-08-18,1056,N20,VIIRS,n,2,289.16,2.92,N,0
49.22793,-120.07075,338.02,0.62,0.54,2023-08-18,1056,N20,VIIRS,n,2,289.64,42.87,N,0
49.22909,-120.0362,303.97,0.62,0.54,2023-08-18,1056,N20,VIIRS,n,2,289.6,11.16,N,0
49.22951,-120.05705,330.73,0.62,0.54,2023-08-18,1056,N20,VIIRS,n,2,294.07,42.87,N,0
49.23097,-120.02358,308.25,0.62,0.54,2023-08-18,1056,N20,VIIRS,n,2,289.07,3.99,N,0
49.23108,-120.00452,304.32,0.62,0.54,2023-08-18,1056,N20,VIIRS,n,2,289.92,5.95,N,0
49.23108,-120.04335,345.76,0.62,0.54,2023-08-18,1056,N20,VIIRS,n,2,291.96,11.16,N,0
49.23209,-120.06632,338.84,0.62,0.54,2023-08-18,1056,N20,VIIRS,n,2,298.13,42.87,N,0
49.23313,-120.0313,353.69,0.62,0.54,2023-08-18,1056,N20,VIIRS,n,2,294.46,11.16,N,0
49.23349,-120.05198,343.74,0.62,0.54,2023-08-18,1056,N20,VIIRS,n,2,297.53,50.5,N,0
49.2347,-120.01753,318.17,0.62,0.54,2023-08-18,1056,N20,VIIRS,n,2,290.82,5.95,N,0
49.23502,-120.03808,332.62,0.62,0.54,2023-08-18,1056,N20,VIIRS,n,2,290.41,11.16,N,0
49.2361,-120.06134,339.82,0.62,0.54,2023-08-18,1056,N20,VIIRS,n,2,295.54,50.5,N,0
49.23712,-120.02623,332.3,0.62,0.54,2023-08-18,1056,N20,VIIRS,n,2,289.52,5.71,N,0
49.23744,-120.04676,302.32,0.62,0.54,2023-08-18,1056,N20,VIIRS,n,2,288.93,50.5,N,0
49.23762,-120.00858,341.22,0.62,0.54,2023-08-18,1056,N20,VIIRS,n,2,293.44,5.95,N,0
49.2408,-120.01999,312.93,0.62,0.54,2023-08-18,1056,N20,VIIRS,n,2,289.77,5.71,N,0
49.88591,-119.59589,350.54,0.62,0.54,2023-08-18,1056,N20,VIIRS,n,2,294.16,20.36,N,0
49.88782,-119.58346,347.13,0.62,0.54,2023-08-18,1056,N20,VIIRS,n,2,297.47,20.01,N,0
49.89014,-119.57247,355.41,0.62,0.54,2023-08-18,1056,N20,VIIRS,n,2,299.28,20.73,N,0
49.89056,-119.59315,367,0.62,0.54,2023-08-18,1056,N20,VIIRS,h,2,301.44,20.36,N,0
49.89232,-119.56097,340.69,0.62,0.54,2023-08-18,1056,N20,VIIRS,n,2,296.66,20.89,N,0
49.89273,-119.58167,344.36,0.62,0.54,2023-08-18,1056,N20,VIIRS,n,2,296.66,20.73,N,0
49.8937,-119.6043,339.35,0.62,0.54,2023-08-18,1056,N20,VIIRS,n,2,292.44,20.36,N,0
49.89471,-119.56944,355.92,0.62,0.54,2023-08-18,1056,N20,VIIRS,n,2,299.34,20.73,N,0
49.89513,-119.62852,307.21,0.61,0.54,2023-08-18,1056,N20,VIIRS,n,2,286.72,29.45,N,0
49.89517,-119.5903,345.86,0.62,0.54,2023-08-18,1056,N20,VIIRS,n,2,297.8,11.88,N,0
49.89664,-119.6147,353.66,0.61,0.54,2023-08-18,1056,N20,VIIRS,n,2,297.29,29.45,N,0
49.89685,-119.5578,341.93,0.62,0.54,2023-08-18,1056,N20,VIIRS,n,2,296.07,17.76,N,0
49.89768,-119.58,346.7,0.62,0.54,2023-08-18,1056,N20,VIIRS,n,2,295.41,20.73,N,0
49.89795,-119.60014,354.45,0.62,0.54,2023-08-18,1056,N20,VIIRS,n,2,299.52,11.88,N,0
49.89918,-119.62373,350.93,0.61,0.54,2023-08-18,1056,N20,VIIRS,n,2,305.51,29.45,N,0
49.8993,-119.56647,346.72,0.62,0.54,2023-08-18,1056,N20,VIIRS,n,2,295.98,16.92,N,0
49.89976,-119.64496,299.57,0.61,0.54,2023-08-18,1056,N20,VIIRS,n,2,286.37,12.59,N,0
49.8999,-119.58784,339.49,0.62,0.54,2023-08-18,1056,N20,VIIRS,n,2,295.14,11.88,N,0
49.90059,-119.6095,339.81,0.61,0.54,2023-08-18,1056,N20,VIIRS,n,2,297.15,10.01,N,0
49.9014,-119.55469,354.96,0.62,0.54,2023-08-18,1056,N20,VIIRS,n,2,300.76,17.76,N,0
49.90156,-119.63217,354.63,0.61,0.54,2023-08-18,1056,N20,VIIRS,n,2,295.21,12.59,N,0
49.90214,-119.59582,337.35,0.62,0.54,2023-08-18,1056,N20,VIIRS,n,2,295.77,11.88,N,0
49.90257,-119.57814,367,0.62,0.54,2023-08-18,1056,N20,VIIRS,h,2,297.57,16.92,N,0
49.90276,-119.54025,311.45,0.62,0.54,2023-08-18,1056,N20,VIIRS,n,2,292.5,29.15,N,0
49.90311,-119.61848,334.6,0.61,0.54,2023-08-18,1056,N20,VIIRS,n,2,295.06,10.01,N,0
49.90371,-119.56288,349.03,0.62,0.54,2023-08-18,1056,N20,VIIRS,n,2,297.88,16.92,N,0
49.90415,-119.64135,341.17,0.61,0.54,2023-08-18,1056,N20,VIIRS,n,2,291.08,12.59,N,0
49.90469,-119.6049,335.48,0.61,0.54,2023-08-18,1056,N20,VIIRS,n,2,296.57,10.01,N,0
49.90487,-119.5863,347.74,0.62,0.54,2023-08-18,1056,N20,VIIRS,n,2,295.72,6.68,N,0
49.90572,-119.62775,338.31,0.61,0.54,2023-08-18,1056,N20,VIIRS,n,2,294.03,4.81,N,0
49.90589,-119.55137,367,0.62,0.54,2023-08-18,1056,N20,VIIRS,h,2,302.63,29.15,N,0
49.90678,-119.65071,331.43,0.61,0.54,2023-08-18,1056,N20,VIIRS,n,2,287.78,6.65,N,0
49.90683,-119.59325,336.52,0.62,0.54,2023-08-18,1056,N20,VIIRS,n,2,295.11,6.68,N,0
49.90718,-119.57525,353.12,0.62,0.54,2023-08-18,1056,N20,VIIRS,n,2,298.41,16.92,N,0
49.9075,-119.61484,344.79,0.61,0.54,2023-08-18,1056,N20,VIIRS,n,2,295.32,10.01,N,0
49.90822,-119.55968,367,0.62,0.54,2023-08-18,1056,N20,VIIRS,h,2,300.38,27.62,N,0
49.9085,-119.63763,310.34,0.61,0.54,2023-08-18,1056,N20,VIIRS,n,2,288.42,4.81,N,0
49.90916,-119.60155,323.57,0.61,0.54,2023-08-18,1056,N20,VIIRS,n,2,292.42,3.17,N,0
49.90983,-119.58466,322.05,0.62,0.54,2023-08-18,1056,N20,VIIRS,n,2,291.06,6.68,N,0
49.91037,-119.62508,300.42,0.61,0.54,2023-08-18,1056,N20,VIIRS,n,2,287.6,4.81,N,0
49.91043,-119.54826,355.95,0.62,0.54,2023-08-18,1056,N20,VIIRS,n,2,305.11,29.15,N,0
49.91136,-119.64778,319.8,0.61,0.54,2023-08-18,1056,N20,VIIRS,n,2,288.68,2.61,N,0
49.91146,-119.57119,349.22,0.62,0.54,2023-08-18,1056,N20,VIIRS,n,2,297.58,27.62,N,0
49.91162,-119.53313,311.84,0.62,0.54,2023-08-18,1056,N20,VIIRS,n,2,291.49,12.68,N,3
49.91178,-119.5916,317.44,0.62,0.54,2023-08-18,1056,N20,VIIRS,n,2,290.88,6.68,N,0
49.91204,-119.61178,321.02,0.61,0.54,2023-08-18,1056,N20,VIIRS,n,2,289.71,3.17,N,0
49.91277,-119.55656,367,0.62,0.54,2023-08-18,1056,N20,VIIRS,h,2,305.24,27.62,N,0
49.91381,-119.59884,306.68,0.61,0.54,2023-08-18,1056,N20,VIIRS,n,2,291.02,3.17,N,0
49.91478,-119.58303,318.41,0.62,0.54,2023-08-18,1056,N20,VIIRS,n,2,289.7,3.25,N,0
49.91489,-119.54478,367,0.62,0.54,2023-08-18,1056,N20,VIIRS,h,2,304.24,12.68,N,0
49.91582,-119.56746,345.54,0.62,0.54,2023-08-18,1056,N20,VIIRS,n,2,297.89,27.62,N,0
49.91584,-119.64451,308.43,0.61,0.54,2023-08-18,1056,N20,VIIRS,n,2,288.12,2.61,N,0
49.91621,-119.53015,312.77,0.62,0.54,2023-08-18,1056,N20,VIIRS,n,2,291.37,12.68,N,3
49.91635,-119.60788,307.14,0.61,0.54,2023-08-18,1056,N20,VIIRS,n,2,289.61,3.17,N,0
49.91685,-119.5904,307.85,0.62,0.54,2023-08-18,1056,N20,VIIRS,n,2,289.38,3.25,N,0
49.91728,-119.55331,351.28,0.62,0.54,2023-08-18,1056,N20,VIIRS,n,2,304.04,18.08,N,0
49.9183,-119.65331,298.23,0.61,0.54,2023-08-18,1056,N20,VIIRS,n,2,285.18,2.61,N,0
49.91875,-119.59718,301.19,0.61,0.54,2023-08-18,1056,N20,VIIRS,n,2,289.38,1.44,N,0
49.9191,-119.5405,343.22,0.62,0.54,2023-08-18,1056,N20,VIIRS,n,2,297.53,12.68,N,0
49.91947,-119.61897,303.03,0.61,0.54,2023-08-18,1056,N20,VIIRS,n,2,287.27,2.15,N,0
49.91962,-119.581,322.68,0.62,0.54,2023-08-18,1056,N20,VIIRS,n,2,291.7,3.25,N,0
49.92036,-119.56432,323.05,0.62,0.54,2023-08-18,1056,N20,VIIRS,n,2,293.43,18.08,N,0
49.92042,-119.64164,321.89,0.61,0.54,2023-08-18,1056,N20,VIIRS,n,2,289.71,8.84,N,0
49.92084,-119.60461,306.04,0.61,0.54,2023-08-18,1056,N20,VIIRS,n,2,290.43,1.44,N,0
49.92086,-119.52742,339.49,0.62,0.54,2023-08-18,1056,N20,VIIRS,n,2,293.46,4.81,N,0
49.92181,-119.55016,343.11,0.62,0.54,2023-08-18,1056,N20,VIIRS,n,2,296.36,18.08,N,0
49.92191,-119.58916,313.49,0.62,0.54,2023-08-18,1056,N20,VIIRS,n,2,288.85,3.25,N,0
49.92239,-119.62937,300.69,0.61,0.54,2023-08-18,1056,N20,VIIRS,n,2,287.08,2.15,N,0
49.9228,-119.65008,337.11,0.61,0.54,2023-08-18,1056,N20,VIIRS,n,2,286.8,8.84,N,0
49.92353,-119.6142,307.26,0.61,0.54,2023-08-18,1056,N20,VIIRS,n,2,288.27,2.19,N,0
49.92361,-119.53723,328.82,0.62,0.54,2023-08-18,1056,N20,VIIRS,n,2,293.33,4.81,N,0
49.9238,-119.5959,303.63,0.61,0.54,2023-08-18,1056,N20,VIIRS,n,2,289.09,1.44,N,0
49.92432,-119.57845,317.98,0.62,0.54,2023-08-18,1056,N20,VIIRS,n,2,290.24,2.76,N,0
49.92484,-119.63814,339.4,0.61,0.54,2023-08-18,1056,N20,VIIRS,n,2,290.5,8.84,N,0
49.92505,-119.56171,311.18,0.62,0.54,2023-08-18,1056,N20,VIIRS,n,2,291.37,18.08,N,0
49.92533,-119.51524,331.72,0.62,0.54,2023-08-18,1056,N20,VIIRS,n,2,292.17,4.62,N,0
49.92562,-119.52502,313.3,0.62,0.54,2023-08-18,1056,N20,VIIRS,n,2,293.1,4.81,N,0
49.92563,-119.60242,302.19,0.61,0.54,2023-08-18,1056,N20,VIIRS,n,2,288.07,1.44,N,0
49.92632,-119.54691,313.02,0.62,0.54,2023-08-18,1056,N20,VIIRS,n,2,293.42,2.53,N,0
49.92653,-119.62488,306.94,0.61,0.54,2023-08-18,1056,N20,VIIRS,n,2,289.47,2.19,N,0
49.92683,-119.58742,315.07,0.62,0.54,2023-08-18,1056,N20,VIIRS,n,2,289.29,2.76,N,0
49.92723,-119.64669,306.57,0.61,0.54,2023-08-18,1056,N20,VIIRS,n,2,285.23,8.84,N,0
49.92765,-119.51292,340.76,0.62,0.54,2023-08-18,1056,N20,VIIRS,n,2,294.19,5.97,N,0
49.92791,-119.61054,306.16,0.61,0.54,2023-08-18,1056,N20,VIIRS,n,2,288.75,2.19,N,0
49.92807,-119.52479,310.87,0.62,0.54,2023-08-18,1056,N20,VIIRS,n,2,292.9,4.62,N,0
49.92824,-119.5344,308.2,0.62,0.54,2023-08-18,1056,N20,VIIRS,n,2,292.67,4.81,N,0
49.9288,-119.59447,303.34,0.61,0.54,2023-08-18,1056,N20,VIIRS,n,2,287.47,1.94,N,0
49.92901,-119.5759,312.24,0.62,0.54,2023-08-18,1056,N20,VIIRS,n,2,289.24,2.76,N,0
49.92914,-119.63425,332.75,0.61,0.54,2023-08-18,1056,N20,VIIRS,n,2,288.83,4.16,N,0
49.92966,-119.55884,311.14,0.62,0.54,2023-08-18,1056,N20,VIIRS,n,2,291.52,2.53,N,0
49.93001,-119.51256,331.19,0.62,0.54,2023-08-18,1056,N20,VIIRS,n,2,293.4,4.62,N,0
49.93036,-119.52258,315.73,0.62,0.54,2023-08-18,1056,N20,VIIRS,n,2,293.55,3.48,N,0
49.93058,-119.60079,302.49,0.61,0.54,2023-08-18,1056,N20,VIIRS,n,2,287.65,1.94,N,0
49.93065,-119.5338,307.71,0.62,0.54,2023-08-18,1056,N20,VIIRS,n,2,292.73,2.61,N,0
49.93076,-119.62075,306.64,0.61,0.54,2023-08-18,1056,N20,VIIRS,n,2,289.04,2.19,N,0
49.93085,-119.54373,314.54,0.62,0.54,2023-08-18,1056,N20,VIIRS,n,2,292.96,2.53,N,0
49.93162,-119.58524,311.88,0.62,0.54,2023-08-18,1056,N20,VIIRS,n,2,288.79,2.76,N,0
49.93234,-119.51026,314.14,0.62,0.54,2023-08-18,1056,N20,VIIRS,n,2,292.07,5.97,N,0
49.93266,-119.60825,307.05,0.61,0.54,2023-08-18,1056,N20,VIIRS,n,2,287.83,7.88,N,0
49.9328,-119.52232,315.44,0.62,0.54,2023-08-18,1056,N20,VIIRS,n,2,293.98,4.62,N,0
49.93287,-119.53158,310.03,0.62,0.54,2023-08-18,1056,N20,VIIRS,n,2,293.59,3.48,N,0
49.9333,-119.54309,316.47,0.62,0.54,2023-08-18,1056,N20,VIIRS,n,2,292.82,2.61,N,0
49.93357,-119.63078,313.75,0.61,0.54,2023-08-18,1056,N20,VIIRS,n,2,287.34,4.16,N,0
49.93361,-119.59235,315.41,0.61,0.54,2023-08-18,1056,N20,VIIRS,n,2,288.09,1.94,N,0
49.93364,-119.5731,316.75,0.62,0.54,2023-08-18,1056,N20,VIIRS,n,2,289.18,2.9,N,0
49.93436,-119.55633,312.66,0.62,0.54,2023-08-18,1056,N20,VIIRS,n,2,290.93,2.53,N,0
49.93475,-119.51007,322.46,0.62,0.54,2023-08-18,1056,N20,VIIRS,n,2,292.56,4.45,N,0
49.93511,-119.52021,311.91,0.62,0.54,2023-08-18,1056,N20,VIIRS,n,2,293.36,3.48,N,0
49.93527,-119.53098,309.15,0.62,0.54,2023-08-18,1056,N20,VIIRS,n,2,293.8,2.61,N,0
49.93534,-119.5404,314.24,0.62,0.54,2023-08-18,1056,N20,VIIRS,n,2,292.85,2.31,N,0
49.93538,-119.61794,345.26,0.61,0.54,2023-08-18,1056,N20,VIIRS,n,2,290.78,7.88,N,0
49.93544,-119.59888,308.77,0.61,0.54,2023-08-18,1056,N20,VIIRS,n,2,288.94,1.94,N,0
49.93556,-119.45564,344.15,0.62,0.54,2023-08-18,1056,N20,VIIRS,n,2,293.38,7.1,N,0
49.93634,-119.58279,316.65,0.62,0.54,2023-08-18,1056,N20,VIIRS,n,2,289.41,2.9,N,0
49.93699,-119.55597,313.79,0.62,0.54,2023-08-18,1056,N20,VIIRS,n,2,290.33,2.82,N,0
49.93702,-119.5076,339.38,0.62,0.54,2023-08-18,1056,N20,VIIRS,n,2,294.64,6.86,N,3
49.93733,-119.46187,307.14,0.62,0.54,2023-08-18,1056,N20,VIIRS,n,2,291.27,7.1,N,0
49.93754,-119.60637,316.39,0.61,0.54,2023-08-18,1056,N20,VIIRS,n,2,289.59,7.88,N,0
49.93769,-119.52037,310.87,0.62,0.54,2023-08-18,1056,N20,VIIRS,n,2,292.72,4.45,N,0
49.93779,-119.53979,311.6,0.62,0.54,2023-08-18,1056,N20,VIIRS,n,2,293.67,2.61,N,0
49.93797,-119.56927,315.49,0.62,0.54,2023-08-18,1056,N20,VIIRS,n,2,289.27,2.9,N,0
49.93804,-119.45296,355.74,0.62,0.54,2023-08-18,1056,N20,VIIRS,n,2,297.87,18.31,N,0
49.93839,-119.59011,320.04,0.61,0.54,2023-08-18,1056,N20,VIIRS,n,2,289.96,4.97,N,0
49.93865,-119.5523,311.74,0.62,0.54,2023-08-18,1056,N20,VIIRS,n,2,290.56,2.31,N,0
49.93943,-119.50741,338.34,0.62,0.54,2023-08-18,1056,N20,VIIRS,n,2,294.75,4.45,N,0
49.93988,-119.53727,312.82,0.62,0.54,2023-08-18,1056,N20,VIIRS,n,2,293.74,2.31,N,0
49.9399,-119.4596,336.04,0.62,0.54,2023-08-18,1056,N20,VIIRS,n,2,292.9,8.59,N,0
49.94007,-119.51859,311.78,0.62,0.54,2023-08-18,1056,N20,VIIRS,n,2,292.54,3.47,N,0
49.94017,-119.61578,353.57,0.61,0.54,2023-08-18,1056,N20,VIIRS,n,2,289.79,7.88,N,0
49.94018,-119.45273,347.13,0.62,0.54,2023-08-18,1056,N20,VIIRS,n,2,296.84,17.61,N,0
49.94027,-119.59685,315.63,0.61,0.54,2023-08-18,1056,N20,VIIRS,n,2,290.29,4.97,N,0
49.94028,-119.56746,311.43,0.62,0.54,2023-08-18,1056,N20,VIIRS,n,2,288.65,2.82,N,0
49.94049,-119.57828,307.3,0.62,0.54,2023-08-18,1056,N20,VIIRS,n,2,288.72,2.9,N,0
49.94076,-119.55018,309.18,0.62,0.54,2023-08-18,1056,N20,VIIRS,n,2,291.27,2.82,N,0
49.94167,-119.50485,325.56,0.62,0.54,2023-08-18,1056,N20,VIIRS,n,2,293.26,6.86,N,0
49.94191,-119.56402,301.99,0.62,0.54,2023-08-18,1056,N20,VIIRS,n,2,288.71,2.67,N,0
49.94202,-119.45919,341.35,0.62,0.54,2023-08-18,1056,N20,VIIRS,n,2,295.98,17.61,N,0
49.94238,-119.60435,327.63,0.61,0.54,2023-08-18,1056,N20,VIIRS,n,2,290.61,19.28,N,0
49.94247,-119.54659,311.15,0.62,0.54,2023-08-18,1056,N20,VIIRS,n,2,292.73,2.31,N,0
49.94249,-119.5372,310.14,0.62,0.54,2023-08-18,1056,N20,VIIRS,n,2,293.23,3.96,N,0
49.9427,-119.57593,304.96,0.61,0.54,2023-08-18,1056,N20,VIIRS,n,2,289.98,3.91,N,0
49.94277,-119.51913,314.8,0.62,0.54,2023-08-18,1056,N20,VIIRS,n,2,292.71,4.45,N,0
49.94292,-119.587,324.3,0.61,0.54,2023-08-18,1056,N20,VIIRS,n,2,291.95,4.97,N,0
49.94351,-121.28094,296.96,0.52,0.5,2023-08-18,1056,N20,VIIRS,n,2,275.9,1.75,N,0
49.94408,-119.50465,319.94,0.62,0.54,2023-08-18,1056,N20,VIIRS,n,2,292.81,4.41,N,0
49.94461,-119.44913,342.78,0.62,0.54,2023-08-18,1056,N20,VIIRS,n,2,298.49,17.61,N,0
49.94473,-119.54507,314.32,0.62,0.54,2023-08-18,1056,N20,VIIRS,n,2,293.48,2.92,N,0
49.9448,-119.53554,305.16,0.62,0.54,2023-08-18,1056,N20,VIIRS,n,2,292.54,2.22,N,0
49.94502,-119.59452,326.88,0.61,0.54,2023-08-18,1056,N20,VIIRS,n,2,291.42,4.97,N,0
49.94512,-119.51724,322.33,0.62,0.54,2023-08-18,1056,N20,VIIRS,n,2,293.6,3.47,N,0
49.94538,-119.58533,319.1,0.61,0.54,2023-08-18,1056,N20,VIIRS,n,2,290.95,3.91,N,0
49.94548,-119.5574,305.12,0.62,0.54,2023-08-18,1056,N20,VIIRS,n,2,290.32,2.67,N,0
49.94622,-119.50172,306.55,0.62,0.54,2023-08-18,1056,N20,VIIRS,n,2,292.25,2.7,N,0
49.94629,-119.41673,300.26,0.62,0.54,2023-08-18,1056,N20,VIIRS,n,2,285.92,2.2,N,0
49.94671,-119.45653,338.95,0.62,0.54,2023-08-18,1056,N20,VIIRS,n,2,295.29,17.61,N,0
49.94691,-119.54309,310.68,0.62,0.54,2023-08-18,1056,N20,VIIRS,n,2,293.18,2.22,N,0
49.94692,-119.58197,313.07,0.61,0.54,2023-08-18,1056,N20,VIIRS,n,2,290.71,23.4,N,0
49.94715,-119.60213,355.1,0.61,0.54,2023-08-18,1056,N20,VIIRS,n,2,295.99,19.28,N,0
49.94751,-119.53574,307.36,0.62,0.54,2023-08-18,1056,N20,VIIRS,n,2,292.27,3.96,N,0
49.94756,-119.555,310.65,0.62,0.54,2023-08-18,1056,N20,VIIRS,n,2,291.71,2.92,N,0
49.94775,-119.51749,323.32,0.62,0.54,2023-08-18,1056,N20,VIIRS,n,2,293.76,4.41,N,0
49.94779,-119.59376,331.7,0.61,0.54,2023-08-18,1056,N20,VIIRS,n,2,291.78,34.9,N,0
49.9478,-119.5269,310.58,0.62,0.54,2023-08-18,1056,N20,VIIRS,n,2,291.48,3.47,N,0
49.94865,-119.50162,311.27,0.62,0.54,2023-08-18,1056,N20,VIIRS,n,2,293.19,4.41,N,0
49.94913,-119.44585,344.12,0.62,0.54,2023-08-18,1056,N20,VIIRS,n,2,300.59,21.82,N,0
49.94919,-119.57969,309.72,0.61,0.54,2023-08-18,1056,N20,VIIRS,n,2,290.86,3.91,N,0
49.94931,-119.55167,314.31,0.62,0.54,2023-08-18,1056,N20,VIIRS,n,2,293.05,3.38,N,0
49.94955,-119.54292,309.46,0.62,0.54,2023-08-18,1056,N20,VIIRS,n,2,292.97,2.92,N,0
49.94967,-119.59184,338.93,0.61,0.54,2023-08-18,1056,N20,VIIRS,n,2,293.96,23.4,N,0
49.94991,-119.51502,320.53,0.62,0.54,2023-08-18,1056,N20,VIIRS,n,2,293.62,6.38,N,0
49.94997,-119.53469,311.68,0.62,0.54,2023-08-18,1056,N20,VIIRS,n,2,291.87,2.22,N,0
49.94997,-119.60146,339.15,0.61,0.54,2023-08-18,1056,N20,VIIRS,n,2,288.16,34.9,N,0
49.9505,-119.52715,320.5,0.62,0.54,2023-08-18,1056,N20,VIIRS,n,2,292.23,9.8,N,0
49.95073,-119.5762,311.21,0.61,0.54,2023-08-18,1056,N20,VIIRS,n,2,291.24,23.4,N,0
49.95076,-119.49854,317.4,0.62,0.54,2023-08-18,1056,N20,VIIRS,n,2,293.24,2.7,N,0
49.95086,-119.41359,309.66,0.62,0.54,2023-08-18,1056,N20,VIIRS,n,2,279.51,1.48,N,0
49.9513,-119.45352,338.69,0.62,0.54,2023-08-18,1056,N20,VIIRS,n,2,292.55,21.82,N,0
49.95172,-119.55055,318.22,0.62,0.54,2023-08-18,1056,N20,VIIRS,n,2,294.02,2.92,N,0
49.95187,-119.59972,337.92,0.61,0.54,2023-08-18,1056,N20,VIIRS,n,2,290.61,30.61,N,0
49.9519,-119.5416,312.05,0.62,0.54,2023-08-18,1056,N20,VIIRS,n,2,293.02,2.22,N,0
49.95191,-119.56106,307.88,0.62,0.54,2023-08-18,1056,N20,VIIRS,n,2,291.95,3.38,N,0
49.95234,-119.59072,339.08,0.61,0.54,2023-08-18,1056,N20,VIIRS,n,2,305.7,34.9,N,0
49.95247,-119.51499,322.48,0.62,0.54,2023-08-18,1056,N20,VIIRS,n,2,293.46,4.41,N,0
49.95271,-119.53493,319.97,0.62,0.54,2023-08-18,1056,N20,VIIRS,n,2,292.06,9.8,N,0
49.95286,-119.52562,342.66,0.62,0.54,2023-08-18,1056,N20,VIIRS,n,2,294.6,6.38,N,0
49.95303,-119.57416,312.77,0.61,0.54,2023-08-18,1056,N20,VIIRS,n,2,291.67,4.14,N,0
49.95314,-119.49827,333.88,0.62,0.54,2023-08-18,1056,N20,VIIRS,n,2,293.46,5.66,N,0
49.95317,-119.42175,302.96,0.62,0.54,2023-08-18,1056,N20,VIIRS,n,2,287.59,2.09,N,0
49.95375,-119.44296,314.6,0.62,0.54,2023-08-18,1056,N20,VIIRS,n,2,292.29,21.82,N,0
49.9538,-119.54841,319.16,0.62,0.54,2023-08-18,1056,N20,VIIRS,n,2,293.93,3.38,N,0
49.95409,-119.58832,347.93,0.61,0.54,2023-08-18,1056,N20,VIIRS,n,2,301.15,23.4,N,0
49.9542,-119.55927,316.55,0.61,0.54,2023-08-18,1056,N20,VIIRS,n,2,293.15,4.14,N,0
49.9545,-119.51205,318.64,0.62,0.54,2023-08-18,1056,N20,VIIRS,n,2,293.2,6.38,N,0
49.95461,-119.5707,311.08,0.61,0.54,2023-08-18,1056,N20,VIIRS,n,2,291.39,6.27,N,0
49.95462,-119.54164,315.39,0.62,0.54,2023-08-18,1056,N20,VIIRS,n,2,293.1,7.28,N,0
49.95467,-119.59889,338.64,0.61,0.54,2023-08-18,1056,N20,VIIRS,n,2,289.73,34.9,N,0
49.95512,-119.53374,367,0.62,0.54,2023-08-18,1056,N20,VIIRS,h,2,296.45,9.76,N,0
49.9555,-119.41071,308.29,0.62,0.54,2023-08-18,1056,N20,VIIRS,n,2,279.53,1.48,N,0
49.95552,-119.52574,344.72,0.62,0.54,2023-08-18,1056,N20,VIIRS,n,2,295.27,9.8,N,0
49.9559,-119.45052,340.16,0.62,0.54,2023-08-18,1056,N20,VIIRS,n,2,297.4,21.82,N,0
49.95604,-119.55643,320.24,0.62,0.54,2023-08-18,1056,N20,VIIRS,n,2,293.6,3.38,N,0
49.95646,-119.54813,334.48,0.62,0.54,2023-08-18,1056,N20,VIIRS,n,2,300.22,7.28,N,0
49.95646,-119.58616,355.71,0.61,0.54,2023-08-18,1056,N20,VIIRS,n,2,293.6,8.08,N,0
49.95648,-119.5969,337.62,0.61,0.54,2023-08-18,1056,N20,VIIRS,n,2,286.76,30.61,N,0
49.95697,-119.51174,320.92,0.62,0.54,2023-08-18,1056,N20,VIIRS,n,2,292.66,5.66,N,0
49.95699,-119.54043,321.9,0.62,0.54,2023-08-18,1056,N20,VIIRS,n,2,292.96,9.76,N,0
49.95705,-119.56927,312.17,0.61,0.54,2023-08-18,1056,N20,VIIRS,n,2,291.43,4.14,N,0
49.95737,-119.49403,308.48,0.62,0.54,2023-08-18,1056,N20,VIIRS,n,2,291.78,5.66,N,3
49.9577,-119.41848,302.81,0.62,0.54,2023-08-18,1056,N20,VIIRS,n,2,285.83,2.09,N,0
49.95773,-119.5237,331.28,0.62,0.54,2023-08-18,1056,N20,VIIRS,n,2,292.81,6.38,N,0
49.95783,-119.53386,367,0.62,0.54,2023-08-18,1056,N20,VIIRS,h,2,296.74,9.8,N,0
49.95787,-119.58249,345.3,0.61,0.54,2023-08-18,1056,N20,VIIRS,n,2,295.44,6.27,N,0
49.9586,-119.55564,343.82,0.61,0.54,2023-08-18,1056,N20,VIIRS,n,2,297.65,10.42,N,0
49.95872,-119.54665,333.92,0.62,0.54,2023-08-18,1056,N20,VIIRS,n,2,299.93,11.21,N,0
49.95875,-119.56618,314.35,0.61,0.54,2023-08-18,1056,N20,VIIRS,n,2,291.82,6.27,N,0
49.95919,-119.59576,313.93,0.61,0.54,2023-08-18,1056,N20,VIIRS,n,2,286.35,8.08,N,0
49.95972,-119.54051,331.13,0.62,0.54,2023-08-18,1056,N20,VIIRS,n,2,292.35,7.28,N,0
49.96019,-119.42726,309.46,0.62,0.54,2023-08-18,1056,N20,VIIRS,n,2,278.64,2.09,N,0
49.96019,-119.53257,331.39,0.62,0.54,2023-08-18,1056,N20,VIIRS,n,2,291.78,9.76,N,0
49.96022,-119.5804,331.78,0.61,0.54,2023-08-18,1056,N20,VIIRS,n,2,294.1,8.08,N,0
49.96034,-119.52357,336.1,0.62,0.54,2023-08-18,1056,N20,VIIRS,n,2,293.5,29.9,N,0
49.96069,-119.55372,343.89,0.62,0.54,2023-08-18,1056,N20,VIIRS,n,2,301.61,11.21,N,0
49.96085,-119.59322,326.42,0.61,0.54,2023-08-18,1056,N20,VIIRS,n,2,288.25,11.59,N,0
49.96118,-119.50744,326.72,0.62,0.54,2023-08-18,1056,N20,VIIRS,n,2,294.02,5.66,N,0
49.96122,-119.5649,324.07,0.61,0.54,2023-08-18,1056,N20,VIIRS,n,2,293.76,10.42,N,0
49.96144,-119.54658,326.39,0.62,0.54,2023-08-18,1056,N20,VIIRS,n,2,294.17,7.28,N,0
49.9618,-119.57716,325.89,0.61,0.54,2023-08-18,1056,N20,VIIRS,n,2,294.12,6.27,N,0
49.96204,-119.5392,344.69,0.62,0.54,2023-08-18,1056,N20,VIIRS,n,2,294.31,9.76,N,0
49.96229,-119.41544,299.88,0.62,0.54,2023-08-18,1056,N20,VIIRS,n,2,275.14,1.07,N,0
49.96272,-119.43616,309.85,0.62,0.54,2023-08-18,1056,N20,VIIRS,n,2,284.68,6.26,N,0
49.96285,-119.53242,350.88,0.62,0.54,2023-08-18,1056,N20,VIIRS,n,2,294.79,29.9,N,0
49.96303,-119.56213,330.31,0.61,0.54,2023-08-18,1056,N20,VIIRS,n,2,295.07,37.62,N,0
49.96334,-119.55325,343.43,0.61,0.54,2023-08-18,1056,N20,VIIRS,n,2,299.69,10.42,N,0
49.96339,-119.59153,334.17,0.61,0.54,2023-08-18,1056,N20,VIIRS,n,2,291.79,8.08,N,0
49.96373,-119.54523,329.63,0.62,0.54,2023-08-18,1056,N20,VIIRS,n,2,293.44,11.21,N,0
49.96392,-119.47878,316.53,0.62,0.54,2023-08-18,1056,N20,VIIRS,n,2,288.69,10.7,N,3
49.96423,-119.57546,339.27,0.61,0.54,2023-08-18,1056,N20,VIIRS,n,2,297.21,65.12,N,0
49.96473,-119.53902,353.69,0.62,0.54,2023-08-18,1056,N20,VIIRS,n,2,297.33,68.07,N,0
49.96483,-119.52026,349.81,0.62,0.54,2023-08-18,1056,N20,VIIRS,n,2,302.93,29.9,N,0
49.96485,-119.58817,347.49,0.61,0.54,2023-08-18,1056,N20,VIIRS,n,2,296.62,11.59,N,0
49.965,-119.50179,324.39,0.62,0.54,2023-08-18,1056,N20,VIIRS,n,2,294.35,10.74,N,0
49.9655,-119.55161,343.82,0.62,0.54,2023-08-18,1056,N20,VIIRS,n,2,299.54,11.21,N,0
49.96556,-119.5611,338.02,0.61,0.54,2023-08-18,1056,N20,VIIRS,n,2,296.96,10.42,N,0
49.96584,-119.57228,349.01,0.61,0.54,2023-08-18,1056,N20,VIIRS,n,2,300.38,37.62,N,0
49.96601,-119.60072,308.93,0.61,0.54,2023-08-18,1056,N20,VIIRS,n,2,286.33,2.34,N,0
49.96621,-119.48684,323.88,0.62,0.54,2023-08-18,1056,N20,VIIRS,n,2,288.92,10.74,N,3
49.96624,-119.4678,309.5,0.62,0.54,2023-08-18,1056,N20,VIIRS,n,2,286.76,4.3,N,3
49.96641,-119.54496,353.75,0.62,0.54,2023-08-18,1056,N20,VIIRS,n,2,297.08,68.07,N,0
49.96707,-119.43229,302.83,0.62,0.54,2023-08-18,1056,N20,VIIRS,n,2,272.01,2.13,N,0
49.96725,-119.58607,351.15,0.61,0.54,2023-08-18,1056,N20,VIIRS,n,2,305.06,65.12,N,0
49.96753,-119.55888,352.57,0.61,0.54,2023-08-18,1056,N20,VIIRS,n,2,299.31,37.62,N,0
49.96755,-119.52984,356.26,0.62,0.54,2023-08-18,1056,N20,VIIRS,n,2,307.99,29.9,N,0
49.96767,-119.59835,337.53,0.61,0.54,2023-08-18,1056,N20,VIIRS,n,2,288.08,11.59,N,0
49.9682,-119.55126,351.37,0.61,0.54,2023-08-18,1056,N20,VIIRS,n,2,300.05,203.95,N,0
49.96828,-119.57064,356.38,0.61,0.54,2023-08-18,1056,N20,VIIRS,n,2,306.24,65.12,N,0
49.96848,-119.47568,327.48,0.62,0.54,2023-08-18,1056,N20,VIIRS,n,2,285.2,4.3,N,3
49.9687,-119.58257,336.35,0.61,0.54,2023-08-18,1056,N20,VIIRS,n,2,313.62,116.94,N,0
49.96886,-119.49619,348.18,0.62,0.54,2023-08-18,1056,N20,VIIRS,n,2,291.53,10.74,N,0
49.96915,-119.51639,354.41,0.62,0.54,2023-08-18,1056,N20,VIIRS,n,2,302.59,173.17,N,0
49.96938,-119.44044,315.15,0.62,0.54,2023-08-18,1056,N20,VIIRS,n,2,278.9,2.13,N,0
49.96955,-119.53689,348.48,0.62,0.54,2023-08-18,1056,N20,VIIRS,n,2,313.02,68.07,N,0
49.96993,-119.56754,341.58,0.61,0.54,2023-08-18,1056,N20,VIIRS,n,2,310.95,37.62,N,0
49.97019,-119.55828,351.45,0.61,0.54,2023-08-18,1056,N20,VIIRS,n,2,305.15,203.95,N,0
49.97025,-119.59663,339.49,0.61,0.54,2023-08-18,1056,N20,VIIRS,n,2,292.93,114.37,N,0
49.97081,-119.46471,309.43,0.62,0.54,2023-08-18,1056,N20,VIIRS,n,2,285.43,4.3,N,3
49.97112,-119.58064,325.27,0.61,0.54,2023-08-18,1056,N20,VIIRS,n,2,323.89,65.12,N,0
49.97129,-119.54305,334.42,0.62,0.54,2023-08-18,1056,N20,VIIRS,n,2,319.8,68.07,N,0
49.97149,-119.44788,301.03,0.62,0.54,2023-08-18,1056,N20,VIIRS,n,2,285.3,1.63,N,0
49.9717,-119.59341,326.25,0.61,0.54,2023-08-18,1056,N20,VIIRS,n,2,313.09,116.94,N,0
49.97202,-119.5265,367,0.62,0.54,2023-08-18,1056,N20,VIIRS,h,2,333.27,173.17,N,0
49.97264,-119.57732,340.19,0.61,0.54,2023-08-18,1056,N20,VIIRS,n,2,313.06,116.94,N,0
49.97304,-119.47257,318.2,0.62,0.54,2023-08-18,1056,N20,VIIRS,n,2,284.28,4.3,N,3
49.97311,-119.54947,367,0.61,0.54,2023-08-18,1056,N20,VIIRS,h,2,324.49,203.95,N,0
49.97313,-119.51128,347.8,0.62,0.54,2023-08-18,1056,N20,VIIRS,n,2,302.56,173.17,N,0
49.97338,-119.45458,301.71,0.62,0.54,2023-08-18,1056,N20,VIIRS,n,2,285.26,1.63,N,3
49.97394,-119.43732,315.36,0.62,0.54,2023-08-18,1056,N20,VIIRS,n,2,274.73,2.13,N,0
49.97407,-119.59104,333.78,0.61,0.54,2023-08-18,1056,N20,VIIRS,n,2,309.65,114.37,N,0
49.97502,-119.55623,367,0.61,0.54,2023-08-18,1056,N20,VIIRS,h,2,322.38,203.95,N,0
49.97507,-119.57549,356.2,0.61,0.54,2023-08-18,1056,N20,VIIRS,n,2,294.62,298.78,N,0
49.97539,-119.46166,305.17,0.62,0.54,2023-08-18,1056,N20,VIIRS,n,2,284.63,2.53,N,3
49.97545,-119.58746,340.78,0.61,0.54,2023-08-18,1056,N20,VIIRS,n,2,293.29,116.94,N,0
49.97616,-119.52196,367,0.62,0.54,2023-08-18,1056,N20,VIIRS,h,2,322.43,173.17,N,0
49.97618,-119.44524,304.9,0.62,0.54,2023-08-18,1056,N20,VIIRS,n,2,282.94,1.63,N,0
49.97667,-119.50459,345.13,0.62,0.54,2023-08-18,1056,N20,VIIRS,n,2,297.15,55.73,N,0
49.97705,-119.56339,333.45,0.61,0.54,2023-08-18,1056,N20,VIIRS,n,2,313.59,298.78,N,0
49.9776,-119.46947,307.68,0.62,0.54,2023-08-18,1056,N20,VIIRS,n,2,285.44,2.53,N,3
49.97783,-119.58524,307.75,0.61,0.54,2023-08-18,1056,N20,VIIRS,n,2,289.21,4.55,N,0
49.97795,-119.54745,349.54,0.61,0.54,2023-08-18,1056,N20,VIIRS,n,2,300.59,50.07,N,0
49.97861,-119.43459,299.51,0.62,0.54,2023-08-18,1056,N20,VIIRS,n,2,283.93,1.81,N,0
49.97928,-119.57126,328.31,0.61,0.54,2023-08-18,1056,N20,VIIRS,n,2,290.93,298.78,N,0
49.97985,-119.47746,311.81,0.62,0.54,2023-08-18,1056,N20,VIIRS,n,2,286.94,3.88,N,3
49.97991,-119.55436,348.39,0.61,0.54,2023-08-18,1056,N20,VIIRS,n,2,291.15,50.07,N,0
49.98031,-119.51746,350.13,0.62,0.54,2023-08-18,1056,N20,VIIRS,n,2,294.9,55.73,N,0
49.9804,-119.49861,346.75,0.62,0.54,2023-08-18,1056,N20,VIIRS,n,2,290.75,55.73,N,0
49.98064,-119.53778,345.57,0.62,0.54,2023-08-18,1056,N20,VIIRS,n,2,306.4,0,N,0
49.98184,-119.56118,322,0.61,0.54,2023-08-18,1056,N20,VIIRS,n,2,290.81,2.78,N,0
49.98213,-119.4855,316.13,0.62,0.54,2023-08-18,1056,N20,VIIRS,n,2,288.34,3.88,N,3
49.98277,-119.54534,337.91,0.61,0.54,2023-08-18,1056,N20,VIIRS,n,2,289.84,50.07,N,0
49.983,-119.52697,345.03,0.62,0.54,2023-08-18,1056,N20,VIIRS,n,2,290.49,6.34,N,0
49.98388,-119.56837,306.17,0.61,0.54,2023-08-18,1056,N20,VIIRS,n,2,290.6,2.78,N,0
49.98431,-119.51241,330.71,0.62,0.54,2023-08-18,1056,N20,VIIRS,n,2,290.33,55.73,N,0
49.9847,-119.49458,314,0.62,0.54,2023-08-18,1056,N20,VIIRS,n,2,291.18,3.1,N,0
49.9848,-119.55251,317.7,0.61,0.54,2023-08-18,1056,N20,VIIRS,n,2,289.24,50.07,N,0
49.98528,-119.53502,325.19,0.62,0.54,2023-08-18,1056,N20,VIIRS,n,2,289.37,6.34,N,0
49.9867,-119.55921,316.32,0.61,0.54,2023-08-18,1056,N20,VIIRS,n,2,289.8,2.78,N,0
49.9875,-119.52372,337.51,0.62,0.54,2023-08-18,1056,N20,VIIRS,n,2,289.13,6.34,N,0
49.98755,-119.54305,315.79,0.61,0.54,2023-08-18,1056,N20,VIIRS,n,2,288.81,1.96,N,0
49.988,-119.50628,306.88,0.62,0.54,2023-08-18,1056,N20,VIIRS,n,2,292.07,3.1,N,0
49.98962,-119.55038,303.24,0.61,0.54,2023-08-18,1056,N20,VIIRS,n,2,288.81,1.96,N,0
49.98999,-119.53253,316.59,0.62,0.54,2023-08-18,1056,N20,VIIRS,n,2,288.03,6.34,N,0
49.99186,-119.51997,305.06,0.62,0.54,2023-08-18,1056,N20,VIIRS,n,2,289.3,2.24,N,0
50.04565,-121.49512,309.37,0.51,0.49,2023-08-18,1056,N20,VIIRS,n,2,284.56,4.02,N,0
50.3875,-120.41932,302.45,0.55,0.51,2023-08-18,1056,N20,VIIRS,n,2,281.81,1.21,N,0
50.38954,-120.42692,312.54,0.55,0.51,2023-08-18,1056,N20,VIIRS,n,2,285.66,1.81,N,0
50.39191,-120.41664,312.35,0.55,0.51,2023-08-18,1056,N20,VIIRS,n,2,281.72,1.21,N,0
50.39394,-120.42419,296.65,0.55,0.51,2023-08-18,1056,N20,VIIRS,n,2,284.1,1.81,N,0
50.39622,-120.43267,297.85,0.55,0.51,2023-08-18,1056,N20,VIIRS,n,2,285.34,1.81,N,0
50.39827,-120.42122,310.87,0.55,0.51,2023-08-18,1056,N20,VIIRS,n,2,287.42,2.19,N,0
50.40056,-120.42976,301.86,0.55,0.51,2023-08-18,1056,N20,VIIRS,n,2,286,2.19,N,0
50.40261,-120.41831,310.03,0.55,0.51,2023-08-18,1056,N20,VIIRS,n,2,287.44,2.19,N,0
50.4048,-120.42647,310.18,0.55,0.51,2023-08-18,1056,N20,VIIRS,n,2,286.68,2.19,N,0
50.40518,-120.40878,315,0.55,0.51,2023-08-18,1056,N20,VIIRS,n,2,287.13,4.23,N,0
50.40701,-120.4156,305.96,0.55,0.51,2023-08-18,1056,N20,VIIRS,n,2,287.08,2.49,N,0
50.40714,-120.43517,297.41,0.55,0.51,2023-08-18,1056,N20,VIIRS,n,2,284.13,2.38,N,0
50.40715,-120.45431,304.02,0.55,0.51,2023-08-18,1056,N20,VIIRS,n,2,284.13,1.25,N,0
50.40793,-120.40734,320.56,0.55,0.51,2023-08-18,1056,N20,VIIRS,n,2,287.94,2.75,N,0
50.40902,-120.42308,306.32,0.55,0.51,2023-08-18,1056,N20,VIIRS,n,2,287.76,2.49,N,0
50.40965,-120.40634,321.48,0.55,0.51,2023-08-18,1056,N20,VIIRS,n,2,288.5,4.23,N,0
50.40973,-120.41394,312.61,0.55,0.51,2023-08-18,1056,N20,VIIRS,n,2,287.67,2.75,N,0
50.4113,-120.43163,311.71,0.55,0.51,2023-08-18,1056,N20,VIIRS,n,2,287.27,2.84,N,0
50.41141,-120.41292,314.27,0.55,0.51,2023-08-18,1056,N20,VIIRS,n,2,287.41,2.49,N,0
50.41173,-120.42122,308.63,0.55,0.51,2023-08-18,1056,N20,VIIRS,n,2,288.03,1.93,N,0
50.4122,-120.39673,304.84,0.55,0.51,2023-08-18,1056,N20,VIIRS,n,2,285.67,4.07,N,0
50.41239,-120.40484,317.03,0.55,0.51,2023-08-18,1056,N20,VIIRS,n,2,287.56,2.75,N,0
50.41333,-120.42006,310.86,0.55,0.51,2023-08-18,1056,N20,VIIRS,n,2,287.76,2.49,N,0
50.41399,-120.42946,311.11,0.55,0.51,2023-08-18,1056,N20,VIIRS,n,2,288.39,1.93,N,0
50.41408,-120.40376,320.47,0.55,0.51,2023-08-18,1056,N20,VIIRS,n,2,287.26,4.07,N,0
50.41418,-120.41138,309.62,0.55,0.51,2023-08-18,1056,N20,VIIRS,n,2,285.84,2.75,N,0
50.41487,-120.3951,301.64,0.55,0.51,2023-08-18,1056,N20,VIIRS,n,2,285.68,3.43,N,0
50.41553,-120.4283,308.43,0.55,0.51,2023-08-18,1056,N20,VIIRS,n,2,287.71,2.84,N,0
50.41585,-120.41036,305.48,0.55,0.51,2023-08-18,1056,N20,VIIRS,n,2,285.52,1.91,N,0
50.41613,-120.41852,309.16,0.55,0.51,2023-08-18,1056,N20,VIIRS,n,2,287.52,1.93,N,0
50.41679,-120.40212,325.26,0.55,0.51,2023-08-18,1056,N20,VIIRS,n,2,287.97,2.74,N,0
50.41775,-120.41747,304.18,0.55,0.51,2023-08-18,1056,N20,VIIRS,n,2,286.83,1.91,N,0
50.41832,-120.42649,304.2,0.55,0.51,2023-08-18,1056,N20,VIIRS,n,2,286.91,1.93,N,0
50.41845,-120.40092,326.01,0.55,0.51,2023-08-18,1056,N20,VIIRS,n,2,288.5,4.07,N,0
50.41861,-120.40879,303.19,0.55,0.51,2023-08-18,1056,N20,VIIRS,n,2,285.01,2.74,N,0
50.42027,-120.40771,300.54,0.55,0.51,2023-08-18,1056,N20,VIIRS,n,2,285.27,1.91,N,0
50.42113,-120.39922,326,0.55,0.51,2023-08-18,1056,N20,VIIRS,n,2,289.65,2.74,N,0
50.42277,-120.39793,315.99,0.55,0.51,2023-08-18,1056,N20,VIIRS,n,2,288.3,2.97,N,0
50.423,-120.40607,306.72,0.55,0.51,2023-08-18,1056,N20,VIIRS,n,2,286.74,2.74,N,0
50.42461,-120.4048,305.19,0.55,0.51,2023-08-18,1056,N20,VIIRS,n,2,286.54,2.21,N,0
50.42525,-120.38807,307,0.55,0.51,2023-08-18,1056,N20,VIIRS,n,2,286.79,2.97,N,0
50.42543,-120.39617,306.79,0.55,0.51,2023-08-18,1056,N20,VIIRS,n,2,288.05,1.84,N,0
50.42708,-120.3949,308.47,0.55,0.51,2023-08-18,1056,N20,VIIRS,n,2,287.86,2.97,N,0
50.42731,-120.40302,306.24,0.55,0.51,2023-08-18,1056,N20,VIIRS,n,2,287.15,1.84,N,0
50.42792,-120.38643,319.3,0.55,0.51,2023-08-18,1056,N20,VIIRS,n,2,288.45,4.74,N,0
50.42892,-120.40179,303.77,0.55,0.51,2023-08-18,1056,N20,VIIRS,n,2,286.89,2.21,N,0
50.42978,-120.39323,313.64,0.55,0.51,2023-08-18,1056,N20,VIIRS,n,2,287.19,1.84,N,0
50.43029,-120.37627,298.57,0.55,0.51,2023-08-18,1056,N20,VIIRS,n,2,286.66,3.53,N,0
50.43166,-120.40015,300.78,0.55,0.51,2023-08-18,1056,N20,VIIRS,n,2,286.63,1.84,N,0
50.43229,-120.38361,324.64,0.55,0.51,2023-08-18,1056,N20,VIIRS,n,2,289.07,3.53,N,0
50.43415,-120.39046,308.02,0.55,0.51,2023-08-18,1056,N20,VIIRS,n,2,286.53,2.75,N,0
50.43468,-120.37352,323.39,0.55,0.51,2023-08-18,1056,N20,VIIRS,n,2,288.8,3.53,N,0
50.43667,-120.38083,325.88,0.55,0.51,2023-08-18,1056,N20,VIIRS,n,2,289.62,3.53,N,0
50.43903,-120.37062,311.16,0.55,0.51,2023-08-18,1056,N20,VIIRS,n,2,287.93,4.61,N,0
50.44102,-120.37793,336.38,0.55,0.51,2023-08-18,1056,N20,VIIRS,n,2,290.31,4.61,N,0
50.44532,-120.37486,321.96,0.55,0.51,2023-08-18,1056,N20,VIIRS,n,2,287.55,4.61,N,0
50.47799,-117.61199,321.66,0.36,0.57,2023-08-18,1056,N20,VIIRS,n,2,289.44,1.46,N,0
50.48115,-117.60307,307.09,0.36,0.57,2023-08-18,1056,N20,VIIRS,n,2,287.11,1.04,N,0
50.48208,-117.60616,299.24,0.36,0.57,2023-08-18,1056,N20,VIIRS,n,2,286.51,1.46,N,0
50.49521,-120.35057,310.5,0.55,0.51,2023-08-18,1056,N20,VIIRS,n,2,286.31,3.81,N,0
50.49742,-120.33971,337.3,0.55,0.51,2023-08-18,1056,N20,VIIRS,n,2,289.8,8.81,N,0
50.49953,-120.34756,318.81,0.55,0.51,2023-08-18,1056,N20,VIIRS,n,2,286.06,3.81,N,0
50.50172,-120.33661,298.92,0.55,0.51,2023-08-18,1056,N20,VIIRS,n,2,285.74,0.91,N,0
50.5221,-120.41264,297.53,0.55,0.51,2023-08-18,1056,N20,VIIRS,n,2,283.8,0.87,N,0
50.52398,-120.41965,311,0.55,0.51,2023-08-18,1056,N20,VIIRS,n,2,283.31,1.94,N,0
50.92906,-119.46338,298.4,0.58,0.52,2023-08-18,1056,N20,VIIRS,n,2,272.09,3.34,N,0
50.93376,-119.4613,303.54,0.58,0.52,2023-08-18,1056,N20,VIIRS,n,2,274.64,3.34,N,0
50.93587,-119.4689,300.93,0.58,0.52,2023-08-18,1056,N20,VIIRS,n,2,273.98,2.95,N,0
50.93848,-119.45927,296.24,0.58,0.52,2023-08-18,1056,N20,VIIRS,n,2,269.91,4.04,N,0
50.94579,-119.44756,299.08,0.58,0.52,2023-08-18,1056,N20,VIIRS,n,2,270.96,2.18,N,0
50.94742,-119.45345,304.51,0.58,0.52,2023-08-18,1056,N20,VIIRS,n,2,274.51,2.18,N,0
50.95038,-119.44508,312.22,0.58,0.52,2023-08-18,1056,N20,VIIRS,n,2,272.87,2.18,N,0
50.9519,-119.45054,296.25,0.58,0.52,2023-08-18,1056,N20,VIIRS,n,2,269.78,2.18,N,0
50.95509,-119.44303,321.53,0.58,0.52,2023-08-18,1056,N20,VIIRS,n,2,275.62,5,N,0
50.95555,-119.44395,315.81,0.58,0.52,2023-08-18,1056,N20,VIIRS,n,2,273.47,4.78,N,0
50.96026,-119.42351,301.63,0.58,0.52,2023-08-18,1056,N20,VIIRS,n,2,269.98,4.13,N,0
50.96252,-119.43172,318.16,0.58,0.52,2023-08-18,1056,N20,VIIRS,n,2,269.98,4.13,N,0
50.96304,-119.43291,320.03,0.58,0.52,2023-08-18,1056,N20,VIIRS,n,2,270.37,8.52,N,0
50.96408,-119.41818,325,0.58,0.52,2023-08-18,1056,N20,VIIRS,n,2,271.9,4.13,N,0
50.96441,-119.43858,295.32,0.58,0.52,2023-08-18,1056,N20,VIIRS,n,2,269.81,36.22,N,0
50.96461,-119.41969,329.9,0.58,0.52,2023-08-18,1056,N20,VIIRS,n,2,273.51,10.26,N,0
50.96606,-119.44454,330.87,0.58,0.52,2023-08-18,1056,N20,VIIRS,n,2,303.24,36.22,N,0
50.96637,-119.42651,326.42,0.58,0.52,2023-08-18,1056,N20,VIIRS,n,2,270.9,4.13,N,0
50.96656,-119.44547,331.73,0.58,0.52,2023-08-18,1056,N20,VIIRS,n,2,296.76,50.27,N,0
50.96692,-119.42789,329.41,0.58,0.52,2023-08-18,1056,N20,VIIRS,n,2,272.67,8.52,N,0
50.96756,-119.44998,338.43,0.58,0.52,2023-08-18,1056,N20,VIIRS,n,2,275.46,36.01,N,0
50.96796,-119.41309,323.86,0.58,0.52,2023-08-18,1056,N20,VIIRS,n,2,271.56,7.79,N,0
50.96808,-119.45088,341.53,0.58,0.52,2023-08-18,1056,N20,VIIRS,n,2,278.62,50.27,N,0
50.96843,-119.41444,323.87,0.58,0.52,2023-08-18,1056,N20,VIIRS,n,2,271.63,6.96,N,0
50.96852,-119.43434,297.62,0.58,0.52,2023-08-18,1056,N20,VIIRS,n,2,268.94,36.22,N,0
50.97017,-119.4211,340.67,0.58,0.52,2023-08-18,1056,N20,VIIRS,n,2,279.47,7.79,N,0
50.97044,-119.44134,316.35,0.58,0.52,2023-08-18,1056,N20,VIIRS,n,2,271.02,36.22,N,0
50.9707,-119.42255,338.42,0.58,0.52,2023-08-18,1056,N20,VIIRS,n,2,278.44,8.54,N,0
50.97211,-119.44737,317.67,0.58,0.52,2023-08-18,1056,N20,VIIRS,n,2,272.48,36.01,N,0
50.97245,-119.42941,329.35,0.58,0.52,2023-08-18,1056,N20,VIIRS,n,2,278.36,9.21,N,0
50.97264,-119.4483,319.4,0.58,0.52,2023-08-18,1056,N20,VIIRS,n,2,273.77,50.27,N,0
50.97303,-119.43083,337.31,0.58,0.52,2023-08-18,1056,N20,VIIRS,n,2,280.4,8.54,N,0
50.97369,-119.45309,332.96,0.58,0.52,2023-08-18,1056,N20,VIIRS,n,2,277.66,36.01,N,0
50.97425,-119.45406,343.66,0.58,0.52,2023-08-18,1056,N20,VIIRS,n,2,283.59,8.82,N,0
50.97464,-119.41822,328.89,0.58,0.52,2023-08-18,1056,N20,VIIRS,n,2,271.38,7.79,N,0
50.97471,-119.47604,297.72,0.58,0.52,2023-08-18,1056,N20,VIIRS,n,2,272.04,2.89,N,0
50.97517,-119.4196,329.21,0.58,0.52,2023-08-18,1056,N20,VIIRS,n,2,271.71,8.54,N,0
50.9757,-119.47801,307.41,0.58,0.52,2023-08-18,1056,N20,VIIRS,n,2,276.17,3.48,N,0
50.97571,-119.46045,312.93,0.58,0.52,2023-08-18,1056,N20,VIIRS,n,2,270.73,2.89,N,0
50.97638,-119.44376,333.02,0.58,0.52,2023-08-18,1056,N20,VIIRS,n,2,279.58,18.5,N,0
50.97646,-119.46194,316.71,0.58,0.52,2023-08-18,1056,N20,VIIRS,n,2,272.41,8.82,N,0
50.97666,-119.42556,342.19,0.58,0.52,2023-08-18,1056,N20,VIIRS,n,2,280.54,9.21,N,0
50.97694,-119.44478,347.89,0.58,0.52,2023-08-18,1056,N20,VIIRS,n,2,285.47,16.19,N,0
50.97718,-119.42677,341.67,0.58,0.52,2023-08-18,1056,N20,VIIRS,n,2,281.74,8.54,N,0
50.97811,-119.45,354.81,0.58,0.52,2023-08-18,1056,N20,VIIRS,n,2,294.97,18.5,N,0
50.97824,-119.48895,313.23,0.58,0.52,2023-08-18,1056,N20,VIIRS,n,2,276.62,7.48,N,0
50.97856,-119.47088,301.26,0.58,0.52,2023-08-18,1056,N20,VIIRS,n,2,272.48,2.89,N,0
50.97868,-119.45102,355.04,0.58,0.52,2023-08-18,1056,N20,VIIRS,n,2,296.93,16.33,N,0
50.97871,-119.433,335.19,0.58,0.52,2023-08-18,1056,N20,VIIRS,n,2,275.44,9.21,N,0
50.97924,-119.49059,312.49,0.58,0.52,2023-08-18,1056,N20,VIIRS,n,2,277.57,3.48,N,0
50.97926,-119.43423,338.2,0.58,0.52,2023-08-18,1056,N20,VIIRS,n,2,280.9,16.19,N,0
50.98005,-119.45707,343.03,0.58,0.52,2023-08-18,1056,N20,VIIRS,n,2,283.02,10.57,N,0
50.98021,-119.41869,333.04,0.58,0.52,2023-08-18,1056,N20,VIIRS,n,2,274.22,12.6,N,0
50.9807,-119.44027,352.37,0.58,0.52,2023-08-18,1056,N20,VIIRS,n,2,291.63,18.5,N,0
50.98074,-119.45838,340.72,0.58,0.52,2023-08-18,1056,N20,VIIRS,n,2,284.85,16.33,N,0
50.98133,-119.44162,352.69,0.58,0.52,2023-08-18,1056,N20,VIIRS,n,2,294.33,16.19,N,0
50.9822,-119.42583,340.26,0.58,0.52,2023-08-18,1056,N20,VIIRS,n,2,285.99,12.6,N,0
50.9826,-119.44721,352.26,0.58,0.52,2023-08-18,1056,N20,VIIRS,n,2,297.26,18.5,N,0
50.9826,-119.46638,317.23,0.58,0.52,2023-08-18,1056,N20,VIIRS,n,2,272.7,10.57,N,0
50.98321,-119.4483,350.66,0.58,0.52,2023-08-18,1056,N20,VIIRS,n,2,295.68,16.33,N,0
50.98348,-119.46814,325.94,0.58,0.52,2023-08-18,1056,N20,VIIRS,n,2,279.2,17.5,N,0
50.98425,-119.43314,345.84,0.58,0.52,2023-08-18,1056,N20,VIIRS,n,2,294.18,23.62,N,0
50.98447,-119.45399,343.01,0.58,0.52,2023-08-18,1056,N20,VIIRS,n,2,290.05,10.57,N,0
50.98516,-119.4553,343.62,0.58,0.52,2023-08-18,1056,N20,VIIRS,n,2,289.2,16.33,N,0
50.98612,-119.43983,351.55,0.58,0.52,2023-08-18,1056,N20,VIIRS,n,2,294.59,23.62,N,0
50.98679,-119.46247,349.19,0.58,0.52,2023-08-18,1056,N20,VIIRS,n,2,289.2,10.57,N,0
50.98759,-119.42616,346.49,0.58,0.52,2023-08-18,1056,N20,VIIRS,n,2,284.53,12.6,N,0
50.98761,-119.46408,349.7,0.58,0.52,2023-08-18,1056,N20,VIIRS,n,2,290.61,17.5,N,0
50.98787,-119.44611,344.91,0.58,0.52,2023-08-18,1056,N20,VIIRS,n,2,295.17,24.83,N,0
50.98891,-119.412,342.22,0.58,0.52,2023-08-18,1056,N20,VIIRS,n,2,288.01,32.69,N,0
50.98943,-119.43275,340.61,0.58,0.52,2023-08-18,1056,N20,VIIRS,n,2,293.79,23.62,N,0
50.98965,-119.45248,345.03,0.58,0.52,2023-08-18,1056,N20,VIIRS,n,2,294.05,24.83,N,0
50.98966,-119.4923,304.58,0.58,0.52,2023-08-18,1056,N20,VIIRS,n,2,277.66,14.93,N,0
50.9898,-119.47353,344.42,0.58,0.52,2023-08-18,1056,N20,VIIRS,n,2,287.48,14.93,N,0
50.99068,-119.49382,306.65,0.58,0.52,2023-08-18,1056,N20,VIIRS,n,2,277.92,14.91,N,0
50.99083,-119.47552,345.86,0.58,0.52,2023-08-18,1056,N20,VIIRS,n,2,294.06,17.5,N,0
50.99091,-119.41914,349.5,0.58,0.52,2023-08-18,1056,N20,VIIRS,n,2,279.75,25.87,N,0
50.99112,-119.43882,328.62,0.58,0.52,2023-08-18,1056,N20,VIIRS,n,2,293.16,23.62,N,0
50.99146,-119.8222,335.79,0.56,0.51,2023-08-18,1056,N20,VIIRS,n,2,287.41,10.48,N,0
50.99184,-119.46031,340.46,0.58,0.52,2023-08-18,1056,N20,VIIRS,n,2,294.39,19.88,N,0
50.9927,-119.44447,350.61,0.58,0.52,2023-08-18,1056,N20,VIIRS,n,2,296.85,24.83,N,0
50.99284,-119.42603,367,0.58,0.52,2023-08-18,1056,N20,VIIRS,h,2,292.64,25.87,N,0
50.99345,-119.82943,340.09,0.56,0.51,2023-08-18,1056,N20,VIIRS,n,2,287.36,14.1,N,0
50.99367,-119.75461,317.64,0.56,0.52,2023-08-18,1056,N20,VIIRS,n,2,291.29,4.48,N,0
50.99369,-119.41016,348.11,0.58,0.52,2023-08-18,1056,N20,VIIRS,n,2,279.98,32.69,N,0
50.99371,-119.4879,340.65,0.58,0.52,2023-08-18,1056,N20,VIIRS,n,2,285.52,14.93,N,0
50.9943,-119.45021,346.07,0.58,0.52,2023-08-18,1056,N20,VIIRS,n,2,306.08,24.83,N,0
50.99461,-119.43239,345.05,0.58,0.52,2023-08-18,1056,N20,VIIRS,n,2,293.81,41.99,N,0
50.99475,-119.47072,343.69,0.58,0.52,2023-08-18,1056,N20,VIIRS,n,2,291.65,19.88,N,0
50.99477,-119.48959,339.86,0.58,0.52,2023-08-18,1056,N20,VIIRS,n,2,285.22,14.91,N,0
50.99578,-119.41766,323.93,0.58,0.52,2023-08-18,1056,N20,VIIRS,n,2,284.68,25.87,N,0
50.99611,-119.82022,320.74,0.56,0.51,2023-08-18,1056,N20,VIIRS,n,2,287.53,6,N,0
50.99617,-119.43796,341.44,0.58,0.52,2023-08-18,1056,N20,VIIRS,n,2,294.43,41.99,N,0
50.99622,-119.45707,352.38,0.58,0.52,2023-08-18,1056,N20,VIIRS,n,2,293.92,19.88,N,0
50.9976,-119.44311,355.85,0.58,0.52,2023-08-18,1056,N20,VIIRS,n,2,302.62,41.99,N,0
50.9977,-119.42455,346.49,0.58,0.52,2023-08-18,1056,N20,VIIRS,n,2,294.74,25.87,N,0
50.99793,-119.40642,323.32,0.58,0.52,2023-08-18,1056,N20,VIIRS,n,2,273.86,4.98,N,0
50.99818,-119.82777,340.69,0.56,0.51,2023-08-18,1056,N20,VIIRS,n,2,285.94,6.69,N,0
50.99849,-119.48408,349.72,0.58,0.52,2023-08-18,1056,N20,VIIRS,n,2,290.54,22.57,N,0
50.99882,-119.46638,334.8,0.58,0.52,2023-08-18,1056,N20,VIIRS,n,2,280.77,19.88,N,0
50.99907,-119.44837,350.42,0.58,0.52,2023-08-18,1056,N20,VIIRS,n,2,300.27,41.99,N,0
50.99951,-119.43101,352.85,0.58,0.52,2023-08-18,1056,N20,VIIRS,n,2,308.98,41.99,N,0
50.99988,-119.41343,320.43,0.58,0.52,2023-08-18,1056,N20,VIIRS,n,2,284.41,6.13,N,0
51.00075,-119.45441,323.66,0.58,0.52,2023-08-18,1056,N20,VIIRS,n,2,277.23,5.43,N,0
51.00106,-119.43655,354.22,0.58,0.52,2023-08-18,1056,N20,VIIRS,n,2,303.91,41.99,N,0
51.00192,-119.42072,317.75,0.58,0.52,2023-08-18,1056,N20,VIIRS,n,2,286.6,6.13,N,0
51.00195,-119.40189,320.12,0.58,0.52,2023-08-18,1056,N20,VIIRS,n,2,272.23,4.98,N,0
51.00218,-119.47842,309.27,0.58,0.52,2023-08-18,1056,N20,VIIRS,n,2,278.56,22.57,N,0
51.00251,-119.44177,352.68,0.58,0.52,2023-08-18,1056,N20,VIIRS,n,2,299.79,41.99,N,0
51.00304,-119.4626,324.61,0.58,0.52,2023-08-18,1056,N20,VIIRS,n,2,278.81,5.43,N,0
51.00378,-119.40847,325.43,0.58,0.52,2023-08-18,1056,N20,VIIRS,n,2,280.87,6.13,N,0
51.0039,-119.44678,344.23,0.58,0.52,2023-08-18,1056,N20,VIIRS,n,2,280.83,41.99,N,0
51.00407,-119.42848,347.77,0.58,0.52,2023-08-18,1056,N20,VIIRS,n,2,297.62,35.49,N,0
51.00537,-119.45206,328.6,0.58,0.52,2023-08-18,1056,N20,VIIRS,n,2,282.07,5.43,N,0
51.00574,-119.43443,345.86,0.58,0.52,2023-08-18,1056,N20,VIIRS,n,2,280.47,35.49,N,0
51.00579,-119.41566,319.02,0.58,0.52,2023-08-18,1056,N20,VIIRS,n,2,285.11,6.13,N,0
51.00614,-119.47374,320.34,0.58,0.52,2023-08-18,1056,N20,VIIRS,n,2,283.09,7.6,N,0
51.00723,-119.43979,322.48,0.58,0.52,2023-08-18,1056,N20,VIIRS,n,2,281.44,4.11,N,0
51.00737,-119.45924,313.66,0.58,0.52,2023-08-18,1056,N20,VIIRS,n,2,280.23,5.43,N,0
51.00793,-119.42336,315.58,0.58,0.52,2023-08-18,1056,N20,VIIRS,n,2,278.89,35.49,N,0
51.00861,-119.44476,315.09,0.58,0.52,2023-08-18,1056,N20,VIIRS,n,2,275.24,4.11,N,0
51.00982,-119.41119,351.44,0.58,0.52,2023-08-18,1056,N20,VIIRS,n,2,284.49,22.52,N,0
51.01004,-119.4499,316.28,0.58,0.52,2023-08-18,1056,N20,VIIRS,n,2,281.35,7.85,N,0
51.01173,-119.43699,311.19,0.58,0.52,2023-08-18,1056,N20,VIIRS,n,2,284.66,4.11,N,0
51.02043,-119.5816,297.2,0.57,0.52,2023-08-18,1056,N20,VIIRS,n,2,276.92,1.45,N,0
51.02226,-119.58818,300.27,0.57,0.52,2023-08-18,1056,N20,VIIRS,n,2,281,1.45,N,0
51.02494,-119.57898,311.21,0.57,0.52,2023-08-18,1056,N20,VIIRS,n,2,282.82,1.85,N,0
51.02527,-119.59901,300.18,0.57,0.52,2023-08-18,1056,N20,VIIRS,n,2,280.06,2.12,N,0
51.02625,-119.79781,307.86,0.56,0.51,2023-08-18,1056,N20,VIIRS,n,2,283.6,16.23,N,0
51.02697,-119.5863,298.64,0.57,0.52,2023-08-18,1056,N20,VIIRS,n,2,281.66,1.85,N,0
51.02795,-119.80407,355.5,0.56,0.51,2023-08-18,1056,N20,VIIRS,n,2,293.34,16.23,N,0
51.04353,-119.78525,307.83,0.56,0.51,2023-08-18,1056,N20,VIIRS,n,2,282.47,3.18,N,0
51.04741,-119.78044,306.68,0.56,0.51,2023-08-18,1056,N20,VIIRS,n,2,282.15,2.76,N,0
51.05007,-119.68839,302.83,0.56,0.52,2023-08-18,1056,N20,VIIRS,n,2,274.9,2.48,N,0
51.05138,-119.67427,303.26,0.56,0.52,2023-08-18,1056,N20,VIIRS,n,2,275.46,2.3,N,0
51.05291,-119.67982,303.59,0.56,0.52,2023-08-18,1056,N20,VIIRS,n,2,279.84,2.27,N,0
51.05441,-119.68526,304.34,0.56,0.52,2023-08-18,1056,N20,VIIRS,n,2,281.39,2.27,N,0
51.05577,-119.67131,302.92,0.56,0.52,2023-08-18,1056,N20,VIIRS,n,2,281.41,2.3,N,0
51.05741,-119.69611,308.82,0.56,0.52,2023-08-18,1056,N20,VIIRS,n,2,274.86,3.69,N,0
51.05877,-119.6822,306.5,0.56,0.52,2023-08-18,1056,N20,VIIRS,n,2,278.06,2.27,N,0
51.06005,-119.66796,311.45,0.56,0.52,2023-08-18,1056,N20,VIIRS,n,2,281.06,2.36,N,0
51.0603,-119.6877,317.02,0.56,0.52,2023-08-18,1056,N20,VIIRS,n,2,276.73,3.69,N,0
51.06155,-119.67337,315.6,0.56,0.52,2023-08-18,1056,N20,VIIRS,n,2,283.05,3.08,N,0
51.06179,-119.69312,320.53,0.56,0.52,2023-08-18,1056,N20,VIIRS,n,2,279.12,3.69,N,0
51.06307,-119.6789,306.05,0.56,0.52,2023-08-18,1056,N20,VIIRS,n,2,284.54,3.08,N,0
51.06444,-119.66496,309.9,0.56,0.52,2023-08-18,1056,N20,VIIRS,n,2,283.72,2.36,N,0
51.06462,-119.68452,321.85,0.56,0.52,2023-08-18,1056,N20,VIIRS,n,2,277.52,4.22,N,0
51.06613,-119.68998,323.95,0.56,0.52,2023-08-18,1056,N20,VIIRS,n,2,278.38,4.22,N,0
51.0674,-119.67569,307.9,0.56,0.52,2023-08-18,1056,N20,VIIRS,n,2,286.49,3.08,N,0
51.06766,-119.6955,309.16,0.56,0.52,2023-08-18,1056,N20,VIIRS,n,2,272.55,3.53,N,0
51.06892,-119.68121,322.28,0.56,0.52,2023-08-18,1056,N20,VIIRS,n,2,286.11,4.22,N,0
51.06894,-119.66238,318,0.56,0.52,2023-08-18,1056,N20,VIIRS,n,2,283.19,4.83,N,0
51.07038,-119.66759,322.74,0.56,0.52,2023-08-18,1056,N20,VIIRS,n,2,284.64,5.4,N,0
51.07045,-119.68676,311.84,0.56,0.52,2023-08-18,1056,N20,VIIRS,n,2,287.67,4.22,N,0
51.07188,-119.67304,307.89,0.56,0.52,2023-08-18,1056,N20,VIIRS,n,2,286.87,5.4,N,0
51.07202,-119.69247,324.24,0.56,0.52,2023-08-18,1056,N20,VIIRS,n,2,283.14,3.53,N,0
51.07345,-119.67874,314.49,0.56,0.52,2023-08-18,1056,N20,VIIRS,n,2,287.35,7.9,N,0
51.07366,-119.69843,320.88,0.56,0.52,2023-08-18,1056,N20,VIIRS,n,2,273.69,3.53,N,0
51.07499,-119.68436,318.49,0.56,0.52,2023-08-18,1056,N20,VIIRS,n,2,287.84,7.9,N,0
51.07655,-119.68998,341.68,0.56,0.52,2023-08-18,1056,N20,VIIRS,n,2,287.31,11.54,N,0
51.07811,-119.69566,343.39,0.56,0.52,2023-08-18,1056,N20,VIIRS,n,2,278.01,11.54,N,0
51.07819,-119.67703,350.32,0.56,0.52,2023-08-18,1056,N20,VIIRS,n,2,286.49,7.9,N,0
51.07965,-119.68237,349.43,0.56,0.52,2023-08-18,1056,N20,VIIRS,n,2,287.22,7.9,N,0
51.08111,-119.68768,367,0.56,0.52,2023-08-18,1056,N20,VIIRS,h,2,284.61,11.54,N,0
51.08132,-119.66952,311.72,0.56,0.52,2023-08-18,1056,N20,VIIRS,n,2,285.26,5.47,N,0
51.08261,-119.69314,343.94,0.56,0.52,2023-08-18,1056,N20,VIIRS,n,2,277.47,11.54,N,0
51.08277,-119.6748,353.89,0.56,0.52,2023-08-18,1056,N20,VIIRS,n,2,286.19,50.29,N,0
51.08421,-119.68005,355.88,0.56,0.52,2023-08-18,1056,N20,VIIRS,n,2,286.55,50.29,N,0
51.08537,-119.72204,316.21,0.56,0.51,2023-08-18,1056,N20,VIIRS,n,2,280.33,4.83,N,3
51.08566,-119.68526,354.69,0.56,0.52,2023-08-18,1056,N20,VIIRS,n,2,284.99,100.66,N,0
51.08574,-119.66668,314.04,0.56,0.52,2023-08-18,1056,N20,VIIRS,n,2,285.99,5.47,N,0
51.08712,-119.69061,367,0.56,0.52,2023-08-18,1056,N20,VIIRS,h,2,290.13,100.66,N,0
51.08722,-119.67206,346.05,0.56,0.52,2023-08-18,1056,N20,VIIRS,n,2,288.19,50.29,N,0
51.08745,-119.72958,312.8,0.56,0.51,2023-08-18,1056,N20,VIIRS,n,2,285.72,3.05,N,3
51.08773,-119.71175,320.63,0.56,0.51,2023-08-18,1056,N20,VIIRS,n,2,277.09,4.83,N,3
51.08844,-119.65755,320.18,0.56,0.52,2023-08-18,1056,N20,VIIRS,n,2,285.93,6.55,N,0
51.08864,-119.69611,355.86,0.56,0.51,2023-08-18,1056,N20,VIIRS,n,2,294.56,157.43,N,0
51.08868,-119.67738,338.41,0.56,0.52,2023-08-18,1056,N20,VIIRS,n,2,309.13,50.29,N,0
51.08974,-119.71904,328.14,0.56,0.51,2023-08-18,1056,N20,VIIRS,n,2,282.66,4.83,N,3
51.08995,-119.66306,339.3,0.56,0.52,2023-08-18,1056,N20,VIIRS,n,2,288.25,6.55,N,0
51.08995,-119.73869,310.13,0.56,0.51,2023-08-18,1056,N20,VIIRS,n,2,286.6,3.05,N,0
51.09011,-119.68256,367,0.56,0.52,2023-08-18,1056,N20,VIIRS,h,2,352.05,100.66,N,0
51.09144,-119.66845,367,0.56,0.52,2023-08-18,1056,N20,VIIRS,h,2,293.3,71.09,N,0
51.09156,-119.68782,343.64,0.56,0.52,2023-08-18,1056,N20,VIIRS,n,2,285.6,100.66,N,0
51.09192,-119.72694,322.29,0.56,0.51,2023-08-18,1056,N20,VIIRS,n,2,282.2,3.05,N,3
51.09211,-119.70874,338.81,0.56,0.51,2023-08-18,1056,N20,VIIRS,n,2,283.5,6.36,N,3
51.09261,-119.65377,319.29,0.56,0.52,2023-08-18,1056,N20,VIIRS,n,2,285.52,6.55,N,0
51.09293,-119.67387,333.2,0.56,0.52,2023-08-18,1056,N20,VIIRS,n,2,305.6,71.09,N,0
51.09304,-119.69321,367,0.56,0.51,2023-08-18,1056,N20,VIIRS,h,2,326.86,157.43,N,0
51.09409,-119.65915,322.62,0.56,0.52,2023-08-18,1056,N20,VIIRS,n,2,287.51,6.55,N,0
51.0941,-119.716,329.52,0.56,0.51,2023-08-18,1056,N20,VIIRS,n,2,284,6.36,N,3
51.09444,-119.67935,353.42,0.56,0.52,2023-08-18,1056,N20,VIIRS,n,2,293.12,19.46,N,0
51.09461,-119.62315,304.01,0.56,0.52,2023-08-18,1056,N20,VIIRS,n,2,275.71,5.98,N,0
51.09467,-119.737,307.34,0.56,0.51,2023-08-18,1056,N20,VIIRS,n,2,279.83,3.05,N,0
51.09556,-119.66454,334.55,0.56,0.52,2023-08-18,1056,N20,VIIRS,n,2,288.52,71.09,N,0
51.09592,-119.68479,343.58,0.56,0.52,2023-08-18,1056,N20,VIIRS,n,2,292.85,19.46,N,0
51.09647,-119.7057,318.24,0.56,0.51,2023-08-18,1056,N20,VIIRS,n,2,273.49,6.36,N,3
51.09708,-119.67007,367,0.56,0.52,2023-08-18,1056,N20,VIIRS,h,2,279.65,71.09,N,0
51.09743,-119.69025,367,0.56,0.51,2023-08-18,1056,N20,VIIRS,h,2,287.93,9.17,N,0
51.09791,-119.74876,309.41,0.56,0.51,2023-08-18,1056,N20,VIIRS,n,2,279.78,6.02,N,0
51.09835,-119.65571,307.53,0.56,0.52,2023-08-18,1056,N20,VIIRS,n,2,286.67,4.84,N,0
51.09848,-119.71304,329.78,0.56,0.51,2023-08-18,1056,N20,VIIRS,n,2,281.9,6.36,N,3
51.09863,-119.67567,335.03,0.56,0.52,2023-08-18,1056,N20,VIIRS,n,2,274.2,19.46,N,0
51.09903,-119.69608,339.8,0.56,0.51,2023-08-18,1056,N20,VIIRS,n,2,278.15,9.17,N,3
51.09982,-119.66105,310.5,0.56,0.52,2023-08-18,1056,N20,VIIRS,n,2,288.03,5.49,N,0
51.10084,-119.7027,312.27,0.56,0.51,2023-08-18,1056,N20,VIIRS,n,2,273.09,4.1,N,3
51.1013,-119.66646,343.66,0.56,0.52,2023-08-18,1056,N20,VIIRS,n,2,285.01,5.49,N,0
51.10168,-119.68681,329.99,0.56,0.51,2023-08-18,1056,N20,VIIRS,n,2,275.61,9.17,N,0
51.10247,-119.74647,310.02,0.56,0.51,2023-08-18,1056,N20,VIIRS,n,2,280.82,3.64,N,0
51.1028,-119.67194,347.9,0.56,0.52,2023-08-18,1056,N20,VIIRS,n,2,275.71,9.65,N,0
51.10334,-119.69283,312.33,0.56,0.51,2023-08-18,1056,N20,VIIRS,n,2,275.01,9.17,N,3
51.1052,-119.69962,314.06,0.56,0.51,2023-08-18,1056,N20,VIIRS,n,2,275.61,4.1,N,3
51.10563,-119.66325,311.56,0.56,0.52,2023-08-18,1056,N20,VIIRS,n,2,288.14,5.49,N,0
51.10688,-119.74364,308.6,0.56,0.51,2023-08-18,1056,N20,VIIRS,n,2,280.23,3.64,N,0
51.1071,-119.66863,334.74,0.56,0.52,2023-08-18,1056,N20,VIIRS,n,2,275.87,9.65,N,0
51.11148,-119.66565,315.96,0.56,0.52,2023-08-18,1056,N20,VIIRS,n,2,274.55,2.5,N,0
51.11444,-119.65746,310.81,0.56,0.52,2023-08-18,1056,N20,VIIRS,n,2,287,5.03,N,0
51.11576,-119.66228,317.87,0.56,0.52,2023-08-18,1056,N20,VIIRS,n,2,281.73,2.5,N,0
51.12141,-119.66392,312.81,0.56,0.52,2023-08-18,1056,N20,VIIRS,n,2,278.41,4.89,N,3
49.02318,-119.97456,340.71,0.38,0.36,2023-08-18,2043,N20,VIIRS,n,2,285.19,15.72,D,0
49.02479,-119.98608,332.98,0.38,0.36,2023-08-18,2043,N20,VIIRS,n,2,290.52,7.5,D,0
49.0256,-119.9809,345.43,0.38,0.36,2023-08-18,2043,N20,VIIRS,n,2,285.33,25.71,D,0
49.02574,-119.84775,207.93,0.38,0.36,2023-08-18,2043,N20,VIIRS,l,2,319.32,546.4,D,0
49.02651,-119.82085,356.54,0.38,0.36,2023-08-18,2043,N20,VIIRS,l,2,271.89,46.47,D,0
49.02655,-119.8426,367,0.38,0.36,2023-08-18,2043,N20,VIIRS,l,2,335.73,193.12,D,0
49.02722,-119.99245,333.47,0.38,0.36,2023-08-18,2043,N20,VIIRS,n,2,291.2,7.5,D,0
49.02723,-119.94875,356.17,0.38,0.36,2023-08-18,2043,N20,VIIRS,l,2,269,39.88,D,0
49.02723,-119.97057,356.42,0.38,0.36,2023-08-18,2043,N20,VIIRS,l,2,280.6,48.9,D,0
49.02735,-119.83746,234.22,0.38,0.36,2023-08-18,2043,N20,VIIRS,l,2,324.68,193.12,D,0
49.02803,-119.98726,341.45,0.38,0.36,2023-08-18,2043,N20,VIIRS,n,2,288.54,7.5,D,0
49.02804,-119.96542,356.44,0.38,0.36,2023-08-18,2043,N20,VIIRS,l,2,276.69,48.9,D,0
49.02884,-120.00394,337.83,0.38,0.36,2023-08-18,2043,N20,VIIRS,n,2,292.15,9.43,D,0
49.02885,-119.96025,356.42,0.38,0.36,2023-08-18,2043,N20,VIIRS,l,2,273.8,356.86,D,0
49.02885,-119.98209,354.41,0.38,0.36,2023-08-18,2043,N20,VIIRS,n,2,282.97,25.71,D,0
49.02896,-119.82715,207.93,0.38,0.36,2023-08-18,2043,N20,VIIRS,l,2,323.25,169.15,D,0
49.02965,-119.99879,349.48,0.38,0.36,2023-08-18,2043,N20,VIIRS,n,2,290.38,9.43,D,0
49.02966,-119.97692,354.62,0.38,0.36,2023-08-18,2043,N20,VIIRS,n,2,279.76,25.71,D,0
49.02975,-119.822,338.93,0.38,0.36,2023-08-18,2043,N20,VIIRS,n,2,296.55,173.87,D,0
49.02979,-119.84374,342.07,0.38,0.36,2023-08-18,2043,N20,VIIRS,n,2,297.33,193.12,D,0
49.03046,-119.99362,350.58,0.38,0.36,2023-08-18,2043,N20,VIIRS,n,2,290.43,24.41,D,0
49.03047,-119.97176,350.59,0.38,0.36,2023-08-18,2043,N20,VIIRS,n,2,279.16,48.9,D,0
49.03059,-119.83858,341.53,0.38,0.36,2023-08-18,2043,N20,VIIRS,n,2,299.76,193.12,D,0
49.03127,-119.94479,352.95,0.38,0.36,2023-08-18,2043,N20,VIIRS,n,2,272.42,258.52,D,0
49.03127,-119.98845,356.26,0.38,0.36,2023-08-18,2043,N20,VIIRS,l,2,287.42,24.41,D,0
49.03127,-120.01026,331.84,0.38,0.36,2023-08-18,2043,N20,VIIRS,n,2,292.79,10.46,D,0
49.03128,-119.96659,344.25,0.38,0.36,2023-08-18,2043,N20,VIIRS,n,2,278.96,48.9,D,0
49.03139,-119.83344,339.6,0.38,0.36,2023-08-18,2043,N20,VIIRS,n,2,307.62,169.15,D,0
49.03143,-119.85518,356.83,0.38,0.36,2023-08-18,2043,N20,VIIRS,l,2,273.95,24.65,D,0
49.03208,-120.00514,354.69,0.38,0.36,2023-08-18,2043,N20,VIIRS,n,2,292.62,9.43,D,0
49.0322,-119.82828,346.06,0.38,0.36,2023-08-18,2043,N20,VIIRS,n,2,296.01,169.15,D,0
49.03222,-119.85003,354.77,0.38,0.36,2023-08-18,2043,N20,VIIRS,n,2,284.23,24.65,D,0
49.03289,-119.99998,356.03,0.38,0.36,2023-08-18,2043,N20,VIIRS,l,2,291.63,9.43,D,0
49.0329,-119.9781,343.61,0.38,0.36,2023-08-18,2043,N20,VIIRS,n,2,282.65,288.9,D,0
49.0337,-119.9948,355.44,0.38,0.36,2023-08-18,2043,N20,VIIRS,n,2,289.3,24.41,D,0
49.03371,-119.97294,207.93,0.38,0.36,2023-08-18,2043,N20,VIIRS,l,2,304.83,0,D,0
49.03386,-119.86146,354.31,0.38,0.36,2023-08-18,2043,N20,VIIRS,n,2,270.76,31.92,D,0
49.0345,-120.01149,336.75,0.38,0.36,2023-08-18,2043,N20,VIIRS,n,2,295.49,14.28,D,0
49.03451,-119.94596,207.93,0.38,0.36,2023-08-18,2043,N20,VIIRS,l,2,299.74,258.52,D,0
49.03451,-119.98963,350.68,0.38,0.36,2023-08-18,2043,N20,VIIRS,n,2,288.67,24.41,D,0
49.03452,-119.96778,207.93,0.38,0.36,2023-08-18,2043,N20,VIIRS,l,2,299.02,0,D,0
49.03466,-119.85631,356.68,0.38,0.36,2023-08-18,2043,N20,VIIRS,l,2,279.89,24.65,D,0
49.03532,-119.9408,367,0.38,0.36,2023-08-18,2043,N20,VIIRS,l,2,333.04,0,D,0
49.03532,-119.96263,207.93,0.38,0.36,2023-08-18,2043,N20,VIIRS,l,2,297.86,0,D,0
49.03532,-120.00632,354.48,0.38,0.36,2023-08-18,2043,N20,VIIRS,n,2,296.53,0,D,0
49.03546,-119.85114,356.72,0.38,0.36,2023-08-18,2043,N20,VIIRS,l,2,280.73,24.65,D,0
49.03608,-119.8702,340.34,0.38,0.36,2023-08-18,2043,N20,VIIRS,n,2,266.2,15.64,D,0
49.03611,-120.02306,329.75,0.38,0.36,2023-08-18,2043,N20,VIIRS,n,2,296.5,10.64,D,0
49.03613,-119.93561,207.93,0.38,0.36,2023-08-18,2043,N20,VIIRS,l,2,309.87,0,D,0
49.03613,-120.00117,349.41,0.38,0.36,2023-08-18,2043,N20,VIIRS,n,2,296.9,0,D,0
49.03614,-119.97929,207.93,0.38,0.36,2023-08-18,2043,N20,VIIRS,l,2,307.7,288.9,D,0
49.03627,-119.84601,356.68,0.38,0.36,2023-08-18,2043,N20,VIIRS,l,2,266.57,115.28,D,0
49.03688,-119.86504,338.45,0.38,0.36,2023-08-18,2043,N20,VIIRS,n,2,270.88,9.49,D,0
49.03692,-120.01788,338.36,0.38,0.36,2023-08-18,2043,N20,VIIRS,n,2,296.27,14.28,D,0
49.03694,-119.99599,207.93,0.38,0.36,2023-08-18,2043,N20,VIIRS,l,2,319.67,0,D,0
49.03695,-119.93043,352.94,0.38,0.36,2023-08-18,2043,N20,VIIRS,n,2,267.69,75.65,D,0
49.03695,-119.97413,367,0.38,0.36,2023-08-18,2043,N20,VIIRS,l,2,338.88,0,D,0
49.03769,-119.85988,348.17,0.38,0.36,2023-08-18,2043,N20,VIIRS,n,2,270.25,9.49,D,0
49.03774,-120.0127,348.97,0.38,0.36,2023-08-18,2043,N20,VIIRS,n,2,298.83,14.28,D,0
49.03776,-119.92525,355.91,0.38,0.36,2023-08-18,2043,N20,VIIRS,l,2,265.19,75.65,D,0
49.03776,-119.99081,367,0.38,0.36,2023-08-18,2043,N20,VIIRS,l,2,344.51,0,D,0
49.03855,-120.00755,367,0.38,0.36,2023-08-18,2043,N20,VIIRS,h,2,357.15,0,D,0
49.03856,-119.9201,353.66,0.38,0.36,2023-08-18,2043,N20,VIIRS,n,2,270.68,25.81,D,0
49.03857,-119.98565,367,0.38,0.36,2023-08-18,2043,N20,VIIRS,l,2,348.53,0,D,0
49.03936,-120.02424,337.02,0.38,0.36,2023-08-18,2043,N20,VIIRS,n,2,299.42,6.51,D,0
49.03937,-120.00235,367,0.38,0.36,2023-08-18,2043,N20,VIIRS,l,2,374.63,0,D,0
49.03938,-119.93678,367,0.38,0.36,2023-08-18,2043,N20,VIIRS,l,2,367.57,0,D,0
49.04016,-120.01907,336.94,0.38,0.36,2023-08-18,2043,N20,VIIRS,n,2,298.69,142.71,D,0
49.04018,-119.99716,367,0.38,0.36,2023-08-18,2043,N20,VIIRS,l,2,365.94,0,D,0
49.04098,-120.01392,316.61,0.38,0.36,2023-08-18,2043,N20,VIIRS,l,2,318.89,142.71,D,0
49.041,-119.92643,356.26,0.38,0.36,2023-08-18,2043,N20,VIIRS,l,2,279.1,160.95,D,0
49.04169,-119.83415,328.22,0.38,0.36,2023-08-18,2043,N20,VIIRS,n,2,273.81,4.48,D,0
49.04179,-120.00874,367,0.38,0.36,2023-08-18,2043,N20,VIIRS,l,2,376.92,0,D,0
49.0426,-120.02537,341.67,0.38,0.36,2023-08-18,2043,N20,VIIRS,n,2,300.51,6.51,D,0
49.04261,-120.00354,367,0.38,0.36,2023-08-18,2043,N20,VIIRS,l,2,376.4,0,D,0
49.04343,-119.93278,367,0.38,0.36,2023-08-18,2043,N20,VIIRS,l,2,331.59,160.95,D,0
49.04422,-120.01511,367,0.38,0.36,2023-08-18,2043,N20,VIIRS,h,2,341.36,142.71,D,0
49.04424,-119.92762,345.64,0.38,0.36,2023-08-18,2043,N20,VIIRS,n,2,282.56,160.95,D,0
49.04503,-120.00993,367,0.38,0.36,2023-08-18,2043,N20,VIIRS,l,2,358.95,0,D,0
49.04585,-120.02654,367,0.38,0.36,2023-08-18,2043,N20,VIIRS,h,2,336.11,398.77,D,0
49.04586,-119.93912,367,0.38,0.36,2023-08-18,2043,N20,VIIRS,l,2,377.07,0,D,0
49.04665,-120.02142,367,0.38,0.36,2023-08-18,2043,N20,VIIRS,l,2,377.8,0,D,0
49.04667,-119.93395,367,0.38,0.36,2023-08-18,2043,N20,VIIRS,l,2,330.77,78.45,D,0
49.04746,-120.0163,367,0.38,0.36,2023-08-18,2043,N20,VIIRS,l,2,362.43,0,D,0
49.04748,-119.95066,367,0.38,0.36,2023-08-18,2043,N20,VIIRS,l,2,374.64,0,D,0
49.04827,-120.01114,367,0.38,0.36,2023-08-18,2043,N20,VIIRS,l,2,356.86,180.05,D,0
49.04829,-119.94547,367,0.38,0.36,2023-08-18,2043,N20,VIIRS,l,2,374.92,0,D,0
49.04829,-119.96734,367,0.38,0.36,2023-08-18,2043,N20,VIIRS,l,2,376.93,0,D,0
49.04909,-120.00592,367,0.38,0.36,2023-08-18,2043,N20,VIIRS,l,2,338.6,180.05,D,0
49.0491,-119.96217,367,0.38,0.36,2023-08-18,2043,N20,VIIRS,l,2,377.2,0,D,0
49.0491,-120.02772,367,0.38,0.36,2023-08-18,2043,N20,VIIRS,h,2,353.23,398.77,D,0
49.0499,-120.02261,367,0.38,0.36,2023-08-18,2043,N20,VIIRS,l,2,371.36,0,D,0
49.04991,-119.93514,352.98,0.38,0.36,2023-08-18,2043,N20,VIIRS,n,2,284.37,78.45,D,0
49.04991,-119.957,367,0.38,0.36,2023-08-18,2043,N20,VIIRS,l,2,376.93,218.93,D,0
49.04991,-120.0007,367,0.38,0.36,2023-08-18,2043,N20,VIIRS,l,2,372.68,0,D,0
49.0507,-120.01747,367,0.38,0.36,2023-08-18,2043,N20,VIIRS,h,2,356.44,0,D,0
49.05072,-119.95182,367,0.38,0.36,2023-08-18,2043,N20,VIIRS,l,2,373.91,218.93,D,0
49.05072,-119.97368,367,0.38,0.36,2023-08-18,2043,N20,VIIRS,l,2,372.46,0,D,0
49.05151,-119.92489,350.9,0.38,0.36,2023-08-18,2043,N20,VIIRS,n,2,291.61,14.65,D,0
49.05151,-120.01231,367,0.38,0.36,2023-08-18,2043,N20,VIIRS,h,2,356.67,180.05,D,0
49.05153,-119.94663,367,0.38,0.36,2023-08-18,2043,N20,VIIRS,h,2,336.54,41.92,D,0
49.05153,-119.96851,367,0.38,0.36,2023-08-18,2043,N20,VIIRS,l,2,372.72,0,D,0
49.05233,-120.0071,367,0.38,0.36,2023-08-18,2043,N20,VIIRS,h,2,337.42,180.05,D,0
49.05234,-119.94148,355.14,0.38,0.36,2023-08-18,2043,N20,VIIRS,n,2,285.95,41.92,D,0
49.05234,-120.02889,367,0.38,0.36,2023-08-18,2043,N20,VIIRS,h,2,337.85,265.91,D,0
49.05235,-119.96333,367,0.38,0.36,2023-08-18,2043,N20,VIIRS,h,2,368.67,0,D,0
49.05314,-120.02377,367,0.38,0.36,2023-08-18,2043,N20,VIIRS,l,2,368.11,249.7,D,0
49.05315,-119.95816,367,0.38,0.36,2023-08-18,2043,N20,VIIRS,h,2,353.91,218.93,D,0
49.05315,-120.00188,367,0.38,0.36,2023-08-18,2043,N20,VIIRS,l,2,368.58,0,D,0
49.05394,-120.01868,367,0.38,0.36,2023-08-18,2043,N20,VIIRS,l,2,349.75,249.7,D,0
49.05397,-119.95299,367,0.38,0.36,2023-08-18,2043,N20,VIIRS,h,2,348.5,218.93,D,0
49.05397,-119.97483,367,0.38,0.36,2023-08-18,2043,N20,VIIRS,l,2,378.2,0,D,0
49.05397,-119.99668,367,0.38,0.36,2023-08-18,2043,N20,VIIRS,l,2,371.04,0,D,0
49.05476,-120.01351,367,0.38,0.36,2023-08-18,2043,N20,VIIRS,h,2,338.75,95.14,D,0
49.05478,-119.94781,355.17,0.38,0.36,2023-08-18,2043,N20,VIIRS,n,2,292.57,41.92,D,0
49.05478,-119.96967,367,0.38,0.36,2023-08-18,2043,N20,VIIRS,h,2,355.75,96.45,D,0
49.05478,-119.99151,367,0.38,0.36,2023-08-18,2043,N20,VIIRS,l,2,371.36,520.3,D,0
49.05558,-120.00828,367,0.38,0.36,2023-08-18,2043,N20,VIIRS,h,2,342.22,95.14,D,0
49.05559,-119.9645,353.74,0.38,0.36,2023-08-18,2043,N20,VIIRS,n,2,316.8,96.45,D,0
49.05559,-119.98634,367,0.38,0.36,2023-08-18,2043,N20,VIIRS,l,2,371.04,520.3,D,0
49.05639,-120.00307,367,0.38,0.36,2023-08-18,2043,N20,VIIRS,h,2,358.63,105.32,D,0
49.05639,-120.02497,367,0.38,0.36,2023-08-18,2043,N20,VIIRS,l,2,365.04,249.7,D,0
49.0564,-119.98116,367,0.38,0.36,2023-08-18,2043,N20,VIIRS,l,2,371.37,0,D,0
49.05719,-120.01985,367,0.38,0.36,2023-08-18,2043,N20,VIIRS,h,2,342.03,249.7,D,0
49.05721,-119.95415,367,0.38,0.36,2023-08-18,2043,N20,VIIRS,h,2,344.98,62.19,D,0
49.05721,-119.99787,367,0.38,0.36,2023-08-18,2043,N20,VIIRS,h,2,361.42,105.32,D,0
49.05722,-119.97599,367,0.38,0.36,2023-08-18,2043,N20,VIIRS,l,2,368.37,0,D,0
49.058,-120.01469,367,0.38,0.36,2023-08-18,2043,N20,VIIRS,h,2,347.21,95.14,D,0
49.05801,-120.03639,346.93,0.38,0.36,2023-08-18,2043,N20,VIIRS,n,2,295.06,97.66,D,0
49.05802,-119.949,345.83,0.38,0.36,2023-08-18,2043,N20,VIIRS,n,2,293.63,12.25,D,0
49.05802,-119.97084,355.04,0.38,0.36,2023-08-18,2043,N20,VIIRS,n,2,303.19,96.45,D,0
49.05803,-119.99268,367,0.38,0.36,2023-08-18,2043,N20,VIIRS,h,2,357.45,86.95,D,0
49.05882,-120.0095,367,0.38,0.36,2023-08-18,2043,N20,VIIRS,l,2,338.38,95.14,D,0
49.05882,-120.03126,367,0.38,0.36,2023-08-18,2043,N20,VIIRS,h,2,348.09,97.66,D,0
49.05883,-119.96568,367,0.38,0.36,2023-08-18,2043,N20,VIIRS,h,2,298.24,96.45,D,0
49.05883,-119.9875,367,0.38,0.36,2023-08-18,2043,N20,VIIRS,h,2,369.31,86.95,D,0
49.05962,-120.02615,367,0.38,0.36,2023-08-18,2043,N20,VIIRS,h,2,366.58,158.66,D,0
49.05964,-119.96049,352.69,0.38,0.36,2023-08-18,2043,N20,VIIRS,n,2,303.55,62.19,D,0
49.05964,-120.00425,367,0.38,0.36,2023-08-18,2043,N20,VIIRS,h,2,367.34,105.32,D,0
49.05964,-120.04787,335.09,0.38,0.36,2023-08-18,2043,N20,VIIRS,n,2,291.81,16.49,D,0
49.05965,-119.98233,367,0.38,0.36,2023-08-18,2043,N20,VIIRS,h,2,367.11,123.45,D,0
49.06043,-120.02106,367,0.38,0.36,2023-08-18,2043,N20,VIIRS,h,2,344.58,158.66,D,0
49.06045,-119.95532,355.52,0.38,0.36,2023-08-18,2043,N20,VIIRS,n,2,297.78,62.19,D,0
49.06045,-119.97718,352.59,0.38,0.36,2023-08-18,2043,N20,VIIRS,n,2,308.29,123.45,D,0
49.06045,-119.99905,367,0.38,0.36,2023-08-18,2043,N20,VIIRS,h,2,359.37,105.32,D,0
49.06045,-120.04273,345.75,0.38,0.36,2023-08-18,2043,N20,VIIRS,n,2,297.52,16.49,D,0
49.06124,-120.01589,367,0.38,0.36,2023-08-18,2043,N20,VIIRS,h,2,344.1,46.8,D,0
49.06126,-119.97202,351.06,0.38,0.36,2023-08-18,2043,N20,VIIRS,n,2,292.25,11.22,D,0
49.06126,-119.99386,367,0.38,0.36,2023-08-18,2043,N20,VIIRS,h,2,357.99,86.95,D,0
49.06126,-120.0376,367,0.38,0.36,2023-08-18,2043,N20,VIIRS,h,2,350.87,97.66,D,0
49.06205,-120.01069,367,0.38,0.36,2023-08-18,2043,N20,VIIRS,l,2,336.02,46.8,D,0
49.06206,-120.03246,367,0.38,0.36,2023-08-18,2043,N20,VIIRS,h,2,361.05,97.66,D,0
49.06207,-120.05424,337.28,0.38,0.36,2023-08-18,2043,N20,VIIRS,n,2,294.57,3.53,D,0
49.06208,-119.98868,367,0.38,0.36,2023-08-18,2043,N20,VIIRS,h,2,361.9,86.95,D,0
49.06287,-120.02734,367,0.38,0.36,2023-08-18,2043,N20,VIIRS,l,2,371.47,158.66,D,0
49.06288,-120.00544,367,0.38,0.36,2023-08-18,2043,N20,VIIRS,l,2,335.93,39.97,D,0
49.06288,-120.04907,342.01,0.38,0.36,2023-08-18,2043,N20,VIIRS,n,2,291.78,116.13,D,0
49.06289,-119.98351,352.44,0.38,0.36,2023-08-18,2043,N20,VIIRS,n,2,304.28,123.45,D,0
49.06367,-120.02223,367,0.38,0.36,2023-08-18,2043,N20,VIIRS,h,2,345.61,158.66,D,0
49.06369,-120.00024,367,0.38,0.36,2023-08-18,2043,N20,VIIRS,h,2,352.04,39.97,D,0
49.06448,-120.01707,353.84,0.38,0.36,2023-08-18,2043,N20,VIIRS,n,2,321.57,46.8,D,0
49.0645,-119.99506,367,0.38,0.36,2023-08-18,2043,N20,VIIRS,h,2,348.39,34.37,D,0
49.0645,-120.03877,367,0.38,0.36,2023-08-18,2043,N20,VIIRS,h,2,348.66,116.16,D,0
49.0653,-120.01187,354.68,0.38,0.36,2023-08-18,2043,N20,VIIRS,n,2,319.33,46.8,D,0
49.06531,-120.03365,367,0.38,0.36,2023-08-18,2043,N20,VIIRS,l,2,362.31,116.16,D,0
49.06531,-120.05542,349.09,0.38,0.36,2023-08-18,2043,N20,VIIRS,n,2,295.24,3.53,D,0
49.06532,-119.98988,351.13,0.38,0.36,2023-08-18,2043,N20,VIIRS,n,2,296.49,34.37,D,0
49.06611,-120.02853,367,0.38,0.36,2023-08-18,2043,N20,VIIRS,h,2,363.49,69.7,D,0
49.06612,-120.00663,356.12,0.38,0.36,2023-08-18,2043,N20,VIIRS,n,2,317.65,39.97,D,0
49.06612,-120.05027,354.72,0.38,0.36,2023-08-18,2043,N20,VIIRS,n,2,296.46,116.13,D,0
49.06692,-120.02341,352.76,0.38,0.36,2023-08-18,2043,N20,VIIRS,n,2,326.87,69.7,D,0
49.06693,-120.00143,355.49,0.38,0.36,2023-08-18,2043,N20,VIIRS,n,2,320.72,39.97,D,0
49.06693,-120.04512,367,0.38,0.36,2023-08-18,2043,N20,VIIRS,h,2,359.92,116.13,D,0
49.06773,-120.01826,353.4,0.38,0.36,2023-08-18,2043,N20,VIIRS,n,2,325.24,23.03,D,0
49.06774,-120.03997,367,0.38,0.36,2023-08-18,2043,N20,VIIRS,h,2,354.64,116.16,D,0
49.06775,-119.99623,351.59,0.38,0.36,2023-08-18,2043,N20,VIIRS,n,2,316.3,34.37,D,0
49.06854,-120.01305,356.12,0.38,0.36,2023-08-18,2043,N20,VIIRS,n,2,316.37,23.03,D,0
49.06855,-120.03484,367,0.38,0.36,2023-08-18,2043,N20,VIIRS,h,2,344.1,116.16,D,0
49.06855,-120.05661,367,0.38,0.36,2023-08-18,2043,N20,VIIRS,h,2,334.75,374.34,D,0
49.06936,-120.00782,352.94,0.38,0.36,2023-08-18,2043,N20,VIIRS,l,2,325.93,19.39,D,0
49.06936,-120.02969,347.5,0.38,0.36,2023-08-18,2043,N20,VIIRS,n,2,321.32,69.7,D,0
49.06936,-120.05146,367,0.38,0.36,2023-08-18,2043,N20,VIIRS,l,2,372.75,0,D,0
49.07016,-120.02458,353.92,0.38,0.36,2023-08-18,2043,N20,VIIRS,n,2,314.14,69.7,D,0
49.07017,-120.04633,367,0.38,0.36,2023-08-18,2043,N20,VIIRS,h,2,359.67,0,D,0
49.07018,-120.0026,353.98,0.38,0.36,2023-08-18,2043,N20,VIIRS,n,2,310.57,19.39,D,0
49.07097,-120.01945,354.55,0.38,0.36,2023-08-18,2043,N20,VIIRS,n,2,323.47,23.03,D,0
49.07098,-120.04118,367,0.38,0.36,2023-08-18,2043,N20,VIIRS,l,2,336.09,37.12,D,0
49.07098,-120.06292,340.94,0.38,0.36,2023-08-18,2043,N20,VIIRS,n,2,297.58,374.34,D,0
49.07099,-119.99744,344.67,0.38,0.36,2023-08-18,2043,N20,VIIRS,n,2,295.75,4.31,D,0
49.07178,-120.01425,367,0.38,0.36,2023-08-18,2043,N20,VIIRS,h,2,304.87,23.03,D,0
49.07179,-120.03601,367,0.38,0.36,2023-08-18,2043,N20,VIIRS,h,2,302.61,37.12,D,0
49.0718,-120.05777,367,0.38,0.36,2023-08-18,2043,N20,VIIRS,l,2,365.2,374.34,D,0
49.0726,-120.00902,353.06,0.38,0.36,2023-08-18,2043,N20,VIIRS,n,2,309.47,19.39,D,0
49.07261,-120.05264,367,0.38,0.36,2023-08-18,2043,N20,VIIRS,h,2,327.89,0,D,0
49.07341,-120.04749,342.91,0.38,0.36,2023-08-18,2043,N20,VIIRS,n,2,294.05,0,D,0
49.07421,-120.02065,354.49,0.38,0.36,2023-08-18,2043,N20,VIIRS,n,2,322.21,18.38,D,0
49.07423,-120.06409,367,0.38,0.36,2023-08-18,2043,N20,VIIRS,h,2,336.34,0,D,0
49.07502,-120.01544,349.92,0.38,0.36,2023-08-18,2043,N20,VIIRS,n,2,299.14,18.38,D,0
49.07504,-120.05894,367,0.38,0.36,2023-08-18,2043,N20,VIIRS,h,2,365.44,0,D,0
49.07584,-120.01021,346.4,0.38,0.36,2023-08-18,2043,N20,VIIRS,n,2,296.58,6.16,D,0
49.07585,-120.05379,348.3,0.38,0.36,2023-08-18,2043,N20,VIIRS,n,2,296.77,37.87,D,0
49.07747,-120.06526,367,0.38,0.36,2023-08-18,2043,N20,VIIRS,l,2,368.64,0,D,0
49.07828,-120.06011,367,0.38,0.36,2023-08-18,2043,N20,VIIRS,l,2,339.44,0,D,0
49.0799,-120.07157,367,0.38,0.36,2023-08-18,2043,N20,VIIRS,h,2,349.69,124.66,D,0
49.08071,-120.06644,351.18,0.38,0.36,2023-08-18,2043,N20,VIIRS,n,2,325.15,44.08,D,0
49.08315,-120.05099,344.68,0.38,0.36,2023-08-18,2043,N20,VIIRS,n,2,297.52,7.59,D,0
49.08315,-120.07276,367,0.38,0.36,2023-08-18,2043,N20,VIIRS,h,2,328.5,124.66,D,0
49.08395,-120.06762,354.64,0.38,0.36,2023-08-18,2043,N20,VIIRS,n,2,312.73,44.08,D,0
49.08638,-120.07394,367,0.38,0.36,2023-08-18,2043,N20,VIIRS,h,2,349.66,247.78,D,0
49.0872,-120.06881,348.49,0.38,0.36,2023-08-18,2043,N20,VIIRS,n,2,305.8,35.93,D,0
49.08963,-120.07513,367,0.38,0.36,2023-08-18,2043,N20,VIIRS,h,2,350.49,247.78,D,0
49.09044,-120.07,350.39,0.38,0.36,2023-08-18,2043,N20,VIIRS,n,2,320.65,35.93,D,0
49.09125,-120.06487,339.8,0.38,0.36,2023-08-18,2043,N20,VIIRS,n,2,295.74,35.93,D,0
49.09287,-120.07632,367,0.38,0.36,2023-08-18,2043,N20,VIIRS,h,2,334.17,301.31,D,0
49.09368,-120.07119,367,0.38,0.36,2023-08-18,2043,N20,VIIRS,l,2,334.74,103.42,D,0
49.09449,-120.06604,338.14,0.38,0.36,2023-08-18,2043,N20,VIIRS,n,2,294.98,103.42,D,0
49.09611,-120.07751,367,0.38,0.36,2023-08-18,2043,N20,VIIRS,h,2,349.08,301.31,D,0
49.09692,-120.07237,367,0.38,0.36,2023-08-18,2043,N20,VIIRS,h,2,363.71,103.42,D,0
49.09773,-120.06722,343.93,0.38,0.36,2023-08-18,2043,N20,VIIRS,n,2,308.28,103.42,D,0
49.09822,-121.27026,330.16,0.39,0.36,2023-08-18,2043,N20,VIIRS,n,2,291.8,7.5,D,0
49.09935,-120.07873,367,0.38,0.36,2023-08-18,2043,N20,VIIRS,h,2,347.81,113.9,D,0
49.09978,-121.28156,331.53,0.39,0.36,2023-08-18,2043,N20,VIIRS,n,2,297.25,9.2,D,0
49.10016,-120.07358,353.45,0.38,0.36,2023-08-18,2043,N20,VIIRS,l,2,333.3,29.12,D,0
49.10098,-120.06841,350.59,0.38,0.36,2023-08-18,2043,N20,VIIRS,n,2,300.08,29.12,D,0
49.10178,-120.08509,367,0.38,0.36,2023-08-18,2043,N20,VIIRS,h,2,327.18,113.9,D,0
49.10259,-120.07994,367,0.38,0.36,2023-08-18,2043,N20,VIIRS,h,2,343.59,113.9,D,0
49.1034,-119.98742,340.71,0.38,0.36,2023-08-18,2043,N20,VIIRS,n,2,303.09,5.64,D,0
49.1034,-120.07478,367,0.38,0.36,2023-08-18,2043,N20,VIIRS,h,2,346.01,29.12,D,0
49.10421,-119.98223,339.47,0.38,0.36,2023-08-18,2043,N20,VIIRS,n,2,301.94,5.64,D,0
49.10422,-120.06962,347.08,0.38,0.36,2023-08-18,2043,N20,VIIRS,n,2,305.66,29.12,D,0
49.10502,-119.97704,341.02,0.38,0.36,2023-08-18,2043,N20,VIIRS,l,2,312.7,26.8,D,0
49.10502,-120.0863,367,0.38,0.36,2023-08-18,2043,N20,VIIRS,h,2,335.11,56.87,D,0
49.10583,-119.97185,354.86,0.38,0.36,2023-08-18,2043,N20,VIIRS,n,2,302.33,26.8,D,0
49.10583,-120.08115,352.26,0.38,0.36,2023-08-18,2043,N20,VIIRS,l,2,327.94,56.87,D,0
49.10664,-119.96666,348.71,0.38,0.36,2023-08-18,2043,N20,VIIRS,n,2,309.35,25.76,D,0
49.10665,-120.07598,348.95,0.38,0.36,2023-08-18,2043,N20,VIIRS,n,2,317.88,43.73,D,0
49.10744,-119.96148,353.2,0.38,0.36,2023-08-18,2043,N20,VIIRS,n,2,308.02,25.76,D,0
49.10745,-120.09266,367,0.38,0.36,2023-08-18,2043,N20,VIIRS,h,2,349.71,118.72,D,0
49.10826,-120.0875,347.44,0.38,0.36,2023-08-18,2043,N20,VIIRS,n,2,315.07,56.87,D,0
49.10986,-119.94592,343.69,0.38,0.36,2023-08-18,2043,N20,VIIRS,n,2,302.05,7.56,D,0
49.1106,-120.0959,367,0.38,0.36,2023-08-18,2043,N20,VIIRS,l,2,327.86,28.35,D,0
49.11142,-120.09072,343.4,0.38,0.36,2023-08-18,2043,N20,VIIRS,n,2,303.9,28.35,D,0
49.11151,-120.00126,335.8,0.38,0.36,2023-08-18,2043,N20,VIIRS,n,2,299.69,6.71,D,0
49.11384,-120.09711,340.34,0.38,0.36,2023-08-18,2043,N20,VIIRS,n,2,302.66,28.35,D,0
49.11707,-120.09834,347.67,0.38,0.36,2023-08-18,2043,N20,VIIRS,n,2,307.09,58.19,D,0
49.12029,-121.26317,334.51,0.39,0.36,2023-08-18,2043,N20,VIIRS,n,2,304.75,23.06,D,0
49.1203,-120.09959,367,0.38,0.36,2023-08-18,2043,N20,VIIRS,l,2,334.22,58.19,D,0
49.12114,-121.25818,334.07,0.39,0.36,2023-08-18,2043,N20,VIIRS,n,2,297.52,28.47,D,0
49.12198,-121.25317,344.72,0.39,0.36,2023-08-18,2043,N20,VIIRS,n,2,302.2,28.47,D,0
49.12352,-121.26471,297.22,0.39,0.36,2023-08-18,2043,N20,VIIRS,l,2,305.82,23.06,D,0
49.12437,-121.25965,344.8,0.39,0.36,2023-08-18,2043,N20,VIIRS,n,2,319.52,28.47,D,0
49.12523,-121.25457,336.56,0.39,0.36,2023-08-18,2043,N20,VIIRS,n,2,303.71,28.47,D,0
49.12757,-120.09695,343.96,0.38,0.36,2023-08-18,2043,N20,VIIRS,n,2,306.25,62.79,D,0
49.1308,-120.0982,367,0.38,0.36,2023-08-18,2043,N20,VIIRS,l,2,325.19,47.3,D,0
49.13161,-120.09303,350.87,0.38,0.36,2023-08-18,2043,N20,VIIRS,n,2,310.17,37.22,D,0
49.13243,-120.08788,352.94,0.38,0.36,2023-08-18,2043,N20,VIIRS,n,2,309.15,37.22,D,0
49.13329,-119.88351,349.52,0.38,0.36,2023-08-18,2043,N20,VIIRS,n,2,314.9,38.98,D,0
49.13567,-120.08906,367,0.38,0.36,2023-08-18,2043,N20,VIIRS,h,2,356.65,37.22,D,0
49.13649,-120.08385,353.52,0.38,0.36,2023-08-18,2043,N20,VIIRS,n,2,320.65,32.83,D,0
49.13653,-119.88468,347.96,0.38,0.36,2023-08-18,2043,N20,VIIRS,n,2,318.02,42.45,D,0
49.13811,-120.09541,354.89,0.38,0.36,2023-08-18,2043,N20,VIIRS,n,2,315.37,41.99,D,0
49.13892,-120.0902,367,0.38,0.36,2023-08-18,2043,N20,VIIRS,h,2,332.36,41.99,D,0
49.14058,-119.88071,334.28,0.38,0.36,2023-08-18,2043,N20,VIIRS,n,2,297.51,9.81,D,0
49.14137,-120.09649,349.66,0.38,0.36,2023-08-18,2043,N20,VIIRS,n,2,316.03,41.99,D,0
49.14381,-120.10276,345.66,0.38,0.36,2023-08-18,2043,N20,VIIRS,n,2,310.16,9.09,D,0
49.14707,-120.10387,344.56,0.38,0.36,2023-08-18,2043,N20,VIIRS,n,2,304.7,9.09,D,0
49.14787,-119.87993,331.38,0.38,0.36,2023-08-18,2043,N20,VIIRS,n,2,297.87,65.15,D,0
49.14947,-119.86961,340.31,0.38,0.36,2023-08-18,2043,N20,VIIRS,n,2,308.93,41.79,D,0
49.15439,-120.10095,367,0.38,0.36,2023-08-18,2043,N20,VIIRS,h,2,357.12,154.57,D,0
49.1552,-120.09579,349.7,0.38,0.36,2023-08-18,2043,N20,VIIRS,n,2,308.65,154.57,D,0
49.15845,-120.09694,356.2,0.38,0.36,2023-08-18,2043,N20,VIIRS,n,2,309.43,63.95,D,0
49.18517,-119.92626,349.36,0.38,0.36,2023-08-18,2043,N20,VIIRS,n,2,297.9,7.3,D,0
49.186,-119.94293,337.26,0.38,0.36,2023-08-18,2043,N20,VIIRS,n,2,295.59,3.99,D,0
49.1868,-119.93778,352.05,0.38,0.36,2023-08-18,2043,N20,VIIRS,n,2,300.23,7.32,D,0
49.18761,-119.93263,336.99,0.38,0.36,2023-08-18,2043,N20,VIIRS,n,2,291.5,7.32,D,0
49.18841,-119.92745,339.13,0.38,0.36,2023-08-18,2043,N20,VIIRS,n,2,293.88,7.3,D,0
49.18924,-119.94412,345.17,0.38,0.36,2023-08-18,2043,N20,VIIRS,n,2,291.9,3.52,D,0
49.19004,-119.939,343.03,0.38,0.36,2023-08-18,2043,N20,VIIRS,n,2,293.11,4.68,D,0
49.19575,-120.07772,367,0.38,0.36,2023-08-18,2043,N20,VIIRS,h,2,347.73,137.34,D,0
49.19654,-119.96331,335.61,0.38,0.36,2023-08-18,2043,N20,VIIRS,n,2,293.52,2.51,D,0
49.19656,-120.07258,347.67,0.38,0.36,2023-08-18,2043,N20,VIIRS,n,2,307.59,36.58,D,0
49.19818,-120.08405,367,0.38,0.36,2023-08-18,2043,N20,VIIRS,h,2,325.84,137.34,D,0
49.19899,-120.0789,367,0.38,0.36,2023-08-18,2043,N20,VIIRS,h,2,341.46,137.34,D,0
49.19978,-119.96452,343.75,0.38,0.36,2023-08-18,2043,N20,VIIRS,n,2,313.52,31.54,D,0
49.20058,-119.95937,350.39,0.38,0.36,2023-08-18,2043,N20,VIIRS,n,2,311.59,31.54,D,0
49.20139,-119.9542,333.75,0.38,0.36,2023-08-18,2043,N20,VIIRS,n,2,293.36,16.68,D,0
49.20142,-120.08526,346.37,0.38,0.36,2023-08-18,2043,N20,VIIRS,n,2,300.47,7.43,D,0
49.20224,-120.08009,338.93,0.38,0.36,2023-08-18,2043,N20,VIIRS,n,2,306.46,7.43,D,0
49.20302,-119.96571,345.42,0.38,0.36,2023-08-18,2043,N20,VIIRS,n,2,307.12,31.54,D,0
49.20383,-119.96058,367,0.38,0.36,2023-08-18,2043,N20,VIIRS,l,2,331.67,31.54,D,0
49.20383,-119.98261,331.48,0.38,0.36,2023-08-18,2043,N20,VIIRS,n,2,298.03,3.68,D,0
49.20428,-121.3998,342.77,0.39,0.36,2023-08-18,2043,N20,VIIRS,n,2,292.81,5.67,D,0
49.20464,-119.95543,346.57,0.38,0.36,2023-08-18,2043,N20,VIIRS,n,2,302.74,16.68,D,0
49.20467,-120.08646,339.29,0.38,0.36,2023-08-18,2043,N20,VIIRS,n,2,295.92,7.43,D,0
49.20547,-120.0813,342.97,0.38,0.36,2023-08-18,2043,N20,VIIRS,n,2,303.41,7.43,D,0
49.20626,-119.96697,342.38,0.38,0.36,2023-08-18,2043,N20,VIIRS,n,2,302.58,44.52,D,0
49.20707,-119.96182,367,0.38,0.36,2023-08-18,2043,N20,VIIRS,l,2,326.76,44.52,D,0
49.20708,-119.98387,335.2,0.38,0.36,2023-08-18,2043,N20,VIIRS,n,2,304.5,3.68,D,0
49.20748,-121.4015,351.68,0.39,0.36,2023-08-18,2043,N20,VIIRS,n,2,301.78,19.54,D,0
49.20789,-119.97864,351.05,0.38,0.36,2023-08-18,2043,N20,VIIRS,n,2,302.41,8.01,D,0
49.20791,-120.06582,346.02,0.38,0.36,2023-08-18,2043,N20,VIIRS,n,2,311.17,11.22,D,0
49.2087,-119.97342,351.79,0.38,0.36,2023-08-18,2043,N20,VIIRS,n,2,305.88,8.01,D,0
49.20872,-120.0825,367,0.38,0.36,2023-08-18,2043,N20,VIIRS,l,2,332.45,80.16,D,0
49.2095,-119.96823,342.98,0.38,0.36,2023-08-18,2043,N20,VIIRS,n,2,312.57,44.52,D,0
49.20953,-120.07735,346.49,0.38,0.36,2023-08-18,2043,N20,VIIRS,n,2,304.7,45.47,D,0
49.21032,-119.96307,367,0.38,0.36,2023-08-18,2043,N20,VIIRS,h,2,339.94,44.52,D,0
49.21194,-119.97468,355.96,0.38,0.36,2023-08-18,2043,N20,VIIRS,n,2,313.71,20.21,D,0
49.21195,-119.99661,334.43,0.38,0.36,2023-08-18,2043,N20,VIIRS,n,2,299.49,2.66,D,0
49.21275,-119.96948,367,0.38,0.36,2023-08-18,2043,N20,VIIRS,l,2,326.99,34.28,D,0
49.21277,-120.07855,367,0.38,0.36,2023-08-18,2043,N20,VIIRS,h,2,340.95,45.47,D,0
49.21356,-119.96432,341.43,0.38,0.36,2023-08-18,2043,N20,VIIRS,n,2,311.58,34.28,D,0
49.21358,-120.07336,348.21,0.38,0.36,2023-08-18,2043,N20,VIIRS,n,2,308.4,45.47,D,0
49.21521,-119.99778,338.45,0.38,0.36,2023-08-18,2043,N20,VIIRS,n,2,300,18.12,D,0
49.21683,-120.07456,367,0.38,0.36,2023-08-18,2043,N20,VIIRS,h,2,353.52,210.37,D,0
49.21764,-120.06937,348.03,0.38,0.36,2023-08-18,2043,N20,VIIRS,n,2,306.92,44.08,D,0
49.21845,-119.99896,346.67,0.38,0.36,2023-08-18,2043,N20,VIIRS,n,2,316.85,18.12,D,0
49.21926,-119.99383,333.75,0.38,0.36,2023-08-18,2043,N20,VIIRS,n,2,300.47,5.36,D,0
49.22088,-120.07057,367,0.38,0.36,2023-08-18,2043,N20,VIIRS,l,2,329.49,44.08,D,0
49.22169,-120.00011,340.76,0.38,0.36,2023-08-18,2043,N20,VIIRS,n,2,302.48,7.3,D,0
49.2238,-120.07425,304.87,0.38,0.36,2023-08-18,2043,N20,VIIRS,l,2,305.64,66.44,D,0
49.22461,-120.06907,367,0.38,0.36,2023-08-18,2043,N20,VIIRS,l,2,338.84,96.47,D,0
49.22495,-120.00131,334.08,0.38,0.36,2023-08-18,2043,N20,VIIRS,n,2,299.14,7.3,D,0
49.22785,-120.07027,344.73,0.38,0.36,2023-08-18,2043,N20,VIIRS,l,2,316.73,96.47,D,0
49.23144,-120.00368,339.7,0.38,0.36,2023-08-18,2043,N20,VIIRS,n,2,301.02,2.44,D,0
49.23186,-120.04453,352.26,0.38,0.36,2023-08-18,2043,N20,VIIRS,n,2,319.71,33.79,D,0
49.2319,-120.06632,367,0.38,0.36,2023-08-18,2043,N20,VIIRS,l,2,327.36,74.15,D,0
49.23267,-120.03938,355.99,0.38,0.36,2023-08-18,2043,N20,VIIRS,n,2,312.38,20.51,D,0
49.2327,-120.06116,346.07,0.38,0.36,2023-08-18,2043,N20,VIIRS,n,2,314.5,15.13,D,0
49.23348,-120.03419,355.34,0.38,0.36,2023-08-18,2043,N20,VIIRS,n,2,319.16,20.51,D,0
49.2335,-120.05604,355.54,0.38,0.36,2023-08-18,2043,N20,VIIRS,n,2,308.96,15.13,D,0
49.23429,-120.02901,353.06,0.38,0.36,2023-08-18,2043,N20,VIIRS,n,2,322.39,19.61,D,0
49.2343,-120.05089,351,0.38,0.36,2023-08-18,2043,N20,VIIRS,n,2,307.91,64.89,D,0
49.2351,-120.02386,349,0.38,0.36,2023-08-18,2043,N20,VIIRS,n,2,312.64,19.61,D,0
49.2351,-120.04574,355.65,0.38,0.36,2023-08-18,2043,N20,VIIRS,n,2,318.18,64.89,D,0
49.2359,-120.01871,335.93,0.38,0.36,2023-08-18,2043,N20,VIIRS,n,2,300.31,3.99,D,0
49.23591,-120.04059,350.79,0.38,0.36,2023-08-18,2043,N20,VIIRS,l,2,325.79,114.3,D,0
49.23594,-120.06238,353.05,0.38,0.36,2023-08-18,2043,N20,VIIRS,n,2,301.11,15.13,D,0
49.23671,-120.03542,367,0.38,0.36,2023-08-18,2043,N20,VIIRS,h,2,344.42,114.3,D,0
49.23674,-120.05723,340.58,0.38,0.36,2023-08-18,2043,N20,VIIRS,n,2,303.3,15.13,D,0
49.23748,-120.00848,353.84,0.38,0.36,2023-08-18,2043,N20,VIIRS,n,2,302.59,10.02,D,0
49.23752,-120.03025,367,0.38,0.36,2023-08-18,2043,N20,VIIRS,h,2,342.8,39.59,D,0
49.23754,-120.05208,367,0.38,0.36,2023-08-18,2043,N20,VIIRS,h,2,335.31,64.89,D,0
49.23833,-120.02507,353.64,0.38,0.36,2023-08-18,2043,N20,VIIRS,n,2,309.91,39.59,D,0
49.23835,-120.04694,367,0.38,0.36,2023-08-18,2043,N20,VIIRS,h,2,358.04,64.89,D,0
49.23913,-120.01992,356.28,0.38,0.36,2023-08-18,2043,N20,VIIRS,n,2,310.71,11.32,D,0
49.23914,-120.0418,367,0.38,0.36,2023-08-18,2043,N20,VIIRS,h,2,361.82,114.3,D,0
49.23993,-120.0148,352.14,0.38,0.36,2023-08-18,2043,N20,VIIRS,n,2,302.27,11.32,D,0
49.23995,-120.03664,349.36,0.38,0.36,2023-08-18,2043,N20,VIIRS,n,2,312.54,114.3,D,0
49.24076,-120.03148,335.02,0.38,0.36,2023-08-18,2043,N20,VIIRS,n,2,301.25,39.59,D,0
49.28893,-119.69838,337.78,0.38,0.36,2023-08-18,2043,N20,VIIRS,n,2,308.36,74.01,D,0
49.28973,-119.69319,346.99,0.38,0.36,2023-08-18,2043,N20,VIIRS,n,2,311.77,74.01,D,0
49.29052,-119.688,338.33,0.38,0.36,2023-08-18,2043,N20,VIIRS,n,2,296.76,74.96,D,0
49.29131,-119.68281,337.05,0.38,0.36,2023-08-18,2043,N20,VIIRS,n,2,296.95,74.96,D,0
49.29218,-119.69955,367,0.38,0.36,2023-08-18,2043,N20,VIIRS,h,2,356.2,74.01,D,0
49.29298,-119.69437,367,0.38,0.36,2023-08-18,2043,N20,VIIRS,h,2,341.41,74.01,D,0
49.29377,-119.68916,367,0.38,0.36,2023-08-18,2043,N20,VIIRS,l,2,364.24,74.96,D,0
49.29456,-119.68397,341.5,0.38,0.36,2023-08-18,2043,N20,VIIRS,n,2,302.44,74.96,D,0
49.29462,-119.70589,367,0.38,0.36,2023-08-18,2043,N20,VIIRS,h,2,333.58,56.82,D,0
49.29543,-119.70071,367,0.38,0.36,2023-08-18,2043,N20,VIIRS,l,2,336.47,59.73,D,0
49.29622,-119.69553,367,0.38,0.36,2023-08-18,2043,N20,VIIRS,h,2,345.4,59.73,D,0
49.29701,-119.69032,367,0.38,0.36,2023-08-18,2043,N20,VIIRS,l,2,377.33,139.06,D,0
49.29781,-119.68513,351.03,0.38,0.36,2023-08-18,2043,N20,VIIRS,n,2,308.11,139.06,D,0
49.2986,-119.67992,340.27,0.38,0.36,2023-08-18,2043,N20,VIIRS,n,2,293.68,6.32,D,0
49.29867,-119.70187,355.06,0.38,0.36,2023-08-18,2043,N20,VIIRS,n,2,322.86,59.73,D,0
49.29947,-119.69668,367,0.38,0.36,2023-08-18,2043,N20,VIIRS,l,2,333.76,59.73,D,0
49.30026,-119.69148,367,0.38,0.36,2023-08-18,2043,N20,VIIRS,h,2,345.56,139.06,D,0
49.30105,-119.68629,354.15,0.38,0.36,2023-08-18,2043,N20,VIIRS,n,2,298.46,139.06,D,0
49.30112,-119.70821,350.75,0.38,0.36,2023-08-18,2043,N20,VIIRS,n,2,316.26,21.47,D,0
49.30192,-119.70303,352.65,0.38,0.36,2023-08-18,2043,N20,VIIRS,n,2,324.35,184.58,D,0
49.30271,-119.69784,367,0.38,0.36,2023-08-18,2043,N20,VIIRS,h,2,341.02,184.58,D,0
49.3035,-119.69264,367,0.38,0.36,2023-08-18,2043,N20,VIIRS,h,2,369.22,0,D,0
49.3043,-119.68744,355.04,0.38,0.36,2023-08-18,2043,N20,VIIRS,n,2,299.08,0,D,0
49.30437,-119.70938,367,0.38,0.36,2023-08-18,2043,N20,VIIRS,h,2,335.14,21.47,D,0
49.30516,-119.70419,367,0.38,0.36,2023-08-18,2043,N20,VIIRS,h,2,340.91,184.58,D,0
49.30596,-119.699,367,0.38,0.36,2023-08-18,2043,N20,VIIRS,h,2,346.49,184.58,D,0
49.30676,-119.69379,367,0.38,0.36,2023-08-18,2043,N20,VIIRS,h,2,337.51,0,D,0
49.30755,-119.68861,341.13,0.38,0.36,2023-08-18,2043,N20,VIIRS,n,2,297.1,0,D,0
49.30761,-119.71054,367,0.38,0.36,2023-08-18,2043,N20,VIIRS,h,2,334.13,60.89,D,0
49.30841,-119.70534,367,0.38,0.36,2023-08-18,2043,N20,VIIRS,l,2,376.66,146.99,D,0
49.3092,-119.70016,351.02,0.38,0.36,2023-08-18,2043,N20,VIIRS,n,2,308.43,146.99,D,0
49.88076,-119.5696,340.4,0.38,0.36,2023-08-18,2043,N20,VIIRS,n,2,292.28,8.38,D,0
49.88085,-119.59186,340.74,0.38,0.36,2023-08-18,2043,N20,VIIRS,n,2,288.48,14.45,D,0
49.88155,-119.56432,353.74,0.38,0.36,2023-08-18,2043,N20,VIIRS,n,2,308.56,31.75,D,0
49.88243,-119.58131,341.3,0.38,0.36,2023-08-18,2043,N20,VIIRS,n,2,291.37,5.92,D,0
49.88251,-119.60366,354.48,0.38,0.36,2023-08-18,2043,N20,VIIRS,n,2,295.98,13.3,D,0
49.8833,-119.59835,356.02,0.38,0.36,2023-08-18,2043,N20,VIIRS,l,2,289.75,14.45,D,0
49.88401,-119.57079,345.14,0.38,0.36,2023-08-18,2043,N20,VIIRS,n,2,310.54,32.5,D,0
49.8841,-119.59307,354.57,0.38,0.36,2023-08-18,2043,N20,VIIRS,n,2,293.59,14.45,D,0
49.8848,-119.56552,351.82,0.38,0.36,2023-08-18,2043,N20,VIIRS,n,2,316.61,22.46,D,0
49.88489,-119.58779,344.93,0.38,0.36,2023-08-18,2043,N20,VIIRS,n,2,287.05,5.92,D,0
49.88496,-119.61018,348.56,0.38,0.36,2023-08-18,2043,N20,VIIRS,n,2,301.29,183.16,D,0
49.88559,-119.56025,355.01,0.38,0.36,2023-08-18,2043,N20,VIIRS,n,2,308.13,22.46,D,0
49.88568,-119.5825,350.22,0.38,0.36,2023-08-18,2043,N20,VIIRS,n,2,290.75,5.92,D,0
49.88575,-119.60487,367,0.38,0.36,2023-08-18,2043,N20,VIIRS,h,2,336.46,183.16,D,0
49.88647,-119.57724,354.19,0.38,0.36,2023-08-18,2043,N20,VIIRS,n,2,289.8,32.5,D,0
49.88655,-119.59956,305.88,0.38,0.36,2023-08-18,2043,N20,VIIRS,l,2,323.43,92.49,D,0
49.88726,-119.57198,351.21,0.38,0.36,2023-08-18,2043,N20,VIIRS,n,2,301.91,32.5,D,0
49.88735,-119.59426,354.12,0.38,0.36,2023-08-18,2043,N20,VIIRS,n,2,289.83,92.49,D,0
49.88741,-119.61667,353.9,0.38,0.36,2023-08-18,2043,N20,VIIRS,n,2,297.39,26.48,D,0
49.88805,-119.5667,356.02,0.38,0.36,2023-08-18,2043,N20,VIIRS,l,2,296.76,22.46,D,0
49.88814,-119.58897,339.07,0.38,0.36,2023-08-18,2043,N20,VIIRS,n,2,286.03,8.21,D,0
49.8882,-119.61137,367,0.38,0.36,2023-08-18,2043,N20,VIIRS,l,2,349.77,183.16,D,0
49.88884,-119.56142,354.41,0.38,0.36,2023-08-18,2043,N20,VIIRS,n,2,294.99,22.46,D,0
49.889,-119.60606,367,0.38,0.36,2023-08-18,2043,N20,VIIRS,l,2,349.3,183.16,D,0
49.88963,-119.55614,335.7,0.38,0.36,2023-08-18,2043,N20,VIIRS,n,2,286.44,6.16,D,0
49.89059,-119.59547,351.68,0.38,0.36,2023-08-18,2043,N20,VIIRS,n,2,291.33,92.49,D,0
49.89066,-119.61787,367,0.38,0.36,2023-08-18,2043,N20,VIIRS,h,2,344.66,0,D,0
49.89145,-119.61256,367,0.38,0.36,2023-08-18,2043,N20,VIIRS,l,2,367.18,0,D,0
49.89152,-119.63487,340.02,0.38,0.36,2023-08-18,2043,N20,VIIRS,n,2,294.08,68.05,D,0
49.89225,-119.60727,367,0.38,0.36,2023-08-18,2043,N20,VIIRS,l,2,371.95,0,D,0
49.89231,-119.62962,367,0.38,0.36,2023-08-18,2043,N20,VIIRS,h,2,325.58,68.05,D,0
49.89305,-119.60195,367,0.38,0.36,2023-08-18,2043,N20,VIIRS,l,2,328.54,43.78,D,0
49.8931,-119.62436,367,0.38,0.36,2023-08-18,2043,N20,VIIRS,l,2,372.31,0,D,0
49.89384,-119.59666,345.64,0.38,0.36,2023-08-18,2043,N20,VIIRS,n,2,294.26,43.78,D,0
49.8939,-119.61906,367,0.38,0.36,2023-08-18,2043,N20,VIIRS,l,2,372.02,0,D,0
49.8947,-119.61375,367,0.38,0.36,2023-08-18,2043,N20,VIIRS,l,2,366.38,0,D,0
49.89477,-119.63606,367,0.38,0.36,2023-08-18,2043,N20,VIIRS,h,2,354.08,0,D,0
49.8955,-119.60846,350,0.38,0.36,2023-08-18,2043,N20,VIIRS,n,2,317.52,0,D,0
49.89556,-119.63081,367,0.38,0.36,2023-08-18,2043,N20,VIIRS,l,2,371.93,0,D,0
49.89629,-119.60314,348.98,0.38,0.36,2023-08-18,2043,N20,VIIRS,n,2,296.72,43.78,D,0
49.89635,-119.62552,367,0.38,0.36,2023-08-18,2043,N20,VIIRS,h,2,335.25,72.91,D,0
49.89715,-119.62023,350.57,0.38,0.36,2023-08-18,2043,N20,VIIRS,n,2,318.22,72.91,D,0
49.89722,-119.64251,367,0.38,0.36,2023-08-18,2043,N20,VIIRS,l,2,326.14,108.01,D,0
49.89795,-119.61491,352.03,0.38,0.36,2023-08-18,2043,N20,VIIRS,n,2,298.41,12.01,D,0
49.89801,-119.63724,367,0.38,0.36,2023-08-18,2043,N20,VIIRS,l,2,368.55,0,D,0
49.89852,-119.54256,367,0.38,0.36,2023-08-18,2043,N20,VIIRS,l,2,327.01,100.86,D,0
49.89881,-119.63195,367,0.38,0.36,2023-08-18,2043,N20,VIIRS,l,2,326.51,0,D,0
49.90047,-119.64367,367,0.38,0.36,2023-08-18,2043,N20,VIIRS,h,2,328.16,42.07,D,0
49.90127,-119.6384,367,0.38,0.36,2023-08-18,2043,N20,VIIRS,l,2,329.88,107.33,D,0
49.90257,-119.53844,350.16,0.38,0.36,2023-08-18,2043,N20,VIIRS,n,2,309.8,103.16,D,0
49.90372,-119.64484,346.06,0.38,0.36,2023-08-18,2043,N20,VIIRS,n,2,300.36,42.07,D,0
49.90942,-119.6525,341.02,0.38,0.36,2023-08-18,2043,N20,VIIRS,n,2,309.69,53.67,D,0
49.91266,-119.65369,335.64,0.38,0.36,2023-08-18,2043,N20,VIIRS,n,2,295.73,29.33,D,0
49.91346,-119.6484,345.41,0.38,0.36,2023-08-18,2043,N20,VIIRS,n,2,300.67,29.33,D,0
49.9167,-119.64957,367,0.38,0.36,2023-08-18,2043,N20,VIIRS,l,2,325.16,29.33,D,0
49.92074,-119.64549,348.5,0.38,0.36,2023-08-18,2043,N20,VIIRS,n,2,305.56,23.91,D,0
49.92399,-119.64665,343.71,0.38,0.36,2023-08-18,2043,N20,VIIRS,n,2,306.56,23.91,D,0
49.92479,-119.64138,351.15,0.38,0.36,2023-08-18,2043,N20,VIIRS,n,2,311.15,23.91,D,0
49.92559,-119.6361,354.91,0.38,0.36,2023-08-18,2043,N20,VIIRS,n,2,301.37,16.4,D,0
49.92883,-119.63727,351.72,0.38,0.36,2023-08-18,2043,N20,VIIRS,n,2,298.25,36.77,D,0
49.92963,-119.63198,348.16,0.38,0.36,2023-08-18,2043,N20,VIIRS,n,2,307.68,36.77,D,0
49.93368,-119.62788,353.69,0.38,0.36,2023-08-18,2043,N20,VIIRS,n,2,309.64,44.31,D,0
49.93527,-119.61729,351.93,0.38,0.36,2023-08-18,2043,N20,VIIRS,n,2,308.59,28.94,D,0
49.93624,-119.45057,367,0.38,0.36,2023-08-18,2043,N20,VIIRS,l,2,328.42,42.08,D,0
49.93851,-119.6185,297.5,0.38,0.36,2023-08-18,2043,N20,VIIRS,l,2,322.34,65.49,D,0
49.93932,-119.61321,367,0.38,0.36,2023-08-18,2043,N20,VIIRS,l,2,327.21,65.49,D,0
49.94028,-119.44642,342.94,0.39,0.36,2023-08-18,2043,N20,VIIRS,n,2,305.66,42.08,D,0
49.946,-119.45406,351.23,0.38,0.36,2023-08-18,2043,N20,VIIRS,n,2,305.81,31.08,D,0
49.94669,-119.42639,339.72,0.39,0.36,2023-08-18,2043,N20,VIIRS,n,2,299.96,104.11,D,0
49.94679,-119.44878,346.76,0.39,0.36,2023-08-18,2043,N20,VIIRS,n,2,306.26,31.08,D,0
49.94748,-119.4211,334.67,0.39,0.36,2023-08-18,2043,N20,VIIRS,n,2,297.78,4.23,D,0
49.94758,-119.44347,346.49,0.39,0.36,2023-08-18,2043,N20,VIIRS,n,2,309.95,17.45,D,0
49.94826,-119.41582,335.1,0.39,0.36,2023-08-18,2043,N20,VIIRS,n,2,297.22,4.23,D,0
49.94837,-119.43816,335.42,0.39,0.36,2023-08-18,2043,N20,VIIRS,n,2,302.68,17.45,D,0
49.95074,-119.42226,338.03,0.39,0.36,2023-08-18,2043,N20,VIIRS,n,2,300.19,4.23,D,0
49.95084,-119.44466,346.95,0.39,0.36,2023-08-18,2043,N20,VIIRS,n,2,312.54,19.38,D,0
49.95162,-119.43937,353.07,0.39,0.36,2023-08-18,2043,N20,VIIRS,n,2,315.5,19.38,D,0
49.95221,-119.59571,355.88,0.38,0.36,2023-08-18,2043,N20,VIIRS,n,2,302.68,16.98,D,0
49.95241,-119.43405,351.22,0.39,0.36,2023-08-18,2043,N20,VIIRS,l,2,324.05,36.81,D,0
49.95321,-119.42874,355.78,0.39,0.36,2023-08-18,2043,N20,VIIRS,n,2,317.43,36.81,D,0
49.95331,-119.45109,349.77,0.39,0.36,2023-08-18,2043,N20,VIIRS,n,2,307.74,10.88,D,0
49.95399,-119.42342,367,0.39,0.36,2023-08-18,2043,N20,VIIRS,l,2,338.47,23.84,D,0
49.95409,-119.44583,348.03,0.39,0.36,2023-08-18,2043,N20,VIIRS,n,2,309.25,19.38,D,0
49.95478,-119.41813,354.73,0.39,0.36,2023-08-18,2043,N20,VIIRS,n,2,316.98,23.84,D,0
49.95487,-119.44054,355.46,0.39,0.36,2023-08-18,2043,N20,VIIRS,n,2,315.01,19.38,D,0
49.95646,-119.42992,356.35,0.39,0.36,2023-08-18,2043,N20,VIIRS,n,2,316.85,36.81,D,0
49.95657,-119.45223,352.66,0.39,0.36,2023-08-18,2043,N20,VIIRS,n,2,320.78,32.44,D,0
49.95724,-119.4246,351.98,0.39,0.36,2023-08-18,2043,N20,VIIRS,n,2,310.51,23.84,D,0
49.95734,-119.44698,350.36,0.39,0.36,2023-08-18,2043,N20,VIIRS,n,2,309.54,7.09,D,0
49.95804,-119.41929,336.99,0.39,0.36,2023-08-18,2043,N20,VIIRS,n,2,303.3,23.84,D,0
49.95813,-119.4417,348.16,0.39,0.36,2023-08-18,2043,N20,VIIRS,n,2,309.45,7.09,D,0
49.95892,-119.4364,367,0.39,0.36,2023-08-18,2043,N20,VIIRS,h,2,314.16,11.13,D,0
49.95971,-119.43108,367,0.39,0.36,2023-08-18,2043,N20,VIIRS,h,2,315.91,11.13,D,0
49.96051,-119.42576,350.31,0.39,0.36,2023-08-18,2043,N20,VIIRS,n,2,317.1,9.93,D,0
49.96061,-119.44813,342.33,0.39,0.36,2023-08-18,2043,N20,VIIRS,n,2,303.44,7.09,D,0
49.96139,-119.44285,350.65,0.39,0.36,2023-08-18,2043,N20,VIIRS,n,2,307.28,7.09,D,0
49.96218,-119.43756,341.29,0.39,0.36,2023-08-18,2043,N20,VIIRS,n,2,304.34,11.13,D,0
49.96297,-119.43224,349.19,0.39,0.36,2023-08-18,2043,N20,VIIRS,n,2,306.83,11.13,D,0
49.96376,-119.42693,334.24,0.39,0.36,2023-08-18,2043,N20,VIIRS,n,2,302.62,9.93,D,0
49.96465,-119.444,349.34,0.39,0.36,2023-08-18,2043,N20,VIIRS,n,2,303.63,6.38,D,0
49.96544,-119.4387,343.35,0.39,0.36,2023-08-18,2043,N20,VIIRS,n,2,302.78,4.05,D,0
49.96623,-119.43339,336.98,0.39,0.36,2023-08-18,2043,N20,VIIRS,n,2,301.35,4.05,D,0
49.96947,-119.59424,353.08,0.38,0.36,2023-08-18,2043,N20,VIIRS,n,2,308.72,16.44,D,0
49.97273,-119.59538,344.17,0.38,0.36,2023-08-18,2043,N20,VIIRS,n,2,307.49,16.44,D,0
49.97677,-119.59122,342.02,0.38,0.36,2023-08-18,2043,N20,VIIRS,n,2,302.43,114.16,D,0
49.97718,-119.49636,350.34,0.38,0.36,2023-08-18,2043,N20,VIIRS,n,2,305.99,26.67,D,0
49.97837,-119.58052,347.26,0.38,0.36,2023-08-18,2043,N20,VIIRS,n,2,307.03,45.85,D,0
49.97972,-119.52552,355.62,0.38,0.36,2023-08-18,2043,N20,VIIRS,n,2,311.55,21.97,D,0
49.98043,-119.49752,350.21,0.38,0.36,2023-08-18,2043,N20,VIIRS,l,2,321.79,26.67,D,0
49.98082,-119.58702,345.28,0.38,0.36,2023-08-18,2043,N20,VIIRS,n,2,319.97,45.85,D,0
49.98162,-119.58168,367,0.38,0.36,2023-08-18,2043,N20,VIIRS,h,2,338.15,45.85,D,0
49.98241,-119.57637,353.5,0.38,0.36,2023-08-18,2043,N20,VIIRS,n,2,316.65,13.52,D,0
49.98309,-119.54893,352.05,0.38,0.36,2023-08-18,2043,N20,VIIRS,n,2,311.82,9.72,D,0
49.9832,-119.57108,343.64,0.38,0.36,2023-08-18,2043,N20,VIIRS,n,2,306.09,13.52,D,0
49.98399,-119.56582,347.23,0.38,0.36,2023-08-18,2043,N20,VIIRS,n,2,310.1,8.75,D,0
49.98466,-119.53842,352.55,0.38,0.36,2023-08-18,2043,N20,VIIRS,n,2,312.53,11.58,D,0
49.98477,-119.56058,345.6,0.38,0.36,2023-08-18,2043,N20,VIIRS,n,2,308.71,8.75,D,0
49.98487,-119.58284,333.8,0.38,0.36,2023-08-18,2043,N20,VIIRS,n,2,308.24,26.15,D,0
49.98555,-119.55534,345.73,0.38,0.36,2023-08-18,2043,N20,VIIRS,n,2,311.16,9.72,D,0
49.98567,-119.57755,347.73,0.38,0.36,2023-08-18,2043,N20,VIIRS,n,2,315.41,25.95,D,0
49.98623,-119.52787,367,0.38,0.36,2023-08-18,2043,N20,VIIRS,h,2,315.8,12.54,D,0
49.98646,-119.57226,347.57,0.38,0.36,2023-08-18,2043,N20,VIIRS,n,2,307.68,25.95,D,0
49.98701,-119.52258,356.1,0.38,0.36,2023-08-18,2043,N20,VIIRS,n,2,315.22,14.38,D,0
49.98724,-119.56699,338.85,0.38,0.36,2023-08-18,2043,N20,VIIRS,n,2,304.1,4.52,D,0
49.98791,-119.5396,350.91,0.38,0.36,2023-08-18,2043,N20,VIIRS,n,2,308.34,11.58,D,0
49.98802,-119.56175,347.21,0.38,0.36,2023-08-18,2043,N20,VIIRS,n,2,302.19,4.52,D,0
49.98869,-119.53432,355.43,0.38,0.36,2023-08-18,2043,N20,VIIRS,n,2,317.16,12.54,D,0
49.9888,-119.55652,354.97,0.38,0.36,2023-08-18,2043,N20,VIIRS,n,2,308.83,15.23,D,0
49.98948,-119.52905,367,0.38,0.36,2023-08-18,2043,N20,VIIRS,h,2,318.8,12.54,D,0
49.98959,-119.55128,353.89,0.38,0.36,2023-08-18,2043,N20,VIIRS,n,2,313.21,15.23,D,0
49.99027,-119.52375,367,0.38,0.36,2023-08-18,2043,N20,VIIRS,h,2,316.84,14.38,D,0
49.99037,-119.54606,367,0.38,0.36,2023-08-18,2043,N20,VIIRS,h,2,313.69,31.64,D,0
49.99106,-119.51841,354.65,0.38,0.36,2023-08-18,2043,N20,VIIRS,n,2,307.51,14.38,D,0
49.99116,-119.54078,367,0.38,0.36,2023-08-18,2043,N20,VIIRS,h,2,315.55,31.64,D,0
49.99194,-119.53551,356.26,0.38,0.36,2023-08-18,2043,N20,VIIRS,n,2,315.98,70.53,D,0
49.99273,-119.53024,367,0.38,0.36,2023-08-18,2043,N20,VIIRS,h,2,313.25,70.53,D,0
49.99284,-119.55245,353.87,0.38,0.36,2023-08-18,2043,N20,VIIRS,n,2,297.39,15.23,D,0
49.99352,-119.52493,353.05,0.38,0.36,2023-08-18,2043,N20,VIIRS,n,2,315.9,79.7,D,0
49.99431,-119.51961,356.18,0.38,0.36,2023-08-18,2043,N20,VIIRS,n,2,311.67,79.7,D,0
49.99519,-119.5367,367,0.38,0.36,2023-08-18,2043,N20,VIIRS,l,2,330.13,70.53,D,0
49.99598,-119.53141,367,0.38,0.36,2023-08-18,2043,N20,VIIRS,h,2,358.94,70.53,D,0
49.99751,-119.49808,337.61,0.38,0.36,2023-08-18,2043,N20,VIIRS,n,2,301.03,9.35,D,0
49.99756,-119.52078,367,0.38,0.36,2023-08-18,2043,N20,VIIRS,l,2,334.75,79.7,D,0
50.00081,-119.522,367,0.38,0.36,2023-08-18,2043,N20,VIIRS,h,2,338.69,111.52,D,0
50.00161,-119.51663,352.54,0.38,0.36,2023-08-18,2043,N20,VIIRS,n,2,307.91,24.77,D,0
50.00406,-119.52317,367,0.38,0.36,2023-08-18,2043,N20,VIIRS,h,2,340.2,111.52,D,0
50.00486,-119.51783,367,0.38,0.36,2023-08-18,2043,N20,VIIRS,l,2,327.14,24.77,D,0
50.00565,-119.51248,332.08,0.38,0.36,2023-08-18,2043,N20,VIIRS,n,2,301.76,24.77,D,0
50.00726,-119.50167,330.31,0.38,0.36,2023-08-18,2043,N20,VIIRS,l,2,301.68,7.8,D,0
50.0081,-119.51902,339.47,0.38,0.36,2023-08-18,2043,N20,VIIRS,n,2,310.35,13.1,D,0
50.0089,-119.51366,334.37,0.38,0.36,2023-08-18,2043,N20,VIIRS,n,2,301.09,13.1,D,0
50.0097,-119.50827,331.65,0.38,0.36,2023-08-18,2043,N20,VIIRS,n,2,299.76,2.69,D,0
50.01051,-119.50288,329.27,0.38,0.36,2023-08-18,2043,N20,VIIRS,l,2,302.01,2.69,D,0
50.01131,-119.49748,330.64,0.38,0.36,2023-08-18,2043,N20,VIIRS,l,2,303.38,12.77,D,0
50.01135,-119.52024,346.42,0.38,0.36,2023-08-18,2043,N20,VIIRS,n,2,306,13.1,D,0
50.01211,-119.49213,346.12,0.38,0.36,2023-08-18,2043,N20,VIIRS,n,2,305.92,12.77,D,0
50.01215,-119.51487,346.21,0.38,0.36,2023-08-18,2043,N20,VIIRS,n,2,304.98,13.1,D,0
50.01296,-119.50946,341.12,0.38,0.36,2023-08-18,2043,N20,VIIRS,n,2,302.64,2.69,D,0
50.01376,-119.50407,334.22,0.38,0.36,2023-08-18,2043,N20,VIIRS,n,2,304.16,2.69,D,0
50.01456,-119.4987,335.28,0.38,0.36,2023-08-18,2043,N20,VIIRS,n,2,303.59,12.77,D,0
50.0146,-119.52142,344.48,0.38,0.36,2023-08-18,2043,N20,VIIRS,n,2,314.43,24.79,D,0
50.01536,-119.49331,352.14,0.38,0.36,2023-08-18,2043,N20,VIIRS,n,2,308.36,12.77,D,0
50.0154,-119.51604,367,0.38,0.36,2023-08-18,2043,N20,VIIRS,h,2,312.73,24.79,D,0
50.01621,-119.51066,367,0.38,0.36,2023-08-18,2043,N20,VIIRS,h,2,313.01,49.51,D,0
50.01701,-119.50526,355,0.38,0.36,2023-08-18,2043,N20,VIIRS,n,2,308.41,49.51,D,0
50.01781,-119.49987,339.86,0.38,0.36,2023-08-18,2043,N20,VIIRS,n,2,305.23,9.17,D,0
50.01861,-119.4945,348.95,0.38,0.36,2023-08-18,2043,N20,VIIRS,n,2,308.29,9.17,D,0
50.01865,-119.51723,354.16,0.38,0.36,2023-08-18,2043,N20,VIIRS,n,2,309.68,24.79,D,0
50.01903,-119.42226,367,0.39,0.36,2023-08-18,2043,N20,VIIRS,h,2,344.88,162.02,D,0
50.01941,-119.48916,330.79,0.38,0.36,2023-08-18,2043,N20,VIIRS,n,2,295.31,20.44,D,0
50.01945,-119.51185,367,0.38,0.36,2023-08-18,2043,N20,VIIRS,h,2,332.19,49.51,D,0
50.02026,-119.50647,367,0.38,0.36,2023-08-18,2043,N20,VIIRS,h,2,345.2,49.51,D,0
50.02106,-119.50106,367,0.38,0.36,2023-08-18,2043,N20,VIIRS,h,2,311.93,9.17,D,0
50.02151,-119.42876,318.2,0.39,0.36,2023-08-18,2043,N20,VIIRS,l,2,319.48,38.38,D,0
50.02187,-119.49567,356.12,0.38,0.36,2023-08-18,2043,N20,VIIRS,n,2,315.27,9.17,D,0
50.02229,-119.42344,367,0.39,0.36,2023-08-18,2043,N20,VIIRS,h,2,341.19,186.46,D,0
50.02321,-119.44041,340.2,0.39,0.36,2023-08-18,2043,N20,VIIRS,n,2,304.28,4.07,D,0
50.02352,-119.50763,337.86,0.38,0.36,2023-08-18,2043,N20,VIIRS,n,2,302.51,21.12,D,0
50.02399,-119.43516,335.48,0.39,0.36,2023-08-18,2043,N20,VIIRS,n,2,307.82,38.38,D,0
50.02432,-119.50224,345.83,0.38,0.36,2023-08-18,2043,N20,VIIRS,n,2,320.64,39.3,D,0
50.02476,-119.4299,367,0.39,0.36,2023-08-18,2043,N20,VIIRS,l,2,330.83,38.38,D,0
50.02512,-119.49685,353.14,0.38,0.36,2023-08-18,2043,N20,VIIRS,n,2,310.92,39.3,D,0
50.02647,-119.44155,347.17,0.39,0.36,2023-08-18,2043,N20,VIIRS,n,2,306.56,6.42,D,0
50.02724,-119.43633,344.06,0.39,0.36,2023-08-18,2043,N20,VIIRS,n,2,310.01,14.41,D,0
50.02802,-119.43109,353.11,0.39,0.36,2023-08-18,2043,N20,VIIRS,n,2,314.79,14.41,D,0
50.02881,-119.42577,348.61,0.39,0.36,2023-08-18,2043,N20,VIIRS,n,2,304.86,19.62,D,0
50.02973,-119.44271,346.6,0.39,0.36,2023-08-18,2043,N20,VIIRS,n,2,304.16,6.42,D,0
50.0305,-119.4375,355.85,0.39,0.36,2023-08-18,2043,N20,VIIRS,n,2,310.18,14.41,D,0
50.03128,-119.43224,333.86,0.39,0.36,2023-08-18,2043,N20,VIIRS,n,2,301.73,14.41,D,0
50.38816,-120.4251,344.63,0.38,0.36,2023-08-18,2044,N20,VIIRS,n,2,299.29,3.14,D,0
50.38898,-120.4198,329.35,0.38,0.36,2023-08-18,2044,N20,VIIRS,l,2,299.93,3.14,D,0
50.39465,-120.42754,332.83,0.38,0.36,2023-08-18,2044,N20,VIIRS,n,2,300.32,4.7,D,0
50.39542,-120.44466,340.1,0.38,0.36,2023-08-18,2044,N20,VIIRS,n,2,297.98,5.11,D,0
50.39867,-120.44589,337.42,0.38,0.36,2023-08-18,2044,N20,VIIRS,n,2,298.6,5.11,D,0
50.40757,-120.45485,337.51,0.38,0.36,2023-08-18,2044,N20,VIIRS,n,2,299.21,16.73,D,0
50.40839,-120.44955,351.34,0.38,0.36,2023-08-18,2044,N20,VIIRS,n,2,294.53,16.73,D,0
50.41163,-120.4508,347.22,0.38,0.36,2023-08-18,2044,N20,VIIRS,n,2,301.36,16.73,D,0
50.41256,-120.40067,338.56,0.38,0.36,2023-08-18,2044,N20,VIIRS,n,2,300.58,5.36,D,0
50.41405,-120.45733,302.25,0.38,0.36,2023-08-18,2044,N20,VIIRS,l,2,303.32,52.89,D,0
50.41487,-120.45204,341.54,0.38,0.36,2023-08-18,2044,N20,VIIRS,n,2,303.81,52.89,D,0
50.41663,-120.39658,343.86,0.38,0.36,2023-08-18,2044,N20,VIIRS,n,2,298.75,11.6,D,0
50.4197,-120.46509,306.13,0.38,0.36,2023-08-18,2044,N20,VIIRS,l,2,316.67,119.53,D,0
50.42238,-120.35946,336.18,0.38,0.36,2023-08-18,2044,N20,VIIRS,n,2,301.64,3.97,D,0
50.42311,-120.39905,333.06,0.38,0.36,2023-08-18,2044,N20,VIIRS,n,2,300.59,4.54,D,0
50.42377,-120.46103,340.48,0.38,0.36,2023-08-18,2044,N20,VIIRS,n,2,298.29,139.48,D,0
50.42476,-120.38844,340.44,0.38,0.36,2023-08-18,2044,N20,VIIRS,n,2,299.21,6.69,D,0
50.42535,-120.47285,344.68,0.38,0.36,2023-08-18,2044,N20,VIIRS,n,2,293.76,6.7,D,0
50.42563,-120.3607,343.38,0.38,0.36,2023-08-18,2044,N20,VIIRS,n,2,297.84,3.97,D,0
50.42694,-120.48467,328,0.38,0.36,2023-08-18,2044,N20,VIIRS,n,2,297.14,4.35,D,0
50.42777,-120.47939,341.86,0.38,0.36,2023-08-18,2044,N20,VIIRS,n,2,296.09,4.35,D,0
50.42805,-120.36723,350.03,0.38,0.36,2023-08-18,2044,N20,VIIRS,n,2,302.08,7.27,D,0
50.42882,-120.38437,335.64,0.38,0.36,2023-08-18,2044,N20,VIIRS,n,2,303.08,5.08,D,0
50.42965,-120.37907,333.96,0.38,0.36,2023-08-18,2044,N20,VIIRS,n,2,299.95,5.08,D,0
50.42969,-120.35662,331.06,0.38,0.36,2023-08-18,2044,N20,VIIRS,n,2,296.92,17.68,D,0
50.43047,-120.37376,367,0.38,0.36,2023-08-18,2044,N20,VIIRS,h,2,298.53,7.27,D,0
50.43124,-120.39091,331.37,0.38,0.36,2023-08-18,2044,N20,VIIRS,n,2,298.51,3.5,D,0
50.43129,-120.36845,348.35,0.38,0.36,2023-08-18,2044,N20,VIIRS,n,2,301.05,7.27,D,0
50.43206,-120.3856,330.39,0.38,0.36,2023-08-18,2044,N20,VIIRS,n,2,299.74,4.63,D,0
50.43211,-120.36315,341.74,0.38,0.36,2023-08-18,2044,N20,VIIRS,n,2,298.1,17.68,D,0
50.43288,-120.38029,328.11,0.38,0.36,2023-08-18,2044,N20,VIIRS,n,2,300.83,4.63,D,0
50.43371,-120.37498,350.61,0.38,0.36,2023-08-18,2044,N20,VIIRS,n,2,300.53,25.96,D,0
50.43531,-120.38684,331.64,0.38,0.36,2023-08-18,2044,N20,VIIRS,n,2,293.71,4.63,D,0
50.43535,-120.36438,337.82,0.38,0.36,2023-08-18,2044,N20,VIIRS,n,2,296.42,8.07,D,0
50.43613,-120.38154,354.21,0.38,0.36,2023-08-18,2044,N20,VIIRS,n,2,301.98,4.63,D,0
50.43695,-120.37622,345.68,0.38,0.36,2023-08-18,2044,N20,VIIRS,n,2,301.72,25.96,D,0
50.43777,-120.37093,352.13,0.38,0.36,2023-08-18,2044,N20,VIIRS,n,2,297.53,25.96,D,0
50.43859,-120.36562,330.31,0.38,0.36,2023-08-18,2044,N20,VIIRS,n,2,293.98,8.07,D,0
50.44019,-120.37746,351.65,0.38,0.36,2023-08-18,2044,N20,VIIRS,n,2,303.08,5.59,D,0
50.44101,-120.37215,338.06,0.38,0.36,2023-08-18,2044,N20,VIIRS,n,2,296.44,5.59,D,0
50.44179,-120.3893,342.86,0.38,0.36,2023-08-18,2044,N20,VIIRS,n,2,303.48,18.79,D,0
50.44183,-120.36684,349.05,0.38,0.36,2023-08-18,2044,N20,VIIRS,n,2,294.85,8.36,D,0
50.44421,-120.39584,328.22,0.38,0.36,2023-08-18,2044,N20,VIIRS,l,2,298.24,6.39,D,0
50.44425,-120.37338,348.82,0.38,0.36,2023-08-18,2044,N20,VIIRS,n,2,298.3,5.59,D,0
50.44503,-120.39054,333.52,0.38,0.36,2023-08-18,2044,N20,VIIRS,n,2,300.55,7.44,D,0
50.44508,-120.36806,348.21,0.38,0.36,2023-08-18,2044,N20,VIIRS,n,2,297.6,8.36,D,0
50.49245,-120.41659,329.89,0.38,0.36,2023-08-18,2044,N20,VIIRS,n,2,300.37,2.01,D,0
50.49296,-120.34691,342.28,0.38,0.36,2023-08-18,2044,N20,VIIRS,n,2,301.51,5.14,D,0
50.49379,-120.3416,354.54,0.38,0.36,2023-08-18,2044,N20,VIIRS,n,2,302.54,14.8,D,0
50.4962,-120.34814,333.98,0.38,0.36,2023-08-18,2044,N20,VIIRS,n,2,305.91,5.14,D,0
50.49702,-120.34283,353.3,0.38,0.36,2023-08-18,2044,N20,VIIRS,n,2,318.89,14.8,D,0
50.49785,-120.33752,326.94,0.38,0.36,2023-08-18,2044,N20,VIIRS,n,2,297.28,14.8,D,0
50.49989,-120.34634,333.5,0.38,0.36,2023-08-18,2044,N20,VIIRS,n,2,302.06,6.08,D,0
50.50071,-120.34102,343.6,0.38,0.36,2023-08-18,2044,N20,VIIRS,n,2,301.53,11.96,D,0
50.52003,-120.41584,350.05,0.38,0.36,2023-08-18,2044,N20,VIIRS,n,2,303.91,11.19,D,0
50.52327,-120.41708,341.25,0.38,0.36,2023-08-18,2044,N20,VIIRS,n,2,300.72,4.53,D,0
50.53216,-120.42609,329.72,0.38,0.36,2023-08-18,2044,N20,VIIRS,n,2,295.97,3.67,D,0
50.90752,-119.64333,330.02,0.39,0.36,2023-08-18,2044,N20,VIIRS,n,2,275.77,6.08,D,0
50.91416,-119.6683,336.74,0.39,0.36,2023-08-18,2044,N20,VIIRS,n,2,285.16,5.24,D,0
50.91662,-119.67494,338.63,0.39,0.36,2023-08-18,2044,N20,VIIRS,n,2,288.7,30.92,D,0
50.91742,-119.66953,356.72,0.39,0.36,2023-08-18,2044,N20,VIIRS,l,2,282.6,30.92,D,0
50.91822,-119.66411,356.67,0.39,0.36,2023-08-18,2044,N20,VIIRS,l,2,281.37,29.79,D,0
50.91906,-119.68163,340.38,0.39,0.36,2023-08-18,2044,N20,VIIRS,n,2,289.49,6.45,D,0
50.92147,-119.68848,329.92,0.39,0.36,2023-08-18,2044,N20,VIIRS,n,2,290.1,109.51,D,0
50.92228,-119.6599,356.65,0.39,0.36,2023-08-18,2044,N20,VIIRS,l,2,273.75,29.79,D,0
50.9223,-119.68293,345.25,0.39,0.36,2023-08-18,2044,N20,VIIRS,n,2,290.86,109.51,D,0
50.92312,-119.67741,325.99,0.39,0.36,2023-08-18,2044,N20,VIIRS,n,2,295.75,227.15,D,0
50.92554,-119.66109,356.75,0.39,0.36,2023-08-18,2044,N20,VIIRS,l,2,277.32,57.57,D,0
50.92554,-119.68422,207.93,0.39,0.36,2023-08-18,2044,N20,VIIRS,l,2,321.92,109.51,D,0
50.92634,-119.65564,355.8,0.39,0.36,2023-08-18,2044,N20,VIIRS,n,2,270.96,8.84,D,0
50.92636,-119.67868,207.93,0.39,0.36,2023-08-18,2044,N20,VIIRS,l,2,301.52,227.15,D,0
50.92659,-119.69924,329.23,0.39,0.36,2023-08-18,2044,N20,VIIRS,n,2,288.65,513.53,D,0
50.92718,-119.67318,207.93,0.39,0.36,2023-08-18,2044,N20,VIIRS,l,2,312.77,227.15,D,0
50.92799,-119.66772,340.67,0.39,0.36,2023-08-18,2044,N20,VIIRS,n,2,292.61,57.57,D,0
50.9282,-119.68815,207.93,0.39,0.36,2023-08-18,2044,N20,VIIRS,l,2,317.46,286.46,D,0
50.92879,-119.66229,356.69,0.39,0.36,2023-08-18,2044,N20,VIIRS,l,2,288.41,57.57,D,0
50.929,-119.68258,367,0.39,0.36,2023-08-18,2044,N20,VIIRS,l,2,334.82,286.46,D,0
50.9296,-119.65683,355.98,0.39,0.36,2023-08-18,2044,N20,VIIRS,n,2,284.4,8.84,D,0
50.92981,-119.67702,367,0.39,0.36,2023-08-18,2044,N20,VIIRS,l,2,375.32,0,D,0
50.93041,-119.65135,340.18,0.39,0.36,2023-08-18,2044,N20,VIIRS,n,2,284.6,8.84,D,0
50.93061,-119.67151,367,0.39,0.36,2023-08-18,2044,N20,VIIRS,l,2,367.14,0,D,0
50.93064,-119.69494,367,0.39,0.36,2023-08-18,2044,N20,VIIRS,l,2,372.9,513.53,D,0
50.93141,-119.66605,347.38,0.39,0.36,2023-08-18,2044,N20,VIIRS,n,2,305.28,59.67,D,0
50.93145,-119.68937,367,0.39,0.36,2023-08-18,2044,N20,VIIRS,l,2,374.49,286.46,D,0
50.93221,-119.66057,350.66,0.39,0.36,2023-08-18,2044,N20,VIIRS,n,2,289.57,59.67,D,0
50.93226,-119.68379,367,0.39,0.36,2023-08-18,2044,N20,VIIRS,h,2,349.77,286.46,D,0
50.93307,-119.67823,367,0.39,0.36,2023-08-18,2044,N20,VIIRS,l,2,370.19,0,D,0
50.93387,-119.67271,367,0.39,0.36,2023-08-18,2044,N20,VIIRS,l,2,376.28,0,D,0
50.93431,-119.62463,341.13,0.39,0.36,2023-08-18,2044,N20,VIIRS,n,2,276.63,8.22,D,0
50.93467,-119.66724,352.59,0.39,0.36,2023-08-18,2044,N20,VIIRS,n,2,301.44,59.67,D,0
50.93471,-119.69054,367,0.39,0.36,2023-08-18,2044,N20,VIIRS,l,2,366.85,162.9,D,0
50.93509,-119.61928,348.86,0.39,0.36,2023-08-18,2044,N20,VIIRS,n,2,278.23,8.22,D,0
50.93547,-119.66177,342.07,0.39,0.36,2023-08-18,2044,N20,VIIRS,n,2,289.65,59.67,D,0
50.93552,-119.68498,367,0.39,0.36,2023-08-18,2044,N20,VIIRS,h,2,345.59,162.9,D,0
50.93633,-119.67942,367,0.39,0.36,2023-08-18,2044,N20,VIIRS,l,2,370.22,0,D,0
50.93636,-119.70278,367,0.39,0.36,2023-08-18,2044,N20,VIIRS,l,2,326.21,0,D,0
50.93713,-119.67392,367,0.39,0.36,2023-08-18,2044,N20,VIIRS,l,2,372.99,0,D,0
50.93717,-119.69722,367,0.39,0.36,2023-08-18,2044,N20,VIIRS,l,2,364.9,0,D,0
50.93793,-119.66843,355.65,0.39,0.36,2023-08-18,2044,N20,VIIRS,n,2,296.03,39.53,D,0
50.93797,-119.69169,367,0.39,0.36,2023-08-18,2044,N20,VIIRS,l,2,372.2,162.9,D,0
50.93878,-119.68613,367,0.39,0.36,2023-08-18,2044,N20,VIIRS,h,2,356.87,162.9,D,0
50.93941,-119.63483,348.72,0.39,0.36,2023-08-18,2044,N20,VIIRS,n,2,297.77,41.13,D,0
50.93959,-119.68058,367,0.39,0.36,2023-08-18,2044,N20,VIIRS,l,2,373.08,0,D,0
50.93962,-119.70387,332.94,0.39,0.36,2023-08-18,2044,N20,VIIRS,n,2,288.81,203.08,D,0
50.9402,-119.62946,340.52,0.39,0.36,2023-08-18,2044,N20,VIIRS,n,2,295.26,41.13,D,0
50.94039,-119.67506,367,0.39,0.36,2023-08-18,2044,N20,VIIRS,h,2,357.44,0,D,0
50.94043,-119.69837,367,0.39,0.36,2023-08-18,2044,N20,VIIRS,l,2,359.22,203.08,D,0
50.94119,-119.66957,352.25,0.39,0.36,2023-08-18,2044,N20,VIIRS,n,2,293.84,39.53,D,0
50.94124,-119.69283,367,0.39,0.36,2023-08-18,2044,N20,VIIRS,h,2,367.05,109.6,D,0
50.94205,-119.68728,367,0.39,0.36,2023-08-18,2044,N20,VIIRS,h,2,348.11,109.6,D,0
50.94267,-119.63599,367,0.39,0.36,2023-08-18,2044,N20,VIIRS,l,2,332.93,50.68,D,0
50.94285,-119.68173,367,0.39,0.36,2023-08-18,2044,N20,VIIRS,h,2,364.93,0,D,0
50.94346,-119.6306,333.76,0.39,0.36,2023-08-18,2044,N20,VIIRS,n,2,293.06,50.68,D,0
50.94366,-119.67621,367,0.39,0.36,2023-08-18,2044,N20,VIIRS,h,2,358.8,0,D,0
50.94445,-119.67075,351.38,0.39,0.36,2023-08-18,2044,N20,VIIRS,n,2,292.19,22.44,D,0
50.9445,-119.69395,367,0.39,0.36,2023-08-18,2044,N20,VIIRS,h,2,344.84,109.6,D,0
50.94503,-119.61987,335.66,0.39,0.36,2023-08-18,2044,N20,VIIRS,n,2,284.18,5.33,D,0
50.94531,-119.68841,367,0.39,0.36,2023-08-18,2044,N20,VIIRS,h,2,354.23,109.6,D,0
50.94582,-119.61448,344.68,0.39,0.36,2023-08-18,2044,N20,VIIRS,n,2,274.75,7.57,D,0
50.94593,-119.63718,341.77,0.39,0.36,2023-08-18,2044,N20,VIIRS,n,2,306.43,50.68,D,0
50.94611,-119.68289,367,0.39,0.36,2023-08-18,2044,N20,VIIRS,h,2,348.7,0,D,0
50.94672,-119.63181,345.7,0.39,0.36,2023-08-18,2044,N20,VIIRS,n,2,299.48,50.68,D,0
50.94692,-119.67738,367,0.39,0.36,2023-08-18,2044,N20,VIIRS,h,2,351.38,0,D,0
50.94772,-119.67191,347.01,0.39,0.36,2023-08-18,2044,N20,VIIRS,n,2,292.09,22.44,D,0
50.94777,-119.69509,367,0.39,0.36,2023-08-18,2044,N20,VIIRS,h,2,343.45,51.9,D,0
50.94857,-119.68957,367,0.39,0.36,2023-08-18,2044,N20,VIIRS,l,2,337.78,51.9,D,0
50.94938,-119.68405,349.46,0.39,0.36,2023-08-18,2044,N20,VIIRS,n,2,321.69,45.6,D,0
50.94997,-119.63306,335.5,0.39,0.36,2023-08-18,2044,N20,VIIRS,n,2,291.13,3.6,D,0
50.95018,-119.67857,367,0.39,0.36,2023-08-18,2044,N20,VIIRS,h,2,336.82,45.6,D,0
50.95023,-119.70173,367,0.39,0.36,2023-08-18,2044,N20,VIIRS,l,2,326.6,87.33,D,0
50.95077,-119.62765,333.95,0.39,0.36,2023-08-18,2044,N20,VIIRS,n,2,295.67,11.64,D,0
50.95103,-119.69625,367,0.39,0.36,2023-08-18,2044,N20,VIIRS,h,2,343.22,51.9,D,0
50.95184,-119.69074,356.16,0.39,0.36,2023-08-18,2044,N20,VIIRS,n,2,320.36,51.9,D,0
50.95264,-119.68523,353.79,0.39,0.36,2023-08-18,2044,N20,VIIRS,n,2,313.85,45.6,D,0
50.95269,-119.70834,367,0.39,0.36,2023-08-18,2044,N20,VIIRS,h,2,331.45,66.57,D,0
50.95345,-119.67973,367,0.39,0.36,2023-08-18,2044,N20,VIIRS,l,2,325.94,45.6,D,0
50.9535,-119.70287,367,0.39,0.36,2023-08-18,2044,N20,VIIRS,l,2,331.04,66.57,D,0
50.95401,-119.62893,351.65,0.39,0.36,2023-08-18,2044,N20,VIIRS,n,2,303.16,11.64,D,0
50.9543,-119.69739,351.82,0.39,0.36,2023-08-18,2044,N20,VIIRS,n,2,324.2,43.6,D,0
50.9551,-119.69188,367,0.39,0.36,2023-08-18,2044,N20,VIIRS,l,2,328.08,43.6,D,0
50.9559,-119.6864,367,0.39,0.36,2023-08-18,2044,N20,VIIRS,h,2,351.75,131.61,D,0
50.95671,-119.68091,345.78,0.39,0.36,2023-08-18,2044,N20,VIIRS,n,2,305.67,131.61,D,0
50.95676,-119.70401,350.92,0.39,0.36,2023-08-18,2044,N20,VIIRS,l,2,331.14,66.57,D,0
50.95756,-119.69852,355.5,0.39,0.36,2023-08-18,2044,N20,VIIRS,n,2,322.95,43.6,D,0
50.95816,-119.64755,337.41,0.39,0.36,2023-08-18,2044,N20,VIIRS,n,2,296.73,3.13,D,0
50.95917,-119.68755,367,0.39,0.36,2023-08-18,2044,N20,VIIRS,h,2,343.46,131.61,D,0
50.95921,-119.71068,367,0.39,0.36,2023-08-18,2044,N20,VIIRS,h,2,335.24,55.36,D,0
50.96002,-119.70518,353.21,0.39,0.36,2023-08-18,2044,N20,VIIRS,l,2,328.95,55.36,D,0
50.96083,-119.69967,367,0.39,0.36,2023-08-18,2044,N20,VIIRS,h,2,317.37,19.53,D,0
50.96163,-119.69419,348.19,0.39,0.36,2023-08-18,2044,N20,VIIRS,n,2,313.24,19.53,D,0
50.96247,-119.71184,367,0.39,0.36,2023-08-18,2044,N20,VIIRS,h,2,343.05,55.36,D,0
50.96329,-119.70632,353.42,0.39,0.36,2023-08-18,2044,N20,VIIRS,n,2,317.95,55.36,D,0
50.96409,-119.70083,367,0.39,0.36,2023-08-18,2044,N20,VIIRS,h,2,311.39,19.53,D,0
50.9649,-119.69534,337.17,0.39,0.36,2023-08-18,2044,N20,VIIRS,n,2,295.67,19.53,D,0
50.96494,-119.71848,308.9,0.39,0.36,2023-08-18,2044,N20,VIIRS,l,2,310.39,27.13,D,0
50.96574,-119.71297,367,0.39,0.36,2023-08-18,2044,N20,VIIRS,l,2,338.02,36.23,D,0
50.96656,-119.70744,356.49,0.39,0.36,2023-08-18,2044,N20,VIIRS,n,2,312.87,36.23,D,0
50.9682,-119.71961,348.37,0.39,0.36,2023-08-18,2044,N20,VIIRS,n,2,298.15,27.13,D,0
50.96902,-119.71409,352.14,0.39,0.36,2023-08-18,2044,N20,VIIRS,n,2,306.65,36.23,D,0
50.96982,-119.70857,350.47,0.39,0.36,2023-08-18,2044,N20,VIIRS,n,2,309.29,36.23,D,0
50.97066,-119.72626,329.84,0.39,0.36,2023-08-18,2044,N20,VIIRS,l,2,300.61,17.69,D,0
50.97147,-119.72074,351.26,0.39,0.36,2023-08-18,2044,N20,VIIRS,n,2,317.19,17.69,D,0
50.97228,-119.71524,343.57,0.39,0.36,2023-08-18,2044,N20,VIIRS,n,2,300.53,14.29,D,0
50.9723,-119.73843,332.68,0.39,0.36,2023-08-18,2044,N20,VIIRS,n,2,293.76,5.93,D,0
50.97309,-119.70975,342.06,0.39,0.36,2023-08-18,2044,N20,VIIRS,n,2,312.56,14.29,D,0
50.97311,-119.73293,339.53,0.39,0.36,2023-08-18,2044,N20,VIIRS,n,2,293.67,5.93,D,0
50.97392,-119.72741,342.7,0.39,0.36,2023-08-18,2044,N20,VIIRS,n,2,302.19,17.69,D,0
50.97474,-119.72189,350.13,0.39,0.36,2023-08-18,2044,N20,VIIRS,n,2,304.76,17.69,D,0
50.97555,-119.71638,342.69,0.39,0.36,2023-08-18,2044,N20,VIIRS,n,2,297.23,14.29,D,0
50.97556,-119.73959,330.27,0.39,0.36,2023-08-18,2044,N20,VIIRS,l,2,304.82,32.08,D,0
50.97638,-119.73408,346.97,0.39,0.36,2023-08-18,2044,N20,VIIRS,n,2,300.01,32.08,D,0
50.97719,-119.72856,330.42,0.39,0.36,2023-08-18,2044,N20,VIIRS,n,2,298.48,7.05,D,0
50.978,-119.72305,340.79,0.39,0.36,2023-08-18,2044,N20,VIIRS,n,2,299.62,7.05,D,0
50.97888,-119.76368,345.34,0.39,0.36,2023-08-18,2044,N20,VIIRS,n,2,297.18,5.04,D,0
50.97968,-119.75826,343.43,0.39,0.36,2023-08-18,2044,N20,VIIRS,n,2,295.29,5.04,D,0
50.98046,-119.72972,341,0.39,0.36,2023-08-18,2044,N20,VIIRS,n,2,297.98,7.05,D,0
50.98215,-119.76482,338.27,0.39,0.36,2023-08-18,2044,N20,VIIRS,n,2,294.54,5.04,D,0
50.98295,-119.75938,336.07,0.39,0.36,2023-08-18,2044,N20,VIIRS,n,2,293.59,5.04,D,0
50.98461,-119.7714,328.65,0.39,0.36,2023-08-18,2044,N20,VIIRS,n,2,293.99,4.39,D,0
50.98541,-119.76595,330.3,0.39,0.36,2023-08-18,2044,N20,VIIRS,n,2,293.02,3.73,D,0
50.98907,-119.4823,344.68,0.39,0.36,2023-08-18,2044,N20,VIIRS,n,2,292.1,8.87,D,0
50.99111,-119.77386,327.6,0.39,0.36,2023-08-18,2044,N20,VIIRS,n,2,295.7,2.83,D,0
50.99233,-119.48354,356.17,0.39,0.36,2023-08-18,2044,N20,VIIRS,n,2,295.33,8.04,D,0
50.99367,-119.82613,352.63,0.39,0.36,2023-08-18,2044,N20,VIIRS,n,2,320.97,44.53,D,0
50.99446,-119.82076,348.57,0.39,0.36,2023-08-18,2044,N20,VIIRS,n,2,301.67,44.53,D,0
50.99526,-119.8154,343.27,0.39,0.36,2023-08-18,2044,N20,VIIRS,n,2,297.03,8.7,D,0
50.99558,-119.48479,337.6,0.39,0.36,2023-08-18,2044,N20,VIIRS,n,2,291.77,8.04,D,0
50.99641,-119.47913,342.97,0.39,0.36,2023-08-18,2044,N20,VIIRS,n,2,291.99,8.04,D,0
50.99722,-119.47348,354.65,0.39,0.36,2023-08-18,2044,N20,VIIRS,n,2,287.62,16.42,D,0
50.99884,-119.48602,340.56,0.39,0.36,2023-08-18,2044,N20,VIIRS,n,2,292.22,7.37,D,0
50.99966,-119.48036,346.2,0.39,0.36,2023-08-18,2044,N20,VIIRS,n,2,297.9,7.37,D,0
51.00048,-119.47472,356.08,0.39,0.36,2023-08-18,2044,N20,VIIRS,n,2,302.57,8.41,D,0
51.00129,-119.46912,337.19,0.39,0.36,2023-08-18,2044,N20,VIIRS,n,2,293.12,8.41,D,0
51.00292,-119.48158,353.58,0.39,0.36,2023-08-18,2044,N20,VIIRS,n,2,302.81,7.37,D,0
51.00373,-119.47595,343.71,0.39,0.36,2023-08-18,2044,N20,VIIRS,n,2,294.07,8.41,D,0
51.00454,-119.47036,341.29,0.39,0.36,2023-08-18,2044,N20,VIIRS,n,2,289.42,8.41,D,0
51.00535,-119.46478,343.46,0.39,0.36,2023-08-18,2044,N20,VIIRS,n,2,285.48,12.3,D,0
51.00618,-119.48281,346.76,0.39,0.36,2023-08-18,2044,N20,VIIRS,n,2,297.94,9.92,D,0
51.00694,-119.45385,344.01,0.39,0.36,2023-08-18,2044,N20,VIIRS,n,2,272.43,4.19,D,0
51.00699,-119.4772,355.61,0.39,0.36,2023-08-18,2044,N20,VIIRS,n,2,301.71,6.87,D,0
51.00769,-119.44856,327.74,0.39,0.36,2023-08-18,2044,N20,VIIRS,n,2,267.96,4.19,D,0
51.0078,-119.4716,336.63,0.39,0.36,2023-08-18,2044,N20,VIIRS,n,2,291.33,6.87,D,0
51.00885,-119.55895,347.26,0.39,0.36,2023-08-18,2044,N20,VIIRS,n,2,291.94,9.44,D,0
51.00941,-119.46047,344.24,0.39,0.36,2023-08-18,2044,N20,VIIRS,n,2,279.55,7.15,D,0
51.00943,-119.48402,347.66,0.39,0.36,2023-08-18,2044,N20,VIIRS,n,2,296.19,9.92,D,0
51.0102,-119.45498,342.73,0.39,0.36,2023-08-18,2044,N20,VIIRS,n,2,285.73,19.05,D,0
51.01025,-119.47842,354.6,0.39,0.36,2023-08-18,2044,N20,VIIRS,n,2,302.74,6.87,D,0
51.01097,-119.44968,348.66,0.39,0.36,2023-08-18,2044,N20,VIIRS,n,2,277.13,19.05,D,0
51.01105,-119.47285,350.39,0.39,0.36,2023-08-18,2044,N20,VIIRS,n,2,291.35,6.87,D,0
51.01131,-119.56557,349.89,0.39,0.36,2023-08-18,2044,N20,VIIRS,n,2,304,30.63,D,0
51.01173,-119.44445,352,0.39,0.36,2023-08-18,2044,N20,VIIRS,n,2,274.36,22.61,D,0
51.0121,-119.56015,349.88,0.39,0.36,2023-08-18,2044,N20,VIIRS,n,2,295.21,9.44,D,0
51.01267,-119.46169,339.57,0.39,0.36,2023-08-18,2044,N20,VIIRS,n,2,283.87,7.15,D,0
51.01289,-119.55472,355.85,0.39,0.36,2023-08-18,2044,N20,VIIRS,n,2,294.94,9.44,D,0
51.01325,-119.43386,353.22,0.39,0.36,2023-08-18,2044,N20,VIIRS,n,2,265.7,20.91,D,0
51.01347,-119.45621,334.73,0.39,0.36,2023-08-18,2044,N20,VIIRS,n,2,276.04,19.05,D,0
51.0135,-119.47967,330.12,0.39,0.36,2023-08-18,2044,N20,VIIRS,n,2,291.31,6.85,D,0
51.0138,-119.57209,346.24,0.39,0.36,2023-08-18,2044,N20,VIIRS,n,2,297.8,13.75,D,0
51.01424,-119.45084,353.18,0.39,0.36,2023-08-18,2044,N20,VIIRS,n,2,284.54,19.05,D,0
51.01432,-119.47408,352.02,0.39,0.36,2023-08-18,2044,N20,VIIRS,n,2,294.52,6.85,D,0
51.01447,-119.54387,344.99,0.39,0.36,2023-08-18,2044,N20,VIIRS,n,2,299.15,74.26,D,0
51.01457,-119.56673,354.77,0.39,0.36,2023-08-18,2044,N20,VIIRS,n,2,295.38,13.75,D,0
51.01501,-119.44554,356.3,0.39,0.36,2023-08-18,2044,N20,VIIRS,l,2,280.32,22.61,D,0
51.01513,-119.46849,332.19,0.39,0.36,2023-08-18,2044,N20,VIIRS,n,2,288.3,4.71,D,0
51.01536,-119.56133,352.6,0.39,0.36,2023-08-18,2044,N20,VIIRS,n,2,295.44,7.78,D,0
51.01577,-119.44025,344.71,0.39,0.36,2023-08-18,2044,N20,VIIRS,n,2,284.64,22.61,D,0
51.01593,-119.46293,341.56,0.39,0.36,2023-08-18,2044,N20,VIIRS,n,2,279.08,4.71,D,0
51.01615,-119.55592,352.35,0.39,0.36,2023-08-18,2044,N20,VIIRS,n,2,291.88,7.78,D,0
51.01676,-119.4809,341.36,0.39,0.36,2023-08-18,2044,N20,VIIRS,n,2,286.89,6.85,D,0
51.01694,-119.55048,343.33,0.39,0.36,2023-08-18,2044,N20,VIIRS,n,2,287.36,8.65,D,0
51.01707,-119.5732,349.11,0.39,0.36,2023-08-18,2044,N20,VIIRS,n,2,296.65,13.75,D,0
51.01752,-119.45197,340.1,0.39,0.36,2023-08-18,2044,N20,VIIRS,n,2,271.38,6.8,D,0
51.01757,-119.47532,355.39,0.39,0.36,2023-08-18,2044,N20,VIIRS,n,2,296.15,6.85,D,0
51.01785,-119.56789,356.27,0.39,0.36,2023-08-18,2044,N20,VIIRS,n,2,300.93,13.75,D,0
51.01829,-119.44662,328.04,0.39,0.36,2023-08-18,2044,N20,VIIRS,n,2,276.17,4.81,D,0
51.01838,-119.46973,344.93,0.39,0.36,2023-08-18,2044,N20,VIIRS,n,2,287.16,4.71,D,0
51.01863,-119.5625,346.83,0.39,0.36,2023-08-18,2044,N20,VIIRS,n,2,289.95,7.78,D,0
51.02034,-119.57432,340.42,0.39,0.36,2023-08-18,2044,N20,VIIRS,n,2,292.22,29.77,D,0
51.02059,-119.8047,338.66,0.39,0.36,2023-08-18,2044,N20,VIIRS,n,2,292.02,6.32,D,0
51.02083,-119.47656,339.53,0.39,0.36,2023-08-18,2044,N20,VIIRS,n,2,308.24,32.41,D,0
51.02111,-119.56901,354.25,0.39,0.36,2023-08-18,2044,N20,VIIRS,n,2,294.82,29.77,D,0
51.02164,-119.47098,355.22,0.39,0.36,2023-08-18,2044,N20,VIIRS,n,2,294.6,18.88,D,0
51.0219,-119.56362,342.07,0.39,0.36,2023-08-18,2044,N20,VIIRS,n,2,307.2,33.23,D,0
51.02209,-119.60933,340.6,0.39,0.36,2023-08-18,2044,N20,VIIRS,n,2,302.04,23.26,D,0
51.02245,-119.46542,356.21,0.39,0.36,2023-08-18,2044,N20,VIIRS,n,2,284.21,18.88,D,0
51.02285,-119.58074,338.71,0.39,0.36,2023-08-18,2044,N20,VIIRS,n,2,292.11,6.65,D,0
51.02362,-119.57544,344.04,0.39,0.36,2023-08-18,2044,N20,VIIRS,n,2,296.36,29.77,D,0
51.02408,-119.47784,328.08,0.39,0.36,2023-08-18,2044,N20,VIIRS,n,2,287,32.41,D,0
51.02464,-119.80051,340.01,0.39,0.36,2023-08-18,2044,N20,VIIRS,n,2,300.36,14.75,D,0
51.02489,-119.47226,343.83,0.39,0.36,2023-08-18,2044,N20,VIIRS,n,2,283.86,18.88,D,0
51.02517,-119.56473,340.99,0.39,0.36,2023-08-18,2044,N20,VIIRS,n,2,289.45,33.23,D,0
51.02542,-119.79515,346.44,0.39,0.36,2023-08-18,2044,N20,VIIRS,n,2,298.25,14.75,D,0
51.02611,-119.58192,342.3,0.39,0.36,2023-08-18,2044,N20,VIIRS,n,2,289.53,6.8,D,0
51.02689,-119.57655,354.09,0.39,0.36,2023-08-18,2044,N20,VIIRS,n,2,292.29,6.86,D,0
51.02695,-119.59963,353.79,0.39,0.36,2023-08-18,2044,N20,VIIRS,n,2,299.68,8.96,D,0
51.02767,-119.57121,339.39,0.39,0.36,2023-08-18,2044,N20,VIIRS,n,2,286.87,6.86,D,0
51.02775,-119.59412,334.92,0.39,0.36,2023-08-18,2044,N20,VIIRS,n,2,295.77,8.96,D,0
51.02789,-119.80167,337.54,0.39,0.36,2023-08-18,2044,N20,VIIRS,n,2,296.71,6.9,D,0
51.02856,-119.58862,348.16,0.39,0.36,2023-08-18,2044,N20,VIIRS,n,2,292.08,6.8,D,0
51.03107,-119.78015,332.98,0.39,0.36,2023-08-18,2044,N20,VIIRS,n,2,292.41,2.91,D,0
51.0326,-119.58443,338.17,0.39,0.36,2023-08-18,2044,N20,VIIRS,n,2,288.58,6.1,D,0
51.03432,-119.78133,331.75,0.39,0.36,2023-08-18,2044,N20,VIIRS,n,2,298.29,2.91,D,0
51.03677,-119.78796,327.81,0.39,0.36,2023-08-18,2044,N20,VIIRS,n,2,291.58,2.14,D,0
51.03838,-119.77702,327.57,0.39,0.36,2023-08-18,2044,N20,VIIRS,n,2,294.15,4.99,D,0
51.04003,-119.78913,327.7,0.39,0.36,2023-08-18,2044,N20,VIIRS,n,2,289.74,2.14,D,0
51.04083,-119.78371,351.05,0.39,0.36,2023-08-18,2044,N20,VIIRS,n,2,300.53,4.99,D,0
51.04163,-119.77821,339.28,0.39,0.36,2023-08-18,2044,N20,VIIRS,n,2,295.35,4.99,D,0
51.04489,-119.77942,334.82,0.39,0.36,2023-08-18,2044,N20,VIIRS,n,2,291.88,5.56,D,0
51.05385,-119.76508,343.16,0.39,0.36,2023-08-18,2044,N20,VIIRS,n,2,294.6,5.14,D,0
51.05875,-119.77844,338.69,0.39,0.36,2023-08-18,2044,N20,VIIRS,n,2,293.52,4.23,D,0
51.07725,-119.69919,341.59,0.39,0.36,2023-08-18,2044,N20,VIIRS,n,2,298.28,4.92,D,0
51.07803,-119.69385,325.02,0.39,0.36,2023-08-18,2044,N20,VIIRS,l,2,295.37,2.89,D,0
51.07881,-119.68853,325.92,0.39,0.36,2023-08-18,2044,N20,VIIRS,n,2,295.56,2.89,D,0
51.08285,-119.68442,342.29,0.39,0.36,2023-08-18,2044,N20,VIIRS,n,2,296.11,3.29,D,0
51.08362,-119.67914,328.06,0.39,0.36,2023-08-18,2044,N20,VIIRS,n,2,292.95,3.29,D,0
51.08378,-119.7015,339.13,0.39,0.36,2023-08-18,2044,N20,VIIRS,n,2,300.01,6.62,D,3
51.08534,-119.69086,339.03,0.39,0.36,2023-08-18,2044,N20,VIIRS,n,2,301.01,3.87,D,0
51.08611,-119.68557,343.91,0.39,0.36,2023-08-18,2044,N20,VIIRS,n,2,301.3,4.27,D,0
51.08688,-119.68028,344.85,0.39,0.36,2023-08-18,2044,N20,VIIRS,n,2,299.92,4.27,D,0
51.08766,-119.67498,350.84,0.39,0.36,2023-08-18,2044,N20,VIIRS,n,2,293.75,5.74,D,0
51.08783,-119.69734,330.22,0.39,0.36,2023-08-18,2044,N20,VIIRS,l,2,302.94,3.87,D,0
51.08861,-119.692,338.61,0.39,0.36,2023-08-18,2044,N20,VIIRS,n,2,308.01,3.87,D,0
51.08893,-119.61914,336.09,0.39,0.36,2023-08-18,2044,N20,VIIRS,n,2,277.64,9.61,D,0
51.08938,-119.68671,337.33,0.39,0.36,2023-08-18,2044,N20,VIIRS,n,2,305.84,4.27,D,0
51.09016,-119.6814,332.11,0.39,0.36,2023-08-18,2044,N20,VIIRS,l,2,302.63,4.27,D,0
51.09054,-119.60812,341.4,0.39,0.36,2023-08-18,2044,N20,VIIRS,n,2,276.95,17.38,D,0
51.09093,-119.67609,344.58,0.39,0.36,2023-08-18,2044,N20,VIIRS,n,2,303.8,5.74,D,0
51.0911,-119.69848,341.86,0.39,0.36,2023-08-18,2044,N20,VIIRS,n,2,305.55,6.91,D,0
51.09171,-119.67075,345.2,0.39,0.36,2023-08-18,2044,N20,VIIRS,n,2,298.73,5.74,D,0
51.0922,-119.62027,348.07,0.39,0.36,2023-08-18,2044,N20,VIIRS,n,2,278.53,9.61,D,0
51.09249,-119.66539,337.86,0.39,0.36,2023-08-18,2044,N20,VIIRS,n,2,293.88,5.63,D,0
51.09265,-119.68784,345.53,0.39,0.36,2023-08-18,2044,N20,VIIRS,n,2,309.91,4.4,D,0
51.09343,-119.68253,334.57,0.39,0.36,2023-08-18,2044,N20,VIIRS,n,2,305.97,4.4,D,0
51.09405,-119.65469,340.49,0.39,0.36,2023-08-18,2044,N20,VIIRS,n,2,289.83,6.79,D,0
51.09421,-119.67719,344.48,0.39,0.36,2023-08-18,2044,N20,VIIRS,n,2,304.97,7.73,D,0
51.09468,-119.62678,345.44,0.39,0.36,2023-08-18,2044,N20,VIIRS,n,2,282.24,21.79,D,0
51.09499,-119.67183,346.08,0.39,0.36,2023-08-18,2044,N20,VIIRS,n,2,304.67,7.73,D,0
51.09515,-119.69428,348.35,0.39,0.36,2023-08-18,2044,N20,VIIRS,n,2,308.13,6.91,D,0
51.09547,-119.62139,339.96,0.39,0.36,2023-08-18,2044,N20,VIIRS,n,2,281.14,19.78,D,0
51.09577,-119.66647,334.16,0.39,0.36,2023-08-18,2044,N20,VIIRS,n,2,297.59,5.95,D,0
51.09592,-119.68896,343.9,0.39,0.36,2023-08-18,2044,N20,VIIRS,n,2,305.05,4.4,D,0
51.0964,-119.63862,336.57,0.39,0.36,2023-08-18,2044,N20,VIIRS,n,2,296.28,26.63,D,0
51.09655,-119.66112,350.46,0.39,0.36,2023-08-18,2044,N20,VIIRS,n,2,298.95,5.95,D,0
51.0967,-119.68363,342.11,0.39,0.36,2023-08-18,2044,N20,VIIRS,n,2,304.09,4.4,D,0
51.09718,-119.63323,338,0.39,0.36,2023-08-18,2044,N20,VIIRS,n,2,301.65,21.79,D,0
51.09733,-119.65579,354.24,0.39,0.36,2023-08-18,2044,N20,VIIRS,n,2,307.3,19.92,D,0
51.09748,-119.67829,367,0.39,0.36,2023-08-18,2044,N20,VIIRS,h,2,308.27,7.73,D,0
51.09797,-119.62784,356.36,0.39,0.36,2023-08-18,2044,N20,VIIRS,l,2,277.87,21.79,D,0
51.0981,-119.65046,367,0.39,0.36,2023-08-18,2044,N20,VIIRS,l,2,325.96,19.92,D,0
51.09827,-119.67292,367,0.39,0.36,2023-08-18,2044,N20,VIIRS,h,2,310.62,7.73,D,0
51.09842,-119.69543,341.53,0.39,0.36,2023-08-18,2044,N20,VIIRS,n,2,301.17,7.16,D,0
51.09875,-119.62246,351.58,0.39,0.36,2023-08-18,2044,N20,VIIRS,n,2,308.24,19.78,D,0
51.09888,-119.6451,354.37,0.39,0.36,2023-08-18,2044,N20,VIIRS,n,2,316.33,72.49,D,0
51.09905,-119.66756,354.01,0.39,0.36,2023-08-18,2044,N20,VIIRS,n,2,306.08,5.95,D,0
51.0992,-119.69006,353.65,0.39,0.36,2023-08-18,2044,N20,VIIRS,n,2,308.22,9.28,D,0
51.09954,-119.61703,356.24,0.39,0.36,2023-08-18,2044,N20,VIIRS,n,2,301.76,19.78,D,0
51.09967,-119.63971,367,0.39,0.36,2023-08-18,2044,N20,VIIRS,l,2,360.68,72.49,D,0
51.09982,-119.66222,336.55,0.39,0.36,2023-08-18,2044,N20,VIIRS,n,2,297.93,5.95,D,0
51.09998,-119.68474,367,0.39,0.36,2023-08-18,2044,N20,VIIRS,h,2,310.33,9.28,D,0
51.10046,-119.6343,367,0.39,0.36,2023-08-18,2044,N20,VIIRS,h,2,340.99,74.59,D,0
51.10061,-119.65691,347.19,0.39,0.36,2023-08-18,2044,N20,VIIRS,n,2,301.86,19.92,D,0
51.10077,-119.67937,355.05,0.39,0.36,2023-08-18,2044,N20,VIIRS,n,2,308.55,9.03,D,0
51.10125,-119.62891,346.69,0.39,0.36,2023-08-18,2044,N20,VIIRS,n,2,314.66,74.59,D,0
51.10138,-119.65158,367,0.39,0.36,2023-08-18,2044,N20,VIIRS,h,2,310.66,19.92,D,0
51.10155,-119.67401,367,0.39,0.36,2023-08-18,2044,N20,VIIRS,h,2,312.2,9.03,D,0
51.10203,-119.6235,367,0.39,0.36,2023-08-18,2044,N20,VIIRS,l,2,337.69,81.33,D,0
51.10216,-119.64622,354.73,0.39,0.36,2023-08-18,2044,N20,VIIRS,n,2,315.16,72.49,D,0
51.10233,-119.66866,367,0.39,0.36,2023-08-18,2044,N20,VIIRS,h,2,317.76,14.07,D,0
51.10247,-119.69122,354.84,0.39,0.36,2023-08-18,2044,N20,VIIRS,n,2,305.51,9.28,D,0
51.10295,-119.64083,352,0.39,0.36,2023-08-18,2044,N20,VIIRS,n,2,316.97,72.49,D,0
51.1031,-119.66333,367,0.39,0.36,2023-08-18,2044,N20,VIIRS,h,2,312.4,14.07,D,0
51.10326,-119.68583,348.26,0.39,0.36,2023-08-18,2044,N20,VIIRS,n,2,308.43,9.28,D,0
51.10373,-119.63539,367,0.39,0.36,2023-08-18,2044,N20,VIIRS,h,2,337.6,74.59,D,0
51.10387,-119.65801,343.66,0.39,0.36,2023-08-18,2044,N20,VIIRS,n,2,302.6,7.41,D,0
51.10404,-119.68049,355.28,0.39,0.36,2023-08-18,2044,N20,VIIRS,n,2,309.63,9.03,D,0
51.10453,-119.62994,367,0.39,0.36,2023-08-18,2044,N20,VIIRS,l,2,333.7,74.59,D,0
51.10465,-119.65272,367,0.39,0.36,2023-08-18,2044,N20,VIIRS,h,2,307.32,7.41,D,0
51.10482,-119.67512,353.19,0.39,0.36,2023-08-18,2044,N20,VIIRS,n,2,310.73,9.03,D,0
51.10532,-119.62453,367,0.39,0.36,2023-08-18,2044,N20,VIIRS,h,2,335.05,81.33,D,0
51.10543,-119.64736,354.52,0.39,0.36,2023-08-18,2044,N20,VIIRS,n,2,314.98,28.49,D,0
51.1056,-119.66976,367,0.39,0.36,2023-08-18,2044,N20,VIIRS,h,2,315.45,14.07,D,0
51.10622,-119.64194,351.34,0.39,0.36,2023-08-18,2044,N20,VIIRS,l,2,327.79,28.49,D,0
51.10638,-119.66445,367,0.39,0.36,2023-08-18,2044,N20,VIIRS,h,2,315.16,14.07,D,0
51.10701,-119.63649,367,0.39,0.36,2023-08-18,2044,N20,VIIRS,l,2,331.68,97.19,D,0
51.10715,-119.65915,349.95,0.39,0.36,2023-08-18,2044,N20,VIIRS,n,2,305.05,7.41,D,0
51.10732,-119.68159,345.05,0.39,0.36,2023-08-18,2044,N20,VIIRS,n,2,300.58,6.21,D,0
51.10781,-119.63102,367,0.39,0.36,2023-08-18,2044,N20,VIIRS,h,2,335.73,97.19,D,0
51.10791,-119.65386,353.84,0.39,0.36,2023-08-18,2044,N20,VIIRS,n,2,309.1,7.41,D,0
51.1081,-119.67622,349.78,0.39,0.36,2023-08-18,2044,N20,VIIRS,n,2,305.6,6.21,D,0
51.1086,-119.62557,367,0.39,0.36,2023-08-18,2044,N20,VIIRS,h,2,330.33,93.93,D,0
51.10869,-119.64851,367,0.39,0.36,2023-08-18,2044,N20,VIIRS,h,2,312.64,28.49,D,0
51.10888,-119.6709,367,0.39,0.36,2023-08-18,2044,N20,VIIRS,h,2,316.06,11.86,D,0
51.10942,-120.12988,341.25,0.38,0.36,2023-08-18,2044,N20,VIIRS,n,2,305.05,22.08,D,0
51.10949,-119.64307,343.32,0.39,0.36,2023-08-18,2044,N20,VIIRS,n,2,314.04,28.49,D,0
51.10965,-119.66557,367,0.39,0.36,2023-08-18,2044,N20,VIIRS,h,2,317.43,11.86,D,0
51.11023,-120.12452,329.66,0.38,0.36,2023-08-18,2044,N20,VIIRS,n,2,294.47,3.57,D,0
51.11029,-119.6376,367,0.39,0.36,2023-08-18,2044,N20,VIIRS,h,2,343.55,97.19,D,0
51.11042,-119.66029,337.82,0.39,0.36,2023-08-18,2044,N20,VIIRS,n,2,301.89,7.23,D,0
51.11109,-119.6321,367,0.39,0.36,2023-08-18,2044,N20,VIIRS,l,2,338.66,97.19,D,0
51.11118,-119.655,347.87,0.39,0.36,2023-08-18,2044,N20,VIIRS,n,2,311.68,7.23,D,0
51.11137,-119.67735,347.24,0.39,0.36,2023-08-18,2044,N20,VIIRS,n,2,306.55,6.21,D,0
51.11189,-119.62664,352.6,0.39,0.36,2023-08-18,2044,N20,VIIRS,n,2,287.01,93.93,D,0
51.11196,-119.64964,354.71,0.39,0.36,2023-08-18,2044,N20,VIIRS,n,2,327.73,23.56,D,0
51.11215,-119.67203,367,0.39,0.36,2023-08-18,2044,N20,VIIRS,h,2,316.95,11.86,D,0
51.11276,-119.6442,351.74,0.39,0.36,2023-08-18,2044,N20,VIIRS,l,2,326.45,23.56,D,0
51.11293,-119.66668,367,0.39,0.36,2023-08-18,2044,N20,VIIRS,h,2,320.58,11.86,D,0
51.11348,-120.12571,337.5,0.38,0.36,2023-08-18,2044,N20,VIIRS,n,2,292.09,3.57,D,0
51.11356,-119.6387,367,0.39,0.36,2023-08-18,2044,N20,VIIRS,l,2,331.46,61.82,D,0
51.1137,-119.66138,347.46,0.39,0.36,2023-08-18,2044,N20,VIIRS,n,2,305.52,7.23,D,0
51.11446,-119.65611,352.32,0.39,0.36,2023-08-18,2044,N20,VIIRS,n,2,308.48,7.23,D,0
51.11465,-119.6785,327.9,0.39,0.36,2023-08-18,2044,N20,VIIRS,n,2,295.32,4.78,D,0
51.11517,-119.6277,356.36,0.39,0.36,2023-08-18,2044,N20,VIIRS,l,2,288.74,26.56,D,0
51.11525,-119.65072,356.02,0.39,0.36,2023-08-18,2044,N20,VIIRS,n,2,317.73,23.56,D,0
51.11543,-119.67313,353.91,0.39,0.36,2023-08-18,2044,N20,VIIRS,n,2,323.56,29.56,D,0
51.11604,-119.64529,355.89,0.39,0.36,2023-08-18,2044,N20,VIIRS,n,2,317.93,23.56,D,0
51.11621,-119.66777,367,0.39,0.36,2023-08-18,2044,N20,VIIRS,h,2,316.08,29.56,D,0
51.11684,-119.63981,354.21,0.39,0.36,2023-08-18,2044,N20,VIIRS,n,2,315.67,61.82,D,0
51.11698,-119.66245,339.97,0.39,0.36,2023-08-18,2044,N20,VIIRS,n,2,302.94,14.27,D,0
51.11765,-119.63432,348.45,0.39,0.36,2023-08-18,2044,N20,VIIRS,n,2,314.94,61.82,D,0
51.11776,-119.65711,348.4,0.39,0.36,2023-08-18,2044,N20,VIIRS,n,2,304.72,14.27,D,0
51.11845,-119.6288,354.52,0.39,0.36,2023-08-18,2044,N20,VIIRS,n,2,292.6,26.56,D,0
51.11853,-119.65176,354.4,0.39,0.36,2023-08-18,2044,N20,VIIRS,n,2,309.2,14.94,D,0
51.11932,-119.64639,356.12,0.39,0.36,2023-08-18,2044,N20,VIIRS,n,2,316.04,14.94,D,0
51.12012,-119.64091,353.29,0.39,0.36,2023-08-18,2044,N20,VIIRS,n,2,313.16,45.74,D,0
51.12027,-119.66349,354.72,0.39,0.36,2023-08-18,2044,N20,VIIRS,n,2,318.76,14.27,D,0
51.12093,-119.63541,348.95,0.39,0.36,2023-08-18,2044,N20,VIIRS,n,2,296.85,45.74,D,0
51.12105,-119.65814,355.31,0.39,0.36,2023-08-18,2044,N20,VIIRS,n,2,319.79,14.27,D,0
51.12173,-119.62991,353.88,0.39,0.36,2023-08-18,2044,N20,VIIRS,n,2,286.73,10.88,D,0
51.12183,-119.65281,355.2,0.39,0.36,2023-08-18,2044,N20,VIIRS,n,2,307.61,14.94,D,0
51.12261,-119.64742,353.87,0.39,0.36,2023-08-18,2044,N20,VIIRS,n,2,318.92,14.94,D,0
51.12341,-119.64198,367,0.39,0.36,2023-08-18,2044,N20,VIIRS,h,2,350.77,45.74,D,0
51.12421,-119.63649,355.15,0.39,0.36,2023-08-18,2044,N20,VIIRS,n,2,299.98,45.74,D,0
51.1258,-119.62556,325.91,0.39,0.36,2023-08-18,2044,N20,VIIRS,n,2,283.19,10.88,D,0
51.1259,-119.64847,367,0.39,0.36,2023-08-18,2044,N20,VIIRS,l,2,325.2,77.51,D,0
51.1267,-119.64303,345.8,0.39,0.36,2023-08-18,2044,N20,VIIRS,n,2,307.06,61.6,D,0
49.87405,-119.58145,323.32,0.51,0.66,2023-08-19,0856,N20,VIIRS,n,2,285.38,3.64,N,0
49.87408,-119.58821,311.75,0.51,0.66,2023-08-19,0856,N20,VIIRS,n,2,283.92,3.37,N,0
49.87416,-119.60641,300.25,0.51,0.66,2023-08-19,0856,N20,VIIRS,n,2,285.08,4.6,N,0
49.87418,-119.61179,351.32,0.51,0.66,2023-08-19,0856,N20,VIIRS,n,2,287.49,5.92,N,0
49.87421,-119.6174,321.8,0.52,0.66,2023-08-19,0856,N20,VIIRS,n,2,284.79,5.92,N,0
49.87425,-119.62818,307.35,0.52,0.67,2023-08-19,0856,N20,VIIRS,n,2,283.99,4.63,N,0
49.87428,-119.63411,331.8,0.52,0.67,2023-08-19,0856,N20,VIIRS,n,2,284.17,3.19,N,0
49.87431,-119.64085,302.78,0.52,0.67,2023-08-19,0856,N20,VIIRS,n,2,282.38,3.19,N,0
49.87524,-119.57921,311.19,0.51,0.66,2023-08-19,0856,N20,VIIRS,n,2,284.83,3.21,N,0
49.87531,-119.586,333.18,0.51,0.66,2023-08-19,0856,N20,VIIRS,n,2,284.51,3.21,N,0
49.87546,-119.60397,297.78,0.51,0.66,2023-08-19,0856,N20,VIIRS,n,2,285.24,4.87,N,0
49.87551,-119.60919,367,0.51,0.66,2023-08-19,0856,N20,VIIRS,h,2,289.37,4.87,N,0
49.87555,-119.61474,333.27,0.51,0.66,2023-08-19,0856,N20,VIIRS,n,2,285.75,5.05,N,0
49.87564,-119.62575,300.54,0.52,0.66,2023-08-19,0856,N20,VIIRS,n,2,283.39,8.45,N,0
49.87569,-119.63131,348.76,0.52,0.67,2023-08-19,0856,N20,VIIRS,n,2,286.84,8.45,N,0
49.87574,-119.6378,326.3,0.52,0.67,2023-08-19,0856,N20,VIIRS,n,2,284.17,12.13,N,0
49.88021,-119.5799,312.82,0.51,0.66,2023-08-19,0856,N20,VIIRS,n,2,286.03,4.81,N,0
49.88024,-119.58668,326.06,0.51,0.66,2023-08-19,0856,N20,VIIRS,n,2,285.63,4.01,N,0
49.88028,-119.59295,320.35,0.51,0.66,2023-08-19,0856,N20,VIIRS,n,2,285.57,4.01,N,0
49.8803,-119.59837,303.77,0.51,0.66,2023-08-19,0856,N20,VIIRS,n,2,286.46,2.69,N,0
49.88033,-119.60326,327.03,0.51,0.66,2023-08-19,0856,N20,VIIRS,n,2,287.67,2.69,N,0
49.88035,-119.60807,330.6,0.51,0.66,2023-08-19,0856,N20,VIIRS,n,2,286.19,2.27,N,0
49.88037,-119.61329,311.46,0.52,0.66,2023-08-19,0856,N20,VIIRS,n,2,284.83,2.27,N,0
49.88041,-119.61913,310.62,0.52,0.66,2023-08-19,0856,N20,VIIRS,n,2,284.94,4.9,N,0
49.88043,-119.62486,351.65,0.52,0.67,2023-08-19,0856,N20,VIIRS,n,2,290.04,4.9,N,0
49.88046,-119.63049,353.61,0.52,0.67,2023-08-19,0856,N20,VIIRS,n,2,293.15,11.56,N,0
49.88048,-119.63712,367,0.52,0.67,2023-08-19,0856,N20,VIIRS,h,2,293.93,11.56,N,0
49.88051,-119.64446,345.84,0.52,0.67,2023-08-19,0856,N20,VIIRS,n,2,284.1,6.99,N,0
49.88054,-119.65234,299.91,0.52,0.67,2023-08-19,0856,N20,VIIRS,n,2,281.59,6.99,N,0
49.8814,-119.57751,303.52,0.51,0.66,2023-08-19,0856,N20,VIIRS,n,2,285.82,3.21,N,0
49.88146,-119.58441,323.67,0.51,0.66,2023-08-19,0856,N20,VIIRS,n,2,285.53,3.21,N,0
49.88152,-119.59082,325.9,0.51,0.66,2023-08-19,0856,N20,VIIRS,n,2,286.65,3.78,N,0
49.88157,-119.59654,302.55,0.51,0.66,2023-08-19,0856,N20,VIIRS,n,2,286.26,3.78,N,0
49.88161,-119.60149,320.98,0.51,0.66,2023-08-19,0856,N20,VIIRS,n,2,287.89,4.87,N,0
49.88166,-119.6063,312.8,0.51,0.66,2023-08-19,0856,N20,VIIRS,n,2,285.74,4.87,N,0
49.8817,-119.61123,301.58,0.51,0.66,2023-08-19,0856,N20,VIIRS,n,2,284.14,5.05,N,0
49.88175,-119.61681,309.94,0.52,0.66,2023-08-19,0856,N20,VIIRS,n,2,284.84,5.05,N,0
49.8818,-119.62262,343.99,0.52,0.66,2023-08-19,0856,N20,VIIRS,n,2,289.11,8.45,N,0
49.88184,-119.62817,350.68,0.52,0.67,2023-08-19,0856,N20,VIIRS,n,2,292.03,8.45,N,0
49.8819,-119.63456,367,0.52,0.67,2023-08-19,0856,N20,VIIRS,h,2,295.01,12.13,N,0
49.88196,-119.64162,367,0.52,0.67,2023-08-19,0856,N20,VIIRS,h,2,286.16,12.13,N,0
49.88203,-119.64922,306.67,0.52,0.67,2023-08-19,0856,N20,VIIRS,n,2,282.16,4.3,N,0
49.88622,-119.54715,307.38,0.51,0.66,2023-08-19,0856,N20,VIIRS,n,2,285.8,0.94,N,0
49.8865,-119.60145,299.46,0.51,0.66,2023-08-19,0856,N20,VIIRS,n,2,285.66,2.69,N,0
49.88652,-119.60639,297.81,0.51,0.66,2023-08-19,0856,N20,VIIRS,n,2,284.58,2.27,N,0
49.88655,-119.61131,298.32,0.52,0.66,2023-08-19,0856,N20,VIIRS,n,2,284.09,2.27,N,0
49.88657,-119.61642,297.36,0.52,0.66,2023-08-19,0856,N20,VIIRS,n,2,282.59,4.9,N,0
49.8866,-119.62201,306.91,0.52,0.67,2023-08-19,0856,N20,VIIRS,n,2,284.83,4.9,N,0
49.88663,-119.62799,322.71,0.52,0.67,2023-08-19,0856,N20,VIIRS,n,2,287.5,11.56,N,0
49.88666,-119.63471,339.67,0.52,0.67,2023-08-19,0856,N20,VIIRS,n,2,291.02,11.56,N,0
49.88669,-119.64191,337.97,0.52,0.67,2023-08-19,0856,N20,VIIRS,n,2,285.86,6.99,N,0
49.88672,-119.64941,325.79,0.52,0.67,2023-08-19,0856,N20,VIIRS,n,2,282.39,6.99,N,0
49.88726,-119.54547,306.94,0.51,0.66,2023-08-19,0856,N20,VIIRS,n,2,285.65,1,N,0
49.88777,-119.59965,296.96,0.51,0.66,2023-08-19,0856,N20,VIIRS,n,2,285.64,0.99,N,0
49.88781,-119.60471,298.67,0.51,0.66,2023-08-19,0856,N20,VIIRS,n,2,284.65,0.99,N,0
49.88786,-119.60964,296.4,0.51,0.66,2023-08-19,0856,N20,VIIRS,n,2,283.66,1.54,N,0
49.8879,-119.61462,299.37,0.52,0.66,2023-08-19,0856,N20,VIIRS,n,2,283.33,1.54,N,0
49.88795,-119.62,305.55,0.52,0.66,2023-08-19,0856,N20,VIIRS,n,2,284.02,3.02,N,0
49.888,-119.62575,318.29,0.52,0.67,2023-08-19,0856,N20,VIIRS,n,2,286.35,3.02,N,0
49.88806,-119.63219,333.54,0.52,0.67,2023-08-19,0856,N20,VIIRS,n,2,289.89,12.15,N,0
49.88813,-119.63931,341.88,0.52,0.67,2023-08-19,0856,N20,VIIRS,n,2,287.64,12.15,N,0
49.88819,-119.64662,367,0.52,0.67,2023-08-19,0856,N20,VIIRS,h,2,285.74,27.85,N,0
49.89238,-119.54649,303.85,0.51,0.66,2023-08-19,0856,N20,VIIRS,n,2,286.47,2.14,N,0
49.8927,-119.60496,299.09,0.51,0.66,2023-08-19,0856,N20,VIIRS,n,2,283.87,1.48,N,0
49.89272,-119.61004,302.07,0.52,0.66,2023-08-19,0856,N20,VIIRS,n,2,283.78,1.48,N,0
49.89275,-119.61517,314.01,0.52,0.66,2023-08-19,0856,N20,VIIRS,n,2,284.94,1.86,N,0
49.89278,-119.62054,314.96,0.52,0.67,2023-08-19,0856,N20,VIIRS,n,2,285.18,1.86,N,0
49.8928,-119.62624,312.83,0.52,0.67,2023-08-19,0856,N20,VIIRS,n,2,284.29,2.78,N,0
49.89283,-119.63266,323.97,0.52,0.67,2023-08-19,0856,N20,VIIRS,n,2,287.07,2.78,N,0
49.89286,-119.63988,351.68,0.52,0.67,2023-08-19,0856,N20,VIIRS,n,2,293.21,23.93,N,0
49.8929,-119.64736,367,0.52,0.67,2023-08-19,0856,N20,VIIRS,h,2,296.27,23.93,N,0
49.89293,-119.65583,309.9,0.52,0.67,2023-08-19,0856,N20,VIIRS,n,2,281.49,18.4,N,0
49.89341,-119.54492,301.38,0.51,0.66,2023-08-19,0856,N20,VIIRS,n,2,286.88,1,N,0
49.89352,-119.55521,296.22,0.51,0.66,2023-08-19,0856,N20,VIIRS,n,2,284.6,1.93,N,0
49.89397,-119.60335,298.23,0.51,0.66,2023-08-19,0856,N20,VIIRS,n,2,284.12,0.99,N,0
49.89402,-119.6084,302.64,0.51,0.66,2023-08-19,0856,N20,VIIRS,n,2,284.35,1.54,N,0
49.89407,-119.61351,313.2,0.52,0.66,2023-08-19,0856,N20,VIIRS,n,2,285.66,1.54,N,0
49.89412,-119.61884,314.91,0.52,0.66,2023-08-19,0856,N20,VIIRS,n,2,285.15,3.02,N,0
49.89417,-119.62431,311.35,0.52,0.67,2023-08-19,0856,N20,VIIRS,n,2,284.18,3.02,N,0
49.89423,-119.63036,319.21,0.52,0.67,2023-08-19,0856,N20,VIIRS,n,2,285.41,12.15,N,0
49.89429,-119.63746,331.61,0.52,0.67,2023-08-19,0856,N20,VIIRS,n,2,289.72,12.15,N,0
49.89436,-119.64478,349.23,0.52,0.67,2023-08-19,0856,N20,VIIRS,n,2,303.4,27.85,N,0
49.89443,-119.65286,352.63,0.52,0.67,2023-08-19,0856,N20,VIIRS,n,2,283.31,27.85,N,0
49.89893,-119.61586,299,0.52,0.66,2023-08-19,0856,N20,VIIRS,n,2,283.28,1.86,N,0
49.89896,-119.62135,302.78,0.52,0.67,2023-08-19,0856,N20,VIIRS,n,2,282.74,1.86,N,0
49.89899,-119.62708,296.47,0.52,0.67,2023-08-19,0856,N20,VIIRS,n,2,281.82,2.78,N,0
49.89902,-119.63313,299.18,0.52,0.67,2023-08-19,0856,N20,VIIRS,n,2,281.67,2.78,N,0
49.89905,-119.63945,312,0.52,0.67,2023-08-19,0856,N20,VIIRS,n,2,284.63,23.93,N,0
49.89908,-119.64616,355.26,0.52,0.67,2023-08-19,0856,N20,VIIRS,n,2,291.94,23.93,N,0
49.89912,-119.65391,367,0.52,0.67,2023-08-19,0856,N20,VIIRS,h,2,291.04,18.4,N,0
49.89915,-119.66292,303.19,0.52,0.67,2023-08-19,0856,N20,VIIRS,n,2,280.7,18.4,N,0
49.90527,-119.64564,296.96,0.52,0.67,2023-08-19,0856,N20,VIIRS,n,2,282.17,4.62,N,0
49.9053,-119.65211,353.82,0.52,0.67,2023-08-19,0856,N20,VIIRS,n,2,291.54,6.45,N,0
49.90533,-119.65977,324.44,0.52,0.67,2023-08-19,0856,N20,VIIRS,n,2,280.3,6.45,N,0
49.91151,-119.6573,331.73,0.52,0.67,2023-08-19,0856,N20,VIIRS,n,2,282.17,6.45,N,0
49.91766,-119.65023,295.64,0.52,0.67,2023-08-19,0856,N20,VIIRS,n,2,280.68,1.6,N,0
49.92381,-119.64344,299.35,0.52,0.67,2023-08-19,0856,N20,VIIRS,n,2,279.48,1.64,N,0
49.92866,-119.44933,305.38,0.51,0.66,2023-08-19,0856,N20,VIIRS,n,2,284.75,1.89,N,0
49.9287,-119.45502,329.17,0.51,0.66,2023-08-19,0856,N20,VIIRS,n,2,286.59,2.45,N,0
49.92876,-119.46312,320.69,0.51,0.66,2023-08-19,0856,N20,VIIRS,n,2,285.63,2.45,N,0
49.92992,-119.63164,295.9,0.52,0.67,2023-08-19,0856,N20,VIIRS,n,2,281.37,2.03,N,0
49.92996,-119.63754,332.86,0.52,0.67,2023-08-19,0856,N20,VIIRS,n,2,282.04,2.92,N,0
49.92999,-119.64373,310.45,0.52,0.67,2023-08-19,0856,N20,VIIRS,n,2,277.55,2.92,N,0
49.93479,-119.44848,301.8,0.51,0.66,2023-08-19,0856,N20,VIIRS,n,2,286.98,1.89,N,0
49.93484,-119.45453,302.74,0.51,0.66,2023-08-19,0856,N20,VIIRS,n,2,287.07,2.45,N,0
49.93492,-119.46569,322.27,0.51,0.66,2023-08-19,0856,N20,VIIRS,n,2,287.83,2.45,N,3
49.93602,-119.61942,314.51,0.52,0.67,2023-08-19,0856,N20,VIIRS,n,2,282.86,2.62,N,0
49.93606,-119.62521,302.11,0.52,0.67,2023-08-19,0856,N20,VIIRS,n,2,281.15,2.03,N,0
49.9361,-119.63119,301.24,0.52,0.67,2023-08-19,0856,N20,VIIRS,n,2,281.13,2.03,N,0
49.93614,-119.63741,308.95,0.52,0.67,2023-08-19,0856,N20,VIIRS,n,2,278.39,2.92,N,0
49.94092,-119.44798,302.59,0.51,0.66,2023-08-19,0856,N20,VIIRS,n,2,286.72,1.6,N,0
49.94098,-119.45477,297.05,0.51,0.66,2023-08-19,0856,N20,VIIRS,n,2,285.34,1.86,N,0
49.94215,-119.61093,304.38,0.52,0.66,2023-08-19,0856,N20,VIIRS,n,2,282.75,1.43,N,0
49.94219,-119.61717,310.11,0.52,0.67,2023-08-19,0856,N20,VIIRS,n,2,281.71,1.43,N,0
49.94706,-119.44759,308.45,0.51,0.66,2023-08-19,0856,N20,VIIRS,n,2,286.05,1.6,N,0
49.94831,-119.60931,305.86,0.52,0.66,2023-08-19,0856,N20,VIIRS,n,2,281.34,1.43,N,0
49.95328,-119.45708,303.55,0.51,0.66,2023-08-19,0856,N20,VIIRS,n,2,287.28,1.58,N,0
49.95878,-119.41463,309.88,0.5,0.66,2023-08-19,0856,N20,VIIRS,n,2,284.37,1.67,N,0
49.95881,-119.42164,297.17,0.5,0.66,2023-08-19,0856,N20,VIIRS,n,2,285.17,1.58,N,0
49.95897,-119.45818,309.15,0.51,0.66,2023-08-19,0856,N20,VIIRS,n,2,287.13,3.1,N,0
49.95903,-119.41463,311.49,0.5,0.66,2023-08-19,0856,N20,VIIRS,n,2,284.38,3.12,N,0
49.95942,-119.45821,317.09,0.51,0.66,2023-08-19,0856,N20,VIIRS,n,2,287.15,1.58,N,0
49.9595,-119.59435,342.72,0.52,0.66,2023-08-19,0856,N20,VIIRS,n,2,285.48,7.78,N,0
49.95953,-119.601,345.58,0.52,0.66,2023-08-19,0856,N20,VIIRS,n,2,279.77,8.93,N,0
49.96055,-119.59425,347.42,0.51,0.66,2023-08-19,0856,N20,VIIRS,n,2,286.25,10.23,N,0
49.9606,-119.60082,350.59,0.52,0.66,2023-08-19,0856,N20,VIIRS,n,2,280,10.23,N,0
49.96568,-119.59493,301.32,0.52,0.66,2023-08-19,0856,N20,VIIRS,n,2,282.32,7.78,N,0
49.9657,-119.60085,341.5,0.52,0.66,2023-08-19,0856,N20,VIIRS,n,2,282.16,8.93,N,0
49.96673,-119.5949,297.57,0.51,0.66,2023-08-19,0856,N20,VIIRS,n,2,281.41,2.92,N,0
49.96677,-119.60075,331.77,0.52,0.66,2023-08-19,0856,N20,VIIRS,n,2,281.58,2.92,N,0
49.97188,-119.60124,304.79,0.52,0.66,2023-08-19,0856,N20,VIIRS,n,2,281.88,4.91,N,0
49.97227,-119.52077,295.7,0.51,0.66,2023-08-19,0856,N20,VIIRS,n,2,281.03,0.55,N,0
49.97249,-119.54584,296.03,0.51,0.66,2023-08-19,0856,N20,VIIRS,n,2,282.15,1.15,N,0
49.97295,-119.60143,320.42,0.52,0.66,2023-08-19,0856,N20,VIIRS,n,2,282.89,2.92,N,0
49.97803,-119.59747,315.17,0.52,0.66,2023-08-19,0856,N20,VIIRS,n,2,283.24,5.79,N,0
49.97805,-119.60317,348.9,0.52,0.66,2023-08-19,0856,N20,VIIRS,n,2,285.93,4.91,N,0
49.97808,-119.61102,308.24,0.52,0.67,2023-08-19,0856,N20,VIIRS,n,2,279.52,4.91,N,0
49.97864,-119.54446,295.56,0.51,0.66,2023-08-19,0856,N20,VIIRS,n,2,281.58,1.3,N,0
49.97906,-119.59279,300.89,0.51,0.66,2023-08-19,0856,N20,VIIRS,n,2,282.35,2.03,N,0
49.9791,-119.5978,316.98,0.51,0.66,2023-08-19,0856,N20,VIIRS,n,2,283.47,5.04,N,0
49.97915,-119.60374,344.32,0.52,0.66,2023-08-19,0856,N20,VIIRS,n,2,283.86,5.04,N,0
49.97922,-119.6116,300.36,0.52,0.66,2023-08-19,0856,N20,VIIRS,n,2,279.77,4.06,N,0
49.98372,-119.49455,311.43,0.51,0.66,2023-08-19,0856,N20,VIIRS,n,2,286.83,1.53,N,0
49.98411,-119.57847,305.61,0.51,0.66,2023-08-19,0856,N20,VIIRS,n,2,283.71,1.65,N,0
49.98414,-119.58436,325.25,0.51,0.66,2023-08-19,0856,N20,VIIRS,n,2,284.58,3.11,N,0
49.98417,-119.58982,309,0.51,0.66,2023-08-19,0856,N20,VIIRS,n,2,283.9,3.11,N,0
49.98419,-119.59522,318.22,0.51,0.66,2023-08-19,0856,N20,VIIRS,n,2,283.83,3.53,N,0
49.98434,-119.49455,306.68,0.51,0.66,2023-08-19,0856,N20,VIIRS,n,2,286.58,2.09,N,0
49.9846,-119.5219,296.34,0.51,0.66,2023-08-19,0856,N20,VIIRS,n,2,281.79,0.72,N,0
49.98465,-119.52782,295.33,0.51,0.66,2023-08-19,0856,N20,VIIRS,n,2,281.25,1.21,N,0
49.9851,-119.5785,310.69,0.51,0.66,2023-08-19,0856,N20,VIIRS,n,2,283.94,2.77,N,0
49.98516,-119.58458,324.5,0.51,0.66,2023-08-19,0856,N20,VIIRS,n,2,283.79,2.77,N,0
49.98521,-119.59022,307.81,0.51,0.66,2023-08-19,0856,N20,VIIRS,n,2,283.3,2.03,N,0
49.98526,-119.59576,311.66,0.51,0.66,2023-08-19,0856,N20,VIIRS,n,2,282.71,2.03,N,0
49.99006,-119.52712,306.5,0.51,0.66,2023-08-19,0856,N20,VIIRS,n,2,283.35,2.66,N,0
49.99009,-119.53397,299.52,0.51,0.66,2023-08-19,0856,N20,VIIRS,n,2,283.09,1.88,N,0
49.99028,-119.57788,299.58,0.51,0.66,2023-08-19,0856,N20,VIIRS,n,2,282.55,1.65,N,0
49.99075,-119.52148,298.98,0.51,0.66,2023-08-19,0856,N20,VIIRS,n,2,282.59,1.24,N,0
49.9908,-119.52708,306.54,0.51,0.66,2023-08-19,0856,N20,VIIRS,n,2,283.13,2.82,N,0
49.99086,-119.53386,298.22,0.51,0.66,2023-08-19,0856,N20,VIIRS,n,2,282.33,2.82,N,0
49.99621,-119.52615,312.83,0.51,0.66,2023-08-19,0856,N20,VIIRS,n,2,284.96,3.94,N,0
49.99625,-119.53239,322.37,0.51,0.66,2023-08-19,0856,N20,VIIRS,n,2,285.07,4.42,N,0
49.99628,-119.53977,307.1,0.51,0.66,2023-08-19,0856,N20,VIIRS,n,2,282.53,4.42,N,0
49.99689,-119.52087,298.65,0.51,0.66,2023-08-19,0856,N20,VIIRS,n,2,282.81,1.24,N,0
49.99695,-119.52612,316.89,0.51,0.66,2023-08-19,0856,N20,VIIRS,n,2,285.63,2.82,N,0
49.99701,-119.53234,336.97,0.51,0.66,2023-08-19,0856,N20,VIIRS,n,2,286.82,2.82,N,0
49.99708,-119.5398,311.49,0.51,0.66,2023-08-19,0856,N20,VIIRS,n,2,283.34,4.73,N,0
50.00176,-119.42548,312.53,0.51,0.66,2023-08-19,0856,N20,VIIRS,n,2,284.3,2.33,N,0
50.00181,-119.43386,299.35,0.51,0.66,2023-08-19,0856,N20,VIIRS,n,2,285.09,2.29,N,0
50.00237,-119.52517,306.84,0.51,0.66,2023-08-19,0856,N20,VIIRS,n,2,284.35,3.94,N,0
50.0024,-119.53115,342.9,0.51,0.66,2023-08-19,0856,N20,VIIRS,n,2,283.71,4.42,N,0
50.00785,-119.41855,325,0.5,0.66,2023-08-19,0856,N20,VIIRS,n,2,287.07,13.99,N,0
50.0079,-119.42551,348.83,0.51,0.66,2023-08-19,0856,N20,VIIRS,n,2,300.43,13.99,N,0
50.00795,-119.43467,367,0.51,0.66,2023-08-19,0856,N20,VIIRS,h,2,288.11,18.35,N,0
50.00852,-119.52438,304.79,0.51,0.66,2023-08-19,0856,N20,VIIRS,n,2,282.49,2.1,N,0
50.01398,-119.41858,301.62,0.5,0.66,2023-08-19,0856,N20,VIIRS,n,2,286.54,13.99,N,0
50.01403,-119.42545,367,0.51,0.66,2023-08-19,0856,N20,VIIRS,h,2,291.69,13.99,N,0
50.01409,-119.4345,317.67,0.51,0.66,2023-08-19,0856,N20,VIIRS,n,2,285.98,18.35,N,0
50.01446,-119.49316,309.44,0.51,0.66,2023-08-19,0856,N20,VIIRS,n,2,287.39,2.01,N,0
50.01468,-119.52406,316.15,0.51,0.66,2023-08-19,0856,N20,VIIRS,n,2,283.73,2.1,N,0
50.02016,-119.42465,309.17,0.51,0.66,2023-08-19,0856,N20,VIIRS,n,2,287.55,4.41,N,0
50.02021,-119.43229,349.26,0.51,0.66,2023-08-19,0856,N20,VIIRS,n,2,291.52,5.38,N,0
50.02028,-119.44329,338.13,0.51,0.66,2023-08-19,0856,N20,VIIRS,n,2,287.5,5.38,N,3
50.02073,-119.5102,314.03,0.51,0.66,2023-08-19,0856,N20,VIIRS,n,2,286.82,15.17,N,0
50.02076,-119.51465,367,0.51,0.66,2023-08-19,0856,N20,VIIRS,h,2,292.12,15.17,N,0
50.0208,-119.51926,348.39,0.51,0.66,2023-08-19,0856,N20,VIIRS,n,2,286.41,9.73,N,0
50.02083,-119.52457,311.44,0.51,0.66,2023-08-19,0856,N20,VIIRS,n,2,281.9,9.73,N,0
50.02634,-119.43142,302.84,0.51,0.66,2023-08-19,0856,N20,VIIRS,n,2,286.26,5.38,N,0
50.02677,-119.49339,341.41,0.51,0.66,2023-08-19,0856,N20,VIIRS,n,2,290.81,6.66,N,3
50.0268,-119.49827,331.09,0.51,0.66,2023-08-19,0856,N20,VIIRS,n,2,290.46,6.66,N,0
50.02683,-119.50276,341.69,0.51,0.66,2023-08-19,0856,N20,VIIRS,n,2,290.38,15.28,N,0
50.02686,-119.507,350.68,0.51,0.66,2023-08-19,0856,N20,VIIRS,n,2,292.47,15.28,N,0
50.0269,-119.51121,367,0.51,0.66,2023-08-19,0856,N20,VIIRS,h,2,294.22,15.17,N,0
50.02692,-119.5154,346.78,0.51,0.66,2023-08-19,0856,N20,VIIRS,n,2,284.25,15.17,N,0
50.03255,-119.44082,297.96,0.51,0.66,2023-08-19,0856,N20,VIIRS,n,2,285.37,1.07,N,0
50.03292,-119.49384,299.79,0.51,0.66,2023-08-19,0856,N20,VIIRS,n,2,286.96,1.21,N,0
50.40365,-120.46001,309.36,0.56,0.69,2023-08-19,0856,N20,VIIRS,n,2,278.13,1.83,N,0
50.40483,-120.46027,318.53,0.56,0.69,2023-08-19,0856,N20,VIIRS,n,2,278.9,5.09,N,0
50.41005,-120.45133,295.54,0.56,0.69,2023-08-19,0856,N20,VIIRS,n,2,280.21,2.62,N,0
50.41005,-120.45866,321.47,0.56,0.69,2023-08-19,0856,N20,VIIRS,n,2,281.83,3.28,N,0
50.41124,-120.45892,311.78,0.56,0.69,2023-08-19,0856,N20,VIIRS,n,2,280.92,4.78,N,0
50.41646,-120.46521,311.02,0.56,0.69,2023-08-19,0856,N20,VIIRS,n,2,279.03,3.28,N,0
50.41761,-120.46568,309.44,0.57,0.69,2023-08-19,0856,N20,VIIRS,n,2,278.96,3.37,N,0
50.43069,-120.37711,300.89,0.56,0.69,2023-08-19,0856,N20,VIIRS,n,2,281,2.54,N,0
50.43703,-120.39398,297.71,0.56,0.69,2023-08-19,0856,N20,VIIRS,n,2,279.03,1.15,N,0
50.44342,-120.39329,295.63,0.56,0.69,2023-08-19,0856,N20,VIIRS,n,2,279.85,1.15,N,0
50.44347,-120.36919,309.2,0.56,0.69,2023-08-19,0856,N20,VIIRS,n,2,282.48,4.14,N,0
50.44985,-120.36951,298.35,0.56,0.69,2023-08-19,0856,N20,VIIRS,n,2,280.53,1.42,N,0
50.49452,-120.34447,316.3,0.56,0.69,2023-08-19,0856,N20,VIIRS,n,2,282.01,3.71,N,0
50.49593,-120.34705,313.04,0.56,0.69,2023-08-19,0856,N20,VIIRS,n,2,280.65,4.17,N,0
50.50089,-120.34431,302.64,0.56,0.69,2023-08-19,0856,N20,VIIRS,n,2,278.07,1.34,N,0
50.50231,-120.34682,296.23,0.56,0.69,2023-08-19,0856,N20,VIIRS,n,2,275.72,1.18,N,0
50.83871,-119.5297,300,0.51,0.66,2023-08-19,0856,N20,VIIRS,n,2,279.2,20.78,N,0
50.83874,-119.53934,312.17,0.52,0.66,2023-08-19,0856,N20,VIIRS,n,2,279.66,20.78,N,0
50.83876,-119.55021,317.31,0.52,0.66,2023-08-19,0856,N20,VIIRS,n,2,279.69,14.18,N,0
50.8388,-119.56379,305.16,0.52,0.67,2023-08-19,0856,N20,VIIRS,n,2,279.13,14.18,N,0
50.83882,-119.57253,305.27,0.52,0.67,2023-08-19,0856,N20,VIIRS,n,2,280.08,12.88,N,0
50.83884,-119.57891,351.69,0.52,0.67,2023-08-19,0856,N20,VIIRS,n,2,283.38,12.88,N,0
50.84488,-119.52603,321.07,0.51,0.66,2023-08-19,0856,N20,VIIRS,n,2,280.87,20.78,N,0
50.84489,-119.53224,351.52,0.52,0.66,2023-08-19,0856,N20,VIIRS,n,2,299.8,20.78,N,0
50.84492,-119.53922,367,0.52,0.66,2023-08-19,0856,N20,VIIRS,h,2,282.4,14.18,N,0
50.84497,-119.55683,327.06,0.52,0.67,2023-08-19,0856,N20,VIIRS,n,2,275.67,14.18,N,0
50.84501,-119.57235,313.26,0.52,0.67,2023-08-19,0856,N20,VIIRS,n,2,279.05,12.88,N,0
50.84503,-119.57945,367,0.52,0.67,2023-08-19,0856,N20,VIIRS,h,2,300.21,12.88,N,0
50.84505,-119.58533,367,0.52,0.67,2023-08-19,0856,N20,VIIRS,h,2,289.64,27.48,N,0
50.84507,-119.59123,367,0.52,0.67,2023-08-19,0856,N20,VIIRS,h,2,289.25,27.48,N,0
50.84509,-119.59868,303.69,0.52,0.67,2023-08-19,0856,N20,VIIRS,n,2,282.76,9.26,N,0
50.85102,-119.51871,297.06,0.51,0.66,2023-08-19,0856,N20,VIIRS,n,2,280.08,3.53,N,0
50.85105,-119.52548,339.43,0.51,0.66,2023-08-19,0856,N20,VIIRS,n,2,282.94,36.45,N,0
50.85107,-119.53096,354.44,0.52,0.66,2023-08-19,0856,N20,VIIRS,n,2,294.79,36.45,N,0
50.85109,-119.53637,367,0.52,0.66,2023-08-19,0856,N20,VIIRS,h,2,280.74,23.51,N,0
50.85112,-119.54424,309.19,0.52,0.67,2023-08-19,0856,N20,VIIRS,n,2,269.25,23.51,N,0
50.85125,-119.58728,311.06,0.52,0.67,2023-08-19,0856,N20,VIIRS,n,2,282.79,5.92,N,0
50.85127,-119.59457,349.03,0.52,0.67,2023-08-19,0856,N20,VIIRS,n,2,295.22,5.92,N,0
50.8513,-119.60579,336.36,0.52,0.67,2023-08-19,0856,N20,VIIRS,n,2,285.55,13.36,N,0
50.85722,-119.52583,314.52,0.51,0.66,2023-08-19,0856,N20,VIIRS,n,2,281.21,36.45,N,0
50.85725,-119.53122,349.89,0.52,0.66,2023-08-19,0856,N20,VIIRS,n,2,294.15,36.45,N,0
50.85727,-119.53654,367,0.52,0.66,2023-08-19,0856,N20,VIIRS,h,2,286.15,23.51,N,0
50.8573,-119.54392,334.8,0.52,0.67,2023-08-19,0856,N20,VIIRS,n,2,276.94,23.51,N,0
50.85735,-119.56096,321.31,0.52,0.67,2023-08-19,0856,N20,VIIRS,n,2,274.55,4.85,N,0
50.85742,-119.58173,316.23,0.52,0.67,2023-08-19,0856,N20,VIIRS,n,2,276.01,4.85,N,0
50.85744,-119.59006,321.6,0.52,0.67,2023-08-19,0856,N20,VIIRS,n,2,283.22,5.92,N,0
50.85747,-119.59903,329.66,0.52,0.67,2023-08-19,0856,N20,VIIRS,n,2,285.97,5.92,N,0
50.86335,-119.51528,305.48,0.51,0.66,2023-08-19,0856,N20,VIIRS,n,2,282.55,91.97,N,0
50.86337,-119.52133,336.86,0.51,0.66,2023-08-19,0856,N20,VIIRS,n,2,288.21,91.97,N,0
50.8634,-119.52745,318.95,0.51,0.66,2023-08-19,0856,N20,VIIRS,n,2,302.15,120.86,N,0
50.86343,-119.53284,345.88,0.52,0.66,2023-08-19,0856,N20,VIIRS,n,2,301.76,120.86,N,0
50.86345,-119.5387,367,0.52,0.66,2023-08-19,0856,N20,VIIRS,h,2,292.79,39.9,N,0
50.86348,-119.54655,367,0.52,0.67,2023-08-19,0856,N20,VIIRS,h,2,285.32,39.9,N,0
50.86353,-119.55743,344.54,0.52,0.67,2023-08-19,0856,N20,VIIRS,n,2,284.45,7.98,N,0
50.86361,-119.58363,333.35,0.52,0.67,2023-08-19,0856,N20,VIIRS,n,2,282.15,7.98,N,0
50.86364,-119.59251,315.54,0.52,0.67,2023-08-19,0856,N20,VIIRS,n,2,280.68,2.98,N,0
50.86367,-119.60093,312.55,0.52,0.67,2023-08-19,0856,N20,VIIRS,n,2,281.9,2.98,N,0
50.86951,-119.51456,299.92,0.51,0.66,2023-08-19,0856,N20,VIIRS,n,2,282.66,12.38,N,0
50.86954,-119.5207,315.97,0.51,0.66,2023-08-19,0856,N20,VIIRS,n,2,284.35,91.97,N,0
50.86959,-119.53134,367,0.51,0.66,2023-08-19,0856,N20,VIIRS,h,2,303.97,120.86,N,0
50.86962,-119.53638,367,0.52,0.66,2023-08-19,0856,N20,VIIRS,h,2,298.97,120.86,N,0
50.86964,-119.54273,367,0.52,0.66,2023-08-19,0856,N20,VIIRS,h,2,306.93,39.9,N,0
50.86968,-119.55114,367,0.52,0.67,2023-08-19,0856,N20,VIIRS,h,2,293.71,39.9,N,0
50.86977,-119.57515,333.04,0.52,0.67,2023-08-19,0856,N20,VIIRS,n,2,287.81,7.98,N,0
50.86981,-119.58536,311.2,0.52,0.67,2023-08-19,0856,N20,VIIRS,n,2,284.97,7.98,N,0
50.86984,-119.5932,307.87,0.52,0.67,2023-08-19,0856,N20,VIIRS,n,2,285.16,2.98,N,0
50.86987,-119.6009,313.67,0.52,0.67,2023-08-19,0856,N20,VIIRS,n,2,285.63,2.98,N,0
50.8699,-119.6086,328.83,0.52,0.67,2023-08-19,0856,N20,VIIRS,n,2,287.46,6.55,N,3
50.87001,-119.63826,305.19,0.52,0.67,2023-08-19,0856,N20,VIIRS,n,2,286.07,3.62,N,3
50.87003,-119.6447,329.74,0.52,0.67,2023-08-19,0856,N20,VIIRS,n,2,284.31,3.62,N,3
50.87573,-119.52443,300.74,0.51,0.66,2023-08-19,0856,N20,VIIRS,n,2,284.22,9.02,N,0
50.87576,-119.52999,327.37,0.51,0.66,2023-08-19,0856,N20,VIIRS,n,2,287.07,9.02,N,0
50.87579,-119.53597,367,0.51,0.66,2023-08-19,0856,N20,VIIRS,h,2,297.01,16.19,N,0
50.87582,-119.54338,338.23,0.52,0.66,2023-08-19,0856,N20,VIIRS,n,2,289.64,16.19,N,0
50.87586,-119.55193,341.02,0.52,0.66,2023-08-19,0856,N20,VIIRS,n,2,288.97,5.11,N,0
50.87592,-119.56731,317.2,0.52,0.67,2023-08-19,0856,N20,VIIRS,n,2,284.79,5.11,N,0
50.87597,-119.57758,309.03,0.52,0.67,2023-08-19,0856,N20,VIIRS,n,2,285.3,3.56,N,0
50.876,-119.58557,317.14,0.52,0.67,2023-08-19,0856,N20,VIIRS,n,2,286.93,3.56,N,0
50.87603,-119.59317,344.25,0.52,0.67,2023-08-19,0856,N20,VIIRS,n,2,287.39,3.75,N,0
50.87606,-119.60065,313.52,0.52,0.67,2023-08-19,0856,N20,VIIRS,n,2,287.36,3.75,N,0
50.87609,-119.60826,309.72,0.52,0.67,2023-08-19,0856,N20,VIIRS,n,2,287.06,2.3,N,0
50.87613,-119.6159,308.01,0.52,0.67,2023-08-19,0856,N20,VIIRS,n,2,285.91,2.3,N,0
50.87618,-119.63043,351.11,0.52,0.67,2023-08-19,0856,N20,VIIRS,n,2,291.18,8.19,N,3
50.87621,-119.63675,367,0.52,0.67,2023-08-19,0856,N20,VIIRS,h,2,295.76,13.35,N,0
50.87623,-119.64278,367,0.52,0.67,2023-08-19,0856,N20,VIIRS,h,2,295.92,13.35,N,0
50.87625,-119.64859,334.08,0.52,0.67,2023-08-19,0856,N20,VIIRS,n,2,286.43,12.8,N,0
50.87627,-119.65419,308.85,0.52,0.67,2023-08-19,0856,N20,VIIRS,n,2,283.36,12.8,N,0
50.8763,-119.66017,301.04,0.52,0.67,2023-08-19,0856,N20,VIIRS,n,2,282.27,20.02,N,0
50.87632,-119.66679,297.47,0.52,0.67,2023-08-19,0856,N20,VIIRS,n,2,281.15,20.02,N,0
50.88192,-119.52754,297.84,0.51,0.66,2023-08-19,0856,N20,VIIRS,n,2,283.67,9.02,N,0
50.88195,-119.53474,352.69,0.51,0.66,2023-08-19,0856,N20,VIIRS,n,2,287.61,9.02,N,0
50.882,-119.54324,367,0.51,0.66,2023-08-19,0856,N20,VIIRS,h,2,288.59,16.19,N,0
50.88204,-119.55199,346.58,0.52,0.66,2023-08-19,0856,N20,VIIRS,n,2,287.76,16.19,N,0
50.88208,-119.56165,315.78,0.52,0.66,2023-08-19,0856,N20,VIIRS,n,2,286.13,5.11,N,0
50.88212,-119.57027,321.02,0.52,0.67,2023-08-19,0856,N20,VIIRS,n,2,288.21,5.11,N,0
50.88216,-119.57793,319.1,0.52,0.67,2023-08-19,0856,N20,VIIRS,n,2,288.69,3.56,N,0
50.88219,-119.58544,316.73,0.52,0.67,2023-08-19,0856,N20,VIIRS,n,2,287.71,3.56,N,0
50.88223,-119.59291,302.22,0.52,0.67,2023-08-19,0856,N20,VIIRS,n,2,285.37,3.75,N,0
50.88226,-119.60037,313.71,0.52,0.67,2023-08-19,0856,N20,VIIRS,n,2,287.91,3.75,N,0
50.88229,-119.60789,312.24,0.52,0.67,2023-08-19,0856,N20,VIIRS,n,2,288.24,2.3,N,0
50.88232,-119.61537,310.27,0.52,0.67,2023-08-19,0856,N20,VIIRS,n,2,287.71,2.3,N,0
50.88235,-119.62267,303.42,0.52,0.67,2023-08-19,0856,N20,VIIRS,n,2,286.64,8.19,N,0
50.88238,-119.6292,309.72,0.52,0.67,2023-08-19,0856,N20,VIIRS,n,2,288.66,8.19,N,0
50.8824,-119.63504,317.85,0.52,0.67,2023-08-19,0856,N20,VIIRS,n,2,291.2,13.35,N,0
50.88243,-119.64045,318.69,0.52,0.67,2023-08-19,0856,N20,VIIRS,n,2,289.15,13.35,N,0
50.88245,-119.64581,319.49,0.52,0.67,2023-08-19,0856,N20,VIIRS,n,2,288.74,12.8,N,0
50.88247,-119.65143,355.87,0.52,0.67,2023-08-19,0856,N20,VIIRS,n,2,294.88,12.8,N,0
50.8825,-119.65759,350.32,0.52,0.67,2023-08-19,0856,N20,VIIRS,n,2,300.66,20.02,N,0
50.88253,-119.66466,367,0.52,0.67,2023-08-19,0856,N20,VIIRS,h,2,284.65,20.02,N,0
50.88256,-119.6732,309,0.52,0.67,2023-08-19,0856,N20,VIIRS,n,2,281.73,3.5,N,0
50.88259,-119.68243,300.48,0.52,0.67,2023-08-19,0856,N20,VIIRS,n,2,282.04,3.5,N,0
50.88827,-119.56283,322.09,0.52,0.66,2023-08-19,0856,N20,VIIRS,n,2,287.97,3.47,N,0
50.88831,-119.57029,319.92,0.52,0.67,2023-08-19,0856,N20,VIIRS,n,2,289.63,3.47,N,0
50.88835,-119.57777,317.15,0.52,0.67,2023-08-19,0856,N20,VIIRS,n,2,288.68,3.35,N,0
50.88838,-119.58524,314.56,0.52,0.67,2023-08-19,0856,N20,VIIRS,n,2,288.88,3.35,N,0
50.88842,-119.59268,309.81,0.52,0.67,2023-08-19,0856,N20,VIIRS,n,2,288.26,2.63,N,0
50.88845,-119.60007,310.19,0.52,0.67,2023-08-19,0856,N20,VIIRS,n,2,288.79,2.63,N,0
50.88849,-119.60746,308.96,0.52,0.67,2023-08-19,0856,N20,VIIRS,n,2,288.73,2.91,N,0
50.88852,-119.61474,321.99,0.52,0.67,2023-08-19,0856,N20,VIIRS,n,2,291.47,2.91,N,0
50.88855,-119.62157,319.68,0.52,0.67,2023-08-19,0856,N20,VIIRS,n,2,290.17,2.89,N,0
50.88858,-119.62768,311.16,0.52,0.67,2023-08-19,0856,N20,VIIRS,n,2,288.27,2.89,N,0
50.8886,-119.63316,309.84,0.52,0.67,2023-08-19,0856,N20,VIIRS,n,2,287.59,3.48,N,0
50.88863,-119.63812,326.16,0.52,0.67,2023-08-19,0856,N20,VIIRS,n,2,289.07,3.48,N,0
50.88865,-119.64294,335.51,0.52,0.67,2023-08-19,0856,N20,VIIRS,n,2,289.71,7.04,N,0
50.88867,-119.64812,338.61,0.52,0.67,2023-08-19,0856,N20,VIIRS,n,2,290.33,7.04,N,0
50.88869,-119.6546,314.68,0.52,0.67,2023-08-19,0856,N20,VIIRS,n,2,283.78,8.39,N,0
50.88873,-119.66183,300.46,0.52,0.67,2023-08-19,0856,N20,VIIRS,n,2,282.68,8.39,N,0
50.89289,-119.57281,314.5,0.52,0.67,2023-08-19,0856,N20,VIIRS,n,2,289.09,3.07,N,0
50.8929,-119.58026,318.28,0.52,0.67,2023-08-19,0856,N20,VIIRS,n,2,289.65,3.07,N,0
50.8929,-119.58769,314.95,0.52,0.67,2023-08-19,0856,N20,VIIRS,n,2,288.46,3.17,N,0
50.89291,-119.59507,310.12,0.52,0.67,2023-08-19,0856,N20,VIIRS,n,2,288.49,3.17,N,0
50.89291,-119.60233,311.13,0.52,0.67,2023-08-19,0856,N20,VIIRS,n,2,288.01,2.66,N,0
50.89291,-119.60964,312.28,0.52,0.67,2023-08-19,0856,N20,VIIRS,n,2,288.44,2.66,N,0
50.89291,-119.61658,311.87,0.52,0.67,2023-08-19,0856,N20,VIIRS,n,2,289.5,4.6,N,0
50.89292,-119.6228,313.26,0.52,0.67,2023-08-19,0856,N20,VIIRS,n,2,288.76,4.6,N,0
50.89293,-119.62836,313.82,0.52,0.67,2023-08-19,0856,N20,VIIRS,n,2,288.73,4.5,N,0
50.89293,-119.63333,311.73,0.52,0.67,2023-08-19,0856,N20,VIIRS,n,2,287.59,4.5,N,0
50.89293,-119.63802,321.95,0.52,0.67,2023-08-19,0856,N20,VIIRS,n,2,287.51,3.91,N,0
50.89293,-119.6661,344.9,0.52,0.67,2023-08-19,0856,N20,VIIRS,n,2,283.06,10.23,N,0
50.89294,-119.64291,325.56,0.52,0.67,2023-08-19,0856,N20,VIIRS,n,2,287.95,3.91,N,0
50.89294,-119.64885,350.54,0.52,0.67,2023-08-19,0856,N20,VIIRS,n,2,294.32,10.01,N,0
50.89294,-119.65683,352.85,0.52,0.67,2023-08-19,0856,N20,VIIRS,n,2,290.85,10.01,N,0
50.8945,-119.57022,310.78,0.52,0.67,2023-08-19,0856,N20,VIIRS,n,2,288.73,3.47,N,0
50.89454,-119.57765,319.66,0.52,0.67,2023-08-19,0856,N20,VIIRS,n,2,289.82,3.35,N,0
50.89457,-119.58507,316.59,0.52,0.67,2023-08-19,0856,N20,VIIRS,n,2,289.29,3.35,N,0
50.89461,-119.59246,310.2,0.52,0.67,2023-08-19,0856,N20,VIIRS,n,2,288.49,2.63,N,0
50.89465,-119.5997,309.95,0.52,0.67,2023-08-19,0856,N20,VIIRS,n,2,288.16,2.63,N,0
50.89468,-119.60693,316.08,0.52,0.67,2023-08-19,0856,N20,VIIRS,n,2,288.23,2.91,N,0
50.89471,-119.61398,306.66,0.52,0.67,2023-08-19,0856,N20,VIIRS,n,2,288.68,2.91,N,0
50.89474,-119.62035,310.04,0.52,0.67,2023-08-19,0856,N20,VIIRS,n,2,288.34,2.89,N,0
50.89477,-119.62602,309.63,0.52,0.67,2023-08-19,0856,N20,VIIRS,n,2,288.32,2.89,N,0
50.89479,-119.631,309.69,0.52,0.67,2023-08-19,0856,N20,VIIRS,n,2,287.87,3.48,N,0
50.89482,-119.63565,315.83,0.52,0.67,2023-08-19,0856,N20,VIIRS,n,2,286.86,3.48,N,0
50.89484,-119.64043,317.57,0.52,0.67,2023-08-19,0856,N20,VIIRS,n,2,286.41,7.04,N,0
50.89487,-119.64597,339.13,0.52,0.67,2023-08-19,0856,N20,VIIRS,n,2,291.94,7.04,N,0
50.8949,-119.65369,354.56,0.52,0.67,2023-08-19,0856,N20,VIIRS,n,2,293.64,8.39,N,0
50.89494,-119.66323,367,0.52,0.67,2023-08-19,0856,N20,VIIRS,h,2,286.22,8.39,N,0
50.89499,-119.67444,301.28,0.52,0.67,2023-08-19,0856,N20,VIIRS,n,2,282.02,5.72,N,0
50.89512,-119.70676,300.08,0.52,0.67,2023-08-19,0856,N20,VIIRS,n,2,280.71,1.25,N,0
50.89909,-119.57243,313.51,0.52,0.67,2023-08-19,0856,N20,VIIRS,n,2,288.37,3.07,N,0
50.89909,-119.57964,315.4,0.52,0.67,2023-08-19,0856,N20,VIIRS,n,2,289.35,3.07,N,0
50.8991,-119.58707,316.59,0.52,0.67,2023-08-19,0856,N20,VIIRS,n,2,290.14,3.17,N,0
50.8991,-119.5946,313.92,0.52,0.67,2023-08-19,0856,N20,VIIRS,n,2,289.91,3.17,N,0
50.89911,-119.60175,311.1,0.52,0.67,2023-08-19,0856,N20,VIIRS,n,2,288.09,2.66,N,0
50.89911,-119.60869,309.36,0.52,0.67,2023-08-19,0856,N20,VIIRS,n,2,287.76,2.66,N,0
50.89913,-119.70731,318.56,0.52,0.67,2023-08-19,0856,N20,VIIRS,n,2,283.28,7.14,N,0
50.89913,-119.71327,315.65,0.52,0.67,2023-08-19,0856,N20,VIIRS,n,2,282.8,3.15,N,0
50.89913,-119.71916,306.07,0.52,0.67,2023-08-19,0856,N20,VIIRS,n,2,282.59,3.15,N,0
50.89914,-119.63602,305.55,0.52,0.67,2023-08-19,0856,N20,VIIRS,n,2,285.24,3.91,N,0
50.89914,-119.6588,343.06,0.52,0.67,2023-08-19,0856,N20,VIIRS,n,2,290.33,10.01,N,0
50.89914,-119.66945,329.6,0.52,0.67,2023-08-19,0856,N20,VIIRS,n,2,284.27,10.23,N,0
50.89915,-119.64127,312.32,0.52,0.67,2023-08-19,0856,N20,VIIRS,n,2,285.61,3.91,N,0
50.89915,-119.6483,327.07,0.52,0.67,2023-08-19,0856,N20,VIIRS,n,2,289.17,10.01,N,0
50.90068,-119.56982,308.39,0.52,0.67,2023-08-19,0856,N20,VIIRS,n,2,287.62,3.84,N,0
50.90073,-119.57693,312.49,0.52,0.67,2023-08-19,0856,N20,VIIRS,n,2,288.47,2.37,N,0
50.90076,-119.58422,312.93,0.52,0.67,2023-08-19,0856,N20,VIIRS,n,2,288.77,2.37,N,0
50.9008,-119.59189,312.31,0.52,0.67,2023-08-19,0856,N20,VIIRS,n,2,289.62,2.5,N,0
50.90084,-119.5992,309.77,0.52,0.67,2023-08-19,0856,N20,VIIRS,n,2,288.25,2.5,N,0
50.90088,-119.60604,312.1,0.52,0.67,2023-08-19,0856,N20,VIIRS,n,2,287.5,2.62,N,0
50.90091,-119.61247,303.17,0.52,0.67,2023-08-19,0856,N20,VIIRS,n,2,286.94,2.62,N,0
50.90099,-119.6291,301.92,0.52,0.67,2023-08-19,0856,N20,VIIRS,n,2,285.19,2.06,N,0
50.90102,-119.63382,306.2,0.52,0.67,2023-08-19,0856,N20,VIIRS,n,2,284.13,2.06,N,0
50.90104,-119.63914,312.28,0.52,0.67,2023-08-19,0856,N20,VIIRS,n,2,285.49,3.14,N,0
50.90107,-119.64576,320.57,0.52,0.67,2023-08-19,0856,N20,VIIRS,n,2,286.7,3.14,N,0
50.90112,-119.65633,335.7,0.52,0.67,2023-08-19,0856,N20,VIIRS,n,2,289.52,4.33,N,0
50.90117,-119.66701,334.45,0.52,0.67,2023-08-19,0856,N20,VIIRS,n,2,284.83,4.33,N,0
50.90131,-119.6983,300.4,0.52,0.67,2023-08-19,0856,N20,VIIRS,n,2,283.08,17.02,N,0
50.90133,-119.70412,355,0.52,0.67,2023-08-19,0856,N20,VIIRS,n,2,289.34,51.16,N,0
50.90136,-119.70979,367,0.52,0.67,2023-08-19,0856,N20,VIIRS,h,2,292.91,51.16,N,0
50.90138,-119.71554,346.94,0.52,0.67,2023-08-19,0856,N20,VIIRS,n,2,283.95,21.82,N,0
50.90141,-119.72155,311.41,0.52,0.67,2023-08-19,0856,N20,VIIRS,n,2,281.97,21.82,N,0
50.90144,-119.72881,302.67,0.53,0.67,2023-08-19,0856,N20,VIIRS,n,2,280.48,11.34,N,0
50.90511,-119.46042,352.72,0.51,0.66,2023-08-19,0856,N20,VIIRS,n,2,286.22,8.08,N,0
50.90512,-119.46786,308.66,0.51,0.66,2023-08-19,0856,N20,VIIRS,n,2,284.03,5.84,N,0
50.90513,-119.47532,323.74,0.51,0.66,2023-08-19,0856,N20,VIIRS,n,2,285.4,5.84,N,0
50.90529,-119.57833,305.72,0.52,0.67,2023-08-19,0856,N20,VIIRS,n,2,286.76,4.76,N,0
50.90529,-119.58572,305.13,0.52,0.67,2023-08-19,0856,N20,VIIRS,n,2,286.74,2.94,N,0
50.90531,-119.60097,311.38,0.52,0.67,2023-08-19,0856,N20,VIIRS,n,2,288.4,2.82,N,0
50.90531,-119.60773,314.6,0.52,0.67,2023-08-19,0856,N20,VIIRS,n,2,288.02,2.82,N,0
50.90532,-119.61404,312.59,0.52,0.67,2023-08-19,0856,N20,VIIRS,n,2,288.36,3.07,N,0
50.90532,-119.61997,310.14,0.52,0.67,2023-08-19,0856,N20,VIIRS,n,2,287.48,3.07,N,0
50.90533,-119.62518,314.64,0.52,0.67,2023-08-19,0856,N20,VIIRS,n,2,287.59,2.66,N,0
50.90534,-119.63022,306.94,0.52,0.67,2023-08-19,0856,N20,VIIRS,n,2,285.67,2.66,N,0
50.90535,-119.63523,311.66,0.52,0.67,2023-08-19,0856,N20,VIIRS,n,2,285.27,2.48,N,0
50.90535,-119.64178,312.35,0.52,0.67,2023-08-19,0856,N20,VIIRS,n,2,284.76,2.48,N,0
50.90535,-119.65169,312.5,0.52,0.67,2023-08-19,0856,N20,VIIRS,n,2,285.46,5.22,N,0
50.90535,-119.66274,326.2,0.52,0.67,2023-08-19,0856,N20,VIIRS,n,2,286.99,5.22,N,0
50.90536,-119.69328,315.91,0.52,0.67,2023-08-19,0856,N20,VIIRS,n,2,284.62,14.72,N,0
50.90536,-119.69862,350.98,0.52,0.67,2023-08-19,0856,N20,VIIRS,n,2,297.98,51.26,N,0
50.90536,-119.70371,336.63,0.52,0.67,2023-08-19,0856,N20,VIIRS,n,2,311.37,51.26,N,0
50.90536,-119.7089,367,0.52,0.67,2023-08-19,0856,N20,VIIRS,h,2,298.23,42.21,N,0
50.90536,-119.72984,324.46,0.53,0.67,2023-08-19,0856,N20,VIIRS,n,2,280.46,20.75,N,0
50.90537,-119.71441,367,0.52,0.67,2023-08-19,0856,N20,VIIRS,h,2,291.15,42.21,N,0
50.90537,-119.72105,367,0.53,0.67,2023-08-19,0856,N20,VIIRS,h,2,288.27,20.75,N,0
50.90619,-119.45797,350.21,0.51,0.66,2023-08-19,0856,N20,VIIRS,n,2,286.77,6.72,N,0
50.90623,-119.46538,314.63,0.51,0.66,2023-08-19,0856,N20,VIIRS,n,2,284.57,6.72,N,0
50.90628,-119.47282,329.46,0.51,0.66,2023-08-19,0856,N20,VIIRS,n,2,287.18,3.42,N,0
50.90633,-119.48031,311.31,0.51,0.66,2023-08-19,0856,N20,VIIRS,n,2,283.61,3.42,N,0
50.9069,-119.57533,303.49,0.52,0.67,2023-08-19,0856,N20,VIIRS,n,2,286.88,2.37,N,0
50.90694,-119.58253,308.27,0.52,0.67,2023-08-19,0856,N20,VIIRS,n,2,287.3,2.37,N,0
50.90699,-119.59026,305.47,0.52,0.67,2023-08-19,0856,N20,VIIRS,n,2,286.46,2.5,N,0
50.90703,-119.5981,309.21,0.52,0.67,2023-08-19,0856,N20,VIIRS,n,2,288.08,2.5,N,0
50.90707,-119.60538,316.84,0.52,0.67,2023-08-19,0856,N20,VIIRS,n,2,288.98,2.62,N,0
50.9071,-119.61206,316.74,0.52,0.67,2023-08-19,0856,N20,VIIRS,n,2,288.95,2.62,N,0
50.90714,-119.61825,312.63,0.52,0.67,2023-08-19,0856,N20,VIIRS,n,2,287.7,4.36,N,0
50.90717,-119.62386,317.2,0.52,0.67,2023-08-19,0856,N20,VIIRS,n,2,288.8,4.36,N,0
50.90719,-119.6291,305.13,0.52,0.67,2023-08-19,0856,N20,VIIRS,n,2,285.73,2.06,N,0
50.90722,-119.63433,311.03,0.52,0.67,2023-08-19,0856,N20,VIIRS,n,2,285.58,2.06,N,0
50.90725,-119.64067,311.24,0.52,0.67,2023-08-19,0856,N20,VIIRS,n,2,284.36,3.14,N,0
50.90729,-119.64942,307.16,0.52,0.67,2023-08-19,0856,N20,VIIRS,n,2,284.84,3.14,N,0
50.90734,-119.66034,317.63,0.52,0.67,2023-08-19,0856,N20,VIIRS,n,2,286.98,4.33,N,0
50.90739,-119.66908,306.84,0.52,0.67,2023-08-19,0856,N20,VIIRS,n,2,284.09,4.33,N,0
50.90749,-119.69036,308.26,0.52,0.67,2023-08-19,0856,N20,VIIRS,n,2,283.67,17.02,N,0
50.90751,-119.69572,350.63,0.52,0.67,2023-08-19,0856,N20,VIIRS,n,2,295.28,17.02,N,0
50.90754,-119.70057,336.83,0.52,0.67,2023-08-19,0856,N20,VIIRS,n,2,306.57,51.16,N,0
50.90756,-119.70534,367,0.52,0.67,2023-08-19,0856,N20,VIIRS,h,2,294.89,51.16,N,0
50.90758,-119.71053,367,0.52,0.67,2023-08-19,0856,N20,VIIRS,h,2,292.2,21.82,N,0
50.9076,-119.71661,367,0.52,0.67,2023-08-19,0856,N20,VIIRS,h,2,293.52,21.82,N,0
50.90764,-119.72497,345.56,0.53,0.67,2023-08-19,0856,N20,VIIRS,n,2,282.16,11.34,N,0
50.91127,-119.46009,324.28,0.51,0.66,2023-08-19,0856,N20,VIIRS,n,2,285.5,8.08,N,0
50.91129,-119.46749,323.93,0.51,0.66,2023-08-19,0856,N20,VIIRS,n,2,286.32,5.84,N,0
50.9113,-119.47497,331.12,0.51,0.66,2023-08-19,0856,N20,VIIRS,n,2,288.37,5.84,N,0
50.91132,-119.48248,344.59,0.51,0.66,2023-08-19,0856,N20,VIIRS,n,2,288.44,14.26,N,0
50.91148,-119.58318,305.5,0.52,0.67,2023-08-19,0856,N20,VIIRS,n,2,286.37,2.94,N,0
50.91149,-119.59112,315.86,0.52,0.67,2023-08-19,0856,N20,VIIRS,n,2,288.94,2.94,N,0
50.91151,-119.59924,308.86,0.52,0.67,2023-08-19,0856,N20,VIIRS,n,2,287.19,2.82,N,0
50.91151,-119.6075,313.34,0.52,0.67,2023-08-19,0856,N20,VIIRS,n,2,288.47,2.82,N,0
50.91152,-119.61481,319.34,0.52,0.67,2023-08-19,0856,N20,VIIRS,n,2,289.29,3.07,N,0
50.91153,-119.62116,313.71,0.52,0.67,2023-08-19,0856,N20,VIIRS,n,2,287.4,3.07,N,0
50.91153,-119.62702,311.95,0.52,0.67,2023-08-19,0856,N20,VIIRS,n,2,287.72,2.66,N,0
50.91154,-119.63281,307.24,0.52,0.67,2023-08-19,0856,N20,VIIRS,n,2,286.04,2.66,N,0
50.91155,-119.63924,314.12,0.52,0.67,2023-08-19,0856,N20,VIIRS,n,2,286.61,2.48,N,0
50.91155,-119.64719,306.19,0.52,0.67,2023-08-19,0856,N20,VIIRS,n,2,284.66,2.48,N,0
50.91156,-119.67213,311.33,0.52,0.67,2023-08-19,0856,N20,VIIRS,n,2,287.48,6.22,N,0
50.91158,-119.69067,332.83,0.52,0.67,2023-08-19,0856,N20,VIIRS,n,2,286.58,14.72,N,0
50.91158,-119.69537,367,0.52,0.67,2023-08-19,0856,N20,VIIRS,h,2,296.52,51.26,N,0
50.91159,-119.69971,367,0.52,0.67,2023-08-19,0856,N20,VIIRS,h,2,294.59,51.26,N,0
50.91159,-119.70413,350.1,0.52,0.67,2023-08-19,0856,N20,VIIRS,n,2,289.39,42.21,N,0
50.91159,-119.72668,313.74,0.53,0.67,2023-08-19,0856,N20,VIIRS,n,2,279.91,20.75,N,0
50.9116,-119.70885,367,0.52,0.67,2023-08-19,0856,N20,VIIRS,h,2,295.27,42.21,N,0
50.91161,-119.71514,367,0.53,0.67,2023-08-19,0856,N20,VIIRS,h,2,294.27,20.75,N,0
50.91235,-119.45763,322.22,0.51,0.66,2023-08-19,0856,N20,VIIRS,n,2,284.57,2.8,N,0
50.9124,-119.46505,322.6,0.51,0.66,2023-08-19,0856,N20,VIIRS,n,2,285.89,2.8,N,0
50.91245,-119.47248,324.56,0.51,0.66,2023-08-19,0856,N20,VIIRS,n,2,287.06,5.33,N,0
50.91249,-119.47998,348.46,0.51,0.66,2023-08-19,0856,N20,VIIRS,n,2,290.15,5.33,N,0
50.91255,-119.48741,306.05,0.51,0.66,2023-08-19,0856,N20,VIIRS,n,2,283.75,3.89,N,0
50.91316,-119.58783,317.15,0.52,0.67,2023-08-19,0856,N20,VIIRS,n,2,288.5,3.44,N,0
50.91321,-119.59571,309.72,0.52,0.67,2023-08-19,0856,N20,VIIRS,n,2,286.64,3.44,N,0
50.91326,-119.60422,310.34,0.52,0.67,2023-08-19,0856,N20,VIIRS,n,2,287.31,3.05,N,0
50.9133,-119.61225,317.39,0.52,0.67,2023-08-19,0856,N20,VIIRS,n,2,288.48,3.05,N,0
50.91334,-119.61928,313.98,0.52,0.67,2023-08-19,0856,N20,VIIRS,n,2,287.11,2.65,N,0
50.91338,-119.62563,313.04,0.52,0.67,2023-08-19,0856,N20,VIIRS,n,2,287.74,2.65,N,0
50.91341,-119.63167,308.81,0.52,0.67,2023-08-19,0856,N20,VIIRS,n,2,286.51,2.94,N,0
50.91344,-119.63815,313.67,0.52,0.67,2023-08-19,0856,N20,VIIRS,n,2,285.99,2.94,N,0
50.91348,-119.64569,308.14,0.52,0.67,2023-08-19,0856,N20,VIIRS,n,2,285.39,2.05,N,0
50.91352,-119.65426,303.69,0.52,0.67,2023-08-19,0856,N20,VIIRS,n,2,285.48,2.05,N,0
50.91357,-119.66212,306.42,0.52,0.67,2023-08-19,0856,N20,VIIRS,n,2,286.31,2.33,N,0
50.9136,-119.66946,315.33,0.52,0.67,2023-08-19,0856,N20,VIIRS,n,2,287.94,2.33,N,0
50.91364,-119.6765,302.22,0.52,0.67,2023-08-19,0856,N20,VIIRS,n,2,284.62,3.89,N,0
50.9137,-119.68801,317.23,0.52,0.67,2023-08-19,0856,N20,VIIRS,n,2,285.19,10.3,N,0
50.91372,-119.69271,367,0.52,0.67,2023-08-19,0856,N20,VIIRS,h,2,297.02,10.3,N,0
50.91373,-119.6971,350.17,0.52,0.67,2023-08-19,0856,N20,VIIRS,n,2,289.49,14.43,N,0
50.91376,-119.70139,338.33,0.52,0.67,2023-08-19,0856,N20,VIIRS,n,2,289.28,14.43,N,0
50.91378,-119.70586,354.18,0.52,0.67,2023-08-19,0856,N20,VIIRS,n,2,292.98,23.98,N,0
50.9138,-119.71127,353.39,0.52,0.67,2023-08-19,0856,N20,VIIRS,n,2,299.93,23.98,N,0
50.91385,-119.71994,335.18,0.53,0.67,2023-08-19,0856,N20,VIIRS,n,2,279.81,23.82,N,0
50.91739,-119.44241,305.9,0.51,0.66,2023-08-19,0856,N20,VIIRS,n,2,284.43,3.46,N,0
50.91745,-119.46711,316.86,0.51,0.66,2023-08-19,0856,N20,VIIRS,n,2,285.55,3.69,N,0
50.91747,-119.47456,317.78,0.51,0.66,2023-08-19,0856,N20,VIIRS,n,2,286.65,3.69,N,0
50.91748,-119.4818,325.48,0.51,0.66,2023-08-19,0856,N20,VIIRS,n,2,286.29,3.31,N,0
50.9175,-119.48878,325.33,0.51,0.66,2023-08-19,0856,N20,VIIRS,n,2,285.03,3.31,N,0
50.91753,-119.50286,305.22,0.51,0.66,2023-08-19,0856,N20,VIIRS,n,2,282.4,3.3,N,0
50.91756,-119.51694,301.88,0.51,0.66,2023-08-19,0856,N20,VIIRS,n,2,283.02,4.5,N,0
50.91758,-119.52394,323.39,0.51,0.66,2023-08-19,0856,N20,VIIRS,n,2,283.87,6.01,N,0
50.91759,-119.53098,334.5,0.51,0.66,2023-08-19,0856,N20,VIIRS,n,2,283.4,6.01,N,0
50.91769,-119.58883,305.9,0.52,0.67,2023-08-19,0856,N20,VIIRS,n,2,286.29,2.92,N,0
50.9177,-119.59619,327.42,0.52,0.67,2023-08-19,0856,N20,VIIRS,n,2,288.99,3.34,N,0
50.91771,-119.60448,311.77,0.52,0.67,2023-08-19,0856,N20,VIIRS,n,2,286.42,3.34,N,0
50.91772,-119.6131,309.67,0.52,0.67,2023-08-19,0856,N20,VIIRS,n,2,286.89,2.33,N,0
50.91773,-119.6216,308.89,0.52,0.67,2023-08-19,0856,N20,VIIRS,n,2,287.11,2.33,N,0
50.91774,-119.62897,313.27,0.52,0.67,2023-08-19,0856,N20,VIIRS,n,2,287.49,2.8,N,0
50.91774,-119.63591,305.11,0.52,0.67,2023-08-19,0856,N20,VIIRS,n,2,285.96,2.8,N,0
50.91776,-119.65037,307.21,0.52,0.67,2023-08-19,0856,N20,VIIRS,n,2,286.29,2.85,N,0
50.91777,-119.65723,310.26,0.52,0.67,2023-08-19,0856,N20,VIIRS,n,2,286.02,2.46,N,0
50.91777,-119.66405,311.43,0.52,0.67,2023-08-19,0856,N20,VIIRS,n,2,286.29,2.46,N,0
50.91778,-119.67112,313.3,0.52,0.67,2023-08-19,0856,N20,VIIRS,n,2,286.94,7.47,N,0
50.9178,-119.68754,323.2,0.52,0.67,2023-08-19,0856,N20,VIIRS,n,2,287.16,8.13,N,0
50.9178,-119.69191,313.88,0.52,0.67,2023-08-19,0856,N20,VIIRS,n,2,286.39,7.66,N,0
50.91781,-119.69608,308.29,0.52,0.67,2023-08-19,0856,N20,VIIRS,n,2,285.36,7.66,N,0
50.91782,-119.70043,338.78,0.52,0.67,2023-08-19,0856,N20,VIIRS,n,2,290.2,62.49,N,0
50.91783,-119.70528,353.45,0.52,0.67,2023-08-19,0856,N20,VIIRS,n,2,291.51,62.49,N,0
50.91783,-119.71127,348.19,0.53,0.67,2023-08-19,0856,N20,VIIRS,n,2,283.63,20.54,N,0
50.91838,-119.43934,306.91,0.51,0.66,2023-08-19,0856,N20,VIIRS,n,2,284.67,1.78,N,0
50.91843,-119.44756,300.46,0.51,0.66,2023-08-19,0856,N20,VIIRS,n,2,284.46,1.78,N,0
50.9185,-119.45683,300.66,0.51,0.66,2023-08-19,0856,N20,VIIRS,n,2,284.09,2.8,N,0
50.91856,-119.46465,314.26,0.51,0.66,2023-08-19,0856,N20,VIIRS,n,2,285.46,2.8,N,0
50.91861,-119.47214,313.41,0.51,0.66,2023-08-19,0856,N20,VIIRS,n,2,286.3,5.33,N,0
50.91866,-119.47942,321.12,0.51,0.66,2023-08-19,0856,N20,VIIRS,n,2,286.82,5.33,N,0
50.9187,-119.48637,325.98,0.51,0.66,2023-08-19,0856,N20,VIIRS,n,2,286.14,3.89,N,0
50.91875,-119.49311,312.56,0.51,0.66,2023-08-19,0856,N20,VIIRS,n,2,284.41,3.89,N,0
50.9188,-119.50002,307.23,0.51,0.66,2023-08-19,0856,N20,VIIRS,n,2,283.46,1.94,N,0
50.91885,-119.507,303.47,0.51,0.66,2023-08-19,0856,N20,VIIRS,n,2,282.97,1.94,N,0
50.91889,-119.51392,299.75,0.51,0.66,2023-08-19,0856,N20,VIIRS,n,2,283.03,3.96,N,0
50.91894,-119.52096,323.92,0.51,0.66,2023-08-19,0856,N20,VIIRS,n,2,285.09,3.96,N,0
50.91898,-119.52795,345.49,0.51,0.66,2023-08-19,0856,N20,VIIRS,n,2,286.19,5.1,N,0
50.91903,-119.53518,302.28,0.51,0.66,2023-08-19,0856,N20,VIIRS,n,2,282.21,5.1,N,0
50.91938,-119.59303,319.64,0.52,0.67,2023-08-19,0856,N20,VIIRS,n,2,288.93,3.44,N,0
50.91943,-119.60065,319.7,0.52,0.67,2023-08-19,0856,N20,VIIRS,n,2,287.95,3.05,N,0
50.91948,-119.60903,306.92,0.52,0.67,2023-08-19,0856,N20,VIIRS,n,2,286.51,3.05,N,0
50.91954,-119.61856,308.85,0.52,0.67,2023-08-19,0856,N20,VIIRS,n,2,287.23,2.65,N,0
50.91958,-119.62702,311.42,0.52,0.67,2023-08-19,0856,N20,VIIRS,n,2,287.81,2.65,N,0
50.91963,-119.63433,304.56,0.52,0.67,2023-08-19,0856,N20,VIIRS,n,2,286.3,2.94,N,0
50.9197,-119.64863,307.3,0.52,0.67,2023-08-19,0856,N20,VIIRS,n,2,286.61,2.05,N,0
50.91973,-119.65512,310.23,0.52,0.67,2023-08-19,0856,N20,VIIRS,n,2,285.73,2.05,N,0
50.91977,-119.6616,310.03,0.52,0.67,2023-08-19,0856,N20,VIIRS,n,2,286.09,2.33,N,0
50.91981,-119.66841,309.71,0.52,0.67,2023-08-19,0856,N20,VIIRS,n,2,286.98,2.33,N,0
50.91985,-119.67503,304.83,0.52,0.67,2023-08-19,0856,N20,VIIRS,n,2,286.09,3.89,N,0
50.9199,-119.68516,307.23,0.52,0.67,2023-08-19,0856,N20,VIIRS,n,2,286.87,10.3,N,0
50.91992,-119.68941,300.15,0.52,0.67,2023-08-19,0856,N20,VIIRS,n,2,285.26,10.3,N,0
50.91994,-119.69349,308.81,0.52,0.67,2023-08-19,0856,N20,VIIRS,n,2,284.99,14.43,N,0
50.91996,-119.69777,346.25,0.52,0.67,2023-08-19,0856,N20,VIIRS,n,2,290.51,14.43,N,0
50.91998,-119.70242,367,0.52,0.67,2023-08-19,0856,N20,VIIRS,h,2,295.63,23.98,N,0
50.92001,-119.70804,353.61,0.52,0.67,2023-08-19,0856,N20,VIIRS,n,2,286.04,23.98,N,0
50.92363,-119.47388,308.38,0.51,0.66,2023-08-19,0856,N20,VIIRS,n,2,285.4,3.69,N,0
50.92365,-119.48043,307.95,0.51,0.66,2023-08-19,0856,N20,VIIRS,n,2,285.02,3.31,N,0
50.92366,-119.48653,305.17,0.51,0.66,2023-08-19,0856,N20,VIIRS,n,2,285.4,3.31,N,0
50.92368,-119.49271,319.93,0.51,0.66,2023-08-19,0856,N20,VIIRS,n,2,285.85,3.3,N,0
50.9237,-119.49939,311.77,0.51,0.66,2023-08-19,0856,N20,VIIRS,n,2,285.3,3.3,N,0
50.92372,-119.5063,310.18,0.51,0.66,2023-08-19,0856,N20,VIIRS,n,2,284.03,4.5,N,0
50.92374,-119.51311,320.4,0.51,0.66,2023-08-19,0856,N20,VIIRS,n,2,284.86,4.5,N,0
50.92375,-119.5203,344.94,0.51,0.66,2023-08-19,0856,N20,VIIRS,n,2,288.36,6.01,N,0
50.92377,-119.52778,329.88,0.51,0.66,2023-08-19,0856,N20,VIIRS,n,2,287.5,6.01,N,0
50.92378,-119.5355,325.81,0.51,0.66,2023-08-19,0856,N20,VIIRS,n,2,285.41,8.42,N,0
50.9239,-119.60076,304.47,0.52,0.67,2023-08-19,0856,N20,VIIRS,n,2,286.14,3.34,N,0
50.92392,-119.60877,312.68,0.52,0.67,2023-08-19,0856,N20,VIIRS,n,2,286.97,2.33,N,0
50.92393,-119.6181,307.55,0.52,0.67,2023-08-19,0856,N20,VIIRS,n,2,286.73,2.33,N,0
50.92394,-119.62761,306.53,0.52,0.67,2023-08-19,0856,N20,VIIRS,n,2,286.77,2.8,N,0
50.92396,-119.64505,305.56,0.52,0.67,2023-08-19,0856,N20,VIIRS,n,2,287.79,2.85,N,0
50.92397,-119.6515,309.39,0.52,0.67,2023-08-19,0856,N20,VIIRS,n,2,286.63,2.85,N,0
50.92397,-119.65752,312.35,0.52,0.67,2023-08-19,0856,N20,VIIRS,n,2,286.87,2.46,N,0
50.92398,-119.66374,308.25,0.52,0.67,2023-08-19,0856,N20,VIIRS,n,2,286.04,2.46,N,0
50.92403,-119.68934,304.18,0.52,0.67,2023-08-19,0856,N20,VIIRS,n,2,284.18,7.66,N,0
50.92403,-119.69344,334.46,0.52,0.67,2023-08-19,0856,N20,VIIRS,n,2,290.46,7.66,N,0
50.92405,-119.70273,367,0.52,0.67,2023-08-19,0856,N20,VIIRS,h,2,295.26,62.49,N,0
50.92406,-119.70927,346.4,0.53,0.67,2023-08-19,0856,N20,VIIRS,n,2,282.28,20.54,N,0
50.92464,-119.4546,300.67,0.51,0.66,2023-08-19,0856,N20,VIIRS,n,2,283.98,1.11,N,0
50.92471,-119.46405,301.58,0.51,0.66,2023-08-19,0856,N20,VIIRS,n,2,284.46,1.11,N,0
50.92477,-119.47153,306.02,0.51,0.66,2023-08-19,0856,N20,VIIRS,n,2,285.15,1.91,N,0
50.92482,-119.47818,307.94,0.51,0.66,2023-08-19,0856,N20,VIIRS,n,2,284.46,1.91,N,0
50.92486,-119.48418,303.29,0.51,0.66,2023-08-19,0856,N20,VIIRS,n,2,285.3,1.6,N,0
50.9249,-119.49002,311.45,0.51,0.66,2023-08-19,0856,N20,VIIRS,n,2,285.42,1.6,N,0
50.92494,-119.49622,307.1,0.51,0.66,2023-08-19,0856,N20,VIIRS,n,2,284.85,2.33,N,0
50.92499,-119.50326,304.42,0.51,0.66,2023-08-19,0856,N20,VIIRS,n,2,284.21,2.33,N,0
50.92504,-119.50998,321.22,0.51,0.66,2023-08-19,0856,N20,VIIRS,n,2,284.44,5.04,N,0
50.92509,-119.51705,347.16,0.51,0.66,2023-08-19,0856,N20,VIIRS,n,2,288.34,5.04,N,0
50.92514,-119.52453,324.74,0.51,0.66,2023-08-19,0856,N20,VIIRS,n,2,287.35,3.82,N,0
50.92519,-119.53234,328.96,0.51,0.66,2023-08-19,0856,N20,VIIRS,n,2,286.47,3.82,N,0
50.92524,-119.53988,313.5,0.51,0.66,2023-08-19,0856,N20,VIIRS,n,2,283.06,2.55,N,0
50.92566,-119.60493,312.02,0.52,0.67,2023-08-19,0856,N20,VIIRS,n,2,285.97,3.23,N,0
50.9257,-119.61322,304.4,0.52,0.67,2023-08-19,0856,N20,VIIRS,n,2,285.96,2.55,N,0
50.92576,-119.62248,306.28,0.52,0.67,2023-08-19,0856,N20,VIIRS,n,2,286.02,2.55,N,0
50.92582,-119.63276,307.45,0.52,0.67,2023-08-19,0856,N20,VIIRS,n,2,286.91,3.08,N,0
50.92588,-119.64249,306.39,0.52,0.67,2023-08-19,0856,N20,VIIRS,n,2,287.41,3.08,N,0
50.92591,-119.64963,309.74,0.52,0.67,2023-08-19,0856,N20,VIIRS,n,2,287.3,2.87,N,0
50.92595,-119.65571,309.34,0.52,0.67,2023-08-19,0856,N20,VIIRS,n,2,286.67,2.87,N,0
50.92599,-119.66169,312.04,0.52,0.67,2023-08-19,0856,N20,VIIRS,n,2,286.11,2.02,N,0
50.92602,-119.66805,303.83,0.52,0.67,2023-08-19,0856,N20,VIIRS,n,2,285.92,2.02,N,0
50.92605,-119.67392,303.85,0.52,0.67,2023-08-19,0856,N20,VIIRS,n,2,285.15,2.66,N,0
50.92612,-119.68742,301.06,0.52,0.67,2023-08-19,0856,N20,VIIRS,n,2,284.21,4.12,N,0
50.92614,-119.69148,320.89,0.52,0.67,2023-08-19,0856,N20,VIIRS,n,2,287.7,17.66,N,0
50.92616,-119.69577,353.41,0.52,0.67,2023-08-19,0856,N20,VIIRS,n,2,296.47,17.66,N,0
50.92619,-119.70049,367,0.52,0.67,2023-08-19,0856,N20,VIIRS,h,2,301.59,36.52,N,0
50.92622,-119.70632,321.77,0.52,0.67,2023-08-19,0856,N20,VIIRS,n,2,279.39,36.52,N,0
50.9296,-119.41322,308.98,0.51,0.66,2023-08-19,0856,N20,VIIRS,n,2,285.27,3.24,N,0
50.92963,-119.41867,303.23,0.51,0.66,2023-08-19,0856,N20,VIIRS,n,2,284.83,3.4,N,0
50.92992,-119.5162,304.89,0.51,0.66,2023-08-19,0856,N20,VIIRS,n,2,283.99,1.87,N,0
50.92994,-119.52409,303.04,0.51,0.66,2023-08-19,0856,N20,VIIRS,n,2,284.24,1.87,N,0
50.92996,-119.5325,312.23,0.51,0.66,2023-08-19,0856,N20,VIIRS,n,2,285.25,2.89,N,0
50.92998,-119.54025,313.07,0.52,0.66,2023-08-19,0856,N20,VIIRS,n,2,284.2,2.89,N,0
50.93014,-119.62135,311.69,0.52,0.67,2023-08-19,0856,N20,VIIRS,n,2,285.67,4.54,N,0
50.93016,-119.63385,322.23,0.52,0.67,2023-08-19,0856,N20,VIIRS,n,2,286.56,4.54,N,0
50.93016,-119.64529,316.59,0.52,0.67,2023-08-19,0856,N20,VIIRS,n,2,287.74,4.56,N,0
50.9302,-119.66401,307.4,0.52,0.67,2023-08-19,0856,N20,VIIRS,n,2,286.1,3.58,N,0
50.93021,-119.67009,305.61,0.52,0.67,2023-08-19,0856,N20,VIIRS,n,2,286.23,3.52,N,0
50.93022,-119.67538,306.07,0.52,0.67,2023-08-19,0856,N20,VIIRS,n,2,284.9,3.52,N,0
50.93025,-119.69259,307.23,0.52,0.67,2023-08-19,0856,N20,VIIRS,n,2,283.64,4.42,N,0
50.93026,-119.69695,318.65,0.52,0.67,2023-08-19,0856,N20,VIIRS,n,2,283.19,3.2,N,0
50.93027,-119.70209,346.46,0.52,0.67,2023-08-19,0856,N20,VIIRS,n,2,281.98,3.2,N,0
50.93047,-119.4112,311.32,0.51,0.66,2023-08-19,0856,N20,VIIRS,n,2,285.25,1.7,N,0
50.93051,-119.41677,306.82,0.51,0.66,2023-08-19,0856,N20,VIIRS,n,2,285.56,1.7,N,0
50.93077,-119.45084,297.62,0.51,0.66,2023-08-19,0856,N20,VIIRS,n,2,283.87,1.11,N,0
50.93087,-119.46299,300.82,0.51,0.66,2023-08-19,0856,N20,VIIRS,n,2,284.5,1.11,N,0
50.93097,-119.47625,301.3,0.51,0.66,2023-08-19,0856,N20,VIIRS,n,2,284.92,1.91,N,0
50.931,-119.4815,300.83,0.51,0.66,2023-08-19,0856,N20,VIIRS,n,2,284.93,1.6,N,0
50.93104,-119.48667,302.9,0.51,0.66,2023-08-19,0856,N20,VIIRS,n,2,284.76,1.6,N,0
50.93108,-119.49213,302.74,0.51,0.66,2023-08-19,0856,N20,VIIRS,n,2,284.99,2.33,N,0
50.93123,-119.51319,300.15,0.51,0.66,2023-08-19,0856,N20,VIIRS,n,2,283.58,5.04,N,0
50.93129,-119.52074,299.3,0.51,0.66,2023-08-19,0856,N20,VIIRS,n,2,283.6,3.82,N,0
50.93134,-119.52927,304.56,0.51,0.66,2023-08-19,0856,N20,VIIRS,n,2,284.28,3.82,N,0
50.9314,-119.53745,308.63,0.51,0.66,2023-08-19,0856,N20,VIIRS,n,2,285.09,2.55,N,0
50.93145,-119.54443,303.38,0.52,0.66,2023-08-19,0856,N20,VIIRS,n,2,282.93,2.55,N,0
50.93193,-119.61794,311.5,0.52,0.67,2023-08-19,0856,N20,VIIRS,n,2,285.83,2.55,N,0
50.93199,-119.62815,320.55,0.52,0.67,2023-08-19,0856,N20,VIIRS,n,2,286.41,3.08,N,0
50.93208,-119.64164,326.56,0.52,0.67,2023-08-19,0856,N20,VIIRS,n,2,288.55,3.08,N,0
50.93213,-119.64996,304.26,0.52,0.67,2023-08-19,0856,N20,VIIRS,n,2,286.88,2.87,N,0
50.9322,-119.66231,301.4,0.52,0.67,2023-08-19,0856,N20,VIIRS,n,2,285.47,2.02,N,0
50.93223,-119.66829,305.88,0.52,0.67,2023-08-19,0856,N20,VIIRS,n,2,286.2,2.02,N,0
50.93226,-119.67381,306.62,0.52,0.67,2023-08-19,0856,N20,VIIRS,n,2,285.2,2.66,N,0
50.93236,-119.69164,302.29,0.52,0.67,2023-08-19,0856,N20,VIIRS,n,2,282.79,17.66,N,0
50.93238,-119.69618,311.83,0.52,0.67,2023-08-19,0856,N20,VIIRS,n,2,283.04,17.66,N,0
50.93241,-119.701,348.38,0.52,0.67,2023-08-19,0856,N20,VIIRS,n,2,284.78,36.52,N,0
50.93575,-119.41127,310.09,0.51,0.66,2023-08-19,0856,N20,VIIRS,n,2,286.12,3.24,N,0
50.93577,-119.41668,323.85,0.51,0.66,2023-08-19,0856,N20,VIIRS,n,2,287.48,3.4,N,0
50.9358,-119.4222,323.36,0.51,0.66,2023-08-19,0856,N20,VIIRS,n,2,286.36,3.4,N,0
50.9359,-119.45103,305.79,0.51,0.66,2023-08-19,0856,N20,VIIRS,n,2,283.93,5.71,N,0
50.93603,-119.4909,306.23,0.51,0.66,2023-08-19,0856,N20,VIIRS,n,2,284.18,5.65,N,0
50.93609,-119.51295,306.58,0.51,0.66,2023-08-19,0856,N20,VIIRS,n,2,283.14,1.87,N,0
50.93623,-119.56633,304.41,0.52,0.67,2023-08-19,0856,N20,VIIRS,n,2,283.78,3.19,N,0
50.93625,-119.57407,329.77,0.52,0.67,2023-08-19,0856,N20,VIIRS,n,2,284.19,3.38,N,0
50.93626,-119.5823,303.29,0.52,0.67,2023-08-19,0856,N20,VIIRS,n,2,283.98,3.38,N,0
50.93628,-119.59032,306.61,0.52,0.67,2023-08-19,0856,N20,VIIRS,n,2,282.53,2.06,N,0
50.93637,-119.64384,315.57,0.52,0.67,2023-08-19,0856,N20,VIIRS,n,2,287.1,4.56,N,0
50.93641,-119.66483,310.66,0.52,0.67,2023-08-19,0856,N20,VIIRS,n,2,286.91,3.58,N,0
50.93648,-119.6993,299.98,0.52,0.67,2023-08-19,0856,N20,VIIRS,n,2,282.13,3.2,N,0
50.93649,-119.70394,299.51,0.52,0.67,2023-08-19,0856,N20,VIIRS,n,2,280.83,3.2,N,0
50.9417,-119.36242,298.07,0.51,0.66,2023-08-19,0856,N20,VIIRS,n,2,284.28,4.14,N,0
50.94189,-119.40844,312.21,0.51,0.66,2023-08-19,0856,N20,VIIRS,n,2,286.87,3.96,N,0
50.94192,-119.41392,316.19,0.51,0.66,2023-08-19,0856,N20,VIIRS,n,2,286.09,4.77,N,0
50.94194,-119.41938,324.53,0.51,0.66,2023-08-19,0856,N20,VIIRS,n,2,287.6,4.77,N,0
50.94197,-119.42565,322.15,0.51,0.66,2023-08-19,0856,N20,VIIRS,n,2,286.69,3.32,N,0
50.94199,-119.43289,309.97,0.51,0.66,2023-08-19,0856,N20,VIIRS,n,2,284.57,3.32,N,0
50.94246,-119.58049,300.63,0.52,0.67,2023-08-19,0856,N20,VIIRS,n,2,282.93,1.89,N,0
50.94258,-119.64204,321.51,0.52,0.67,2023-08-19,0856,N20,VIIRS,n,2,286.78,2.32,N,0
50.9426,-119.65169,308.05,0.52,0.67,2023-08-19,0856,N20,VIIRS,n,2,286.19,2.32,N,0
50.9427,-119.7028,308.59,0.52,0.67,2023-08-19,0856,N20,VIIRS,n,2,283.39,2.19,N,0
50.94779,-119.35403,317.86,0.51,0.66,2023-08-19,0856,N20,VIIRS,n,2,285.67,6.67,N,0
50.94783,-119.3609,353.17,0.51,0.66,2023-08-19,0856,N20,VIIRS,n,2,286.7,4.14,N,0
50.94786,-119.36752,312.31,0.51,0.66,2023-08-19,0856,N20,VIIRS,n,2,286.18,4.14,N,0
50.94789,-119.37403,305.39,0.51,0.66,2023-08-19,0856,N20,VIIRS,n,2,284.86,3.83,N,0
50.948,-119.39931,310.11,0.51,0.66,2023-08-19,0856,N20,VIIRS,n,2,284.29,3.96,N,0
50.94803,-119.40534,334.69,0.51,0.66,2023-08-19,0856,N20,VIIRS,n,2,285.67,3.96,N,0
50.94806,-119.41113,303.61,0.51,0.66,2023-08-19,0856,N20,VIIRS,n,2,284.35,4.77,N,0
50.94811,-119.42277,315.09,0.51,0.66,2023-08-19,0856,N20,VIIRS,n,2,285.48,3.32,N,0
50.94814,-119.42976,316.95,0.51,0.66,2023-08-19,0856,N20,VIIRS,n,2,286.29,3.32,N,0
50.94817,-119.43932,317.11,0.51,0.66,2023-08-19,0856,N20,VIIRS,n,2,285.84,4.44,N,0
50.94822,-119.45325,309.21,0.51,0.66,2023-08-19,0856,N20,VIIRS,n,2,283.92,4.44,N,0
50.94878,-119.63931,308.36,0.52,0.67,2023-08-19,0856,N20,VIIRS,n,2,284.51,2.32,N,0
50.9489,-119.69537,301.92,0.52,0.67,2023-08-19,0856,N20,VIIRS,n,2,284.3,2.34,N,0
50.94891,-119.70083,303.22,0.52,0.67,2023-08-19,0856,N20,VIIRS,n,2,284.49,2.34,N,0
50.95378,-119.32466,295.47,0.5,0.66,2023-08-19,0856,N20,VIIRS,n,2,284.45,0.91,N,0
50.95393,-119.35271,299.1,0.51,0.66,2023-08-19,0856,N20,VIIRS,n,2,282.53,2.34,N,0
50.95412,-119.39146,309.47,0.51,0.66,2023-08-19,0856,N20,VIIRS,n,2,284.91,3.72,N,0
50.95414,-119.39736,303.04,0.51,0.66,2023-08-19,0856,N20,VIIRS,n,2,284.05,2.05,N,0
50.95417,-119.40344,301.2,0.51,0.66,2023-08-19,0856,N20,VIIRS,n,2,284.26,2.05,N,0
50.9542,-119.40946,308.58,0.51,0.66,2023-08-19,0856,N20,VIIRS,n,2,285.59,3.1,N,0
50.95423,-119.41526,301.89,0.51,0.66,2023-08-19,0856,N20,VIIRS,n,2,283.05,3.1,N,0
50.95452,-119.48439,307.67,0.51,0.66,2023-08-19,0856,N20,VIIRS,n,2,280,3.69,N,0
50.9551,-119.68669,300.64,0.52,0.67,2023-08-19,0856,N20,VIIRS,n,2,285.4,3.47,N,0
50.95515,-119.70982,312.54,0.52,0.67,2023-08-19,0856,N20,VIIRS,n,2,284.43,2.29,N,0
50.96002,-119.34465,334.76,0.5,0.66,2023-08-19,0856,N20,VIIRS,n,2,286.68,2.34,N,0
50.96006,-119.35157,300.26,0.51,0.66,2023-08-19,0856,N20,VIIRS,n,2,284.46,2.34,N,0
50.9603,-119.39992,303.35,0.51,0.66,2023-08-19,0856,N20,VIIRS,n,2,284.42,2.05,N,0
50.96041,-119.42204,307.51,0.51,0.66,2023-08-19,0856,N20,VIIRS,n,2,284.82,2.42,N,0
50.96044,-119.42778,309.49,0.51,0.66,2023-08-19,0856,N20,VIIRS,n,2,283.9,2.42,N,0
50.9607,-119.48904,305.77,0.51,0.66,2023-08-19,0856,N20,VIIRS,n,2,280.02,3.42,N,0
50.96132,-119.68889,331.82,0.52,0.67,2023-08-19,0856,N20,VIIRS,n,2,287.82,3.47,N,0
50.96133,-119.69495,311.31,0.52,0.67,2023-08-19,0856,N20,VIIRS,n,2,285.78,3.47,N,0
50.96136,-119.70592,299.76,0.52,0.67,2023-08-19,0856,N20,VIIRS,n,2,284.47,5.52,N,0
50.96137,-119.71133,307.12,0.52,0.67,2023-08-19,0856,N20,VIIRS,n,2,286.08,2.29,N,0
50.96139,-119.71678,313.46,0.52,0.67,2023-08-19,0856,N20,VIIRS,n,2,285.12,2.29,N,0
50.9614,-119.72221,307.4,0.53,0.67,2023-08-19,0856,N20,VIIRS,n,2,283.97,1.65,N,0
50.96141,-119.72758,304.14,0.53,0.67,2023-08-19,0856,N20,VIIRS,n,2,281.26,1.65,N,0
50.96615,-119.34374,303.17,0.5,0.66,2023-08-19,0856,N20,VIIRS,n,2,286.25,1.27,N,0
50.96619,-119.35059,298.61,0.51,0.66,2023-08-19,0856,N20,VIIRS,n,2,284.62,1.27,N,0
50.96626,-119.3646,312.16,0.51,0.66,2023-08-19,0856,N20,VIIRS,n,2,284.38,1.98,N,0
50.96651,-119.41321,367,0.51,0.66,2023-08-19,0856,N20,VIIRS,h,2,285.66,7.5,N,0
50.9668,-119.47507,305.47,0.51,0.66,2023-08-19,0856,N20,VIIRS,n,2,281.33,2.05,N,0
50.9669,-119.49406,312.1,0.51,0.66,2023-08-19,0856,N20,VIIRS,n,2,282.49,4.61,N,0
50.9676,-119.71452,299,0.52,0.67,2023-08-19,0856,N20,VIIRS,n,2,285.32,2.3,N,0
50.96762,-119.71984,307.6,0.52,0.67,2023-08-19,0856,N20,VIIRS,n,2,286.05,2.3,N,0
50.96763,-119.72507,306.44,0.53,0.67,2023-08-19,0856,N20,VIIRS,n,2,285.28,1.49,N,0
50.96764,-119.73031,304.24,0.53,0.67,2023-08-19,0856,N20,VIIRS,n,2,283.44,1.49,N,0
50.96766,-119.73567,304.91,0.53,0.67,2023-08-19,0856,N20,VIIRS,n,2,281.94,1.72,N,0
50.96767,-119.74133,310.75,0.53,0.67,2023-08-19,0856,N20,VIIRS,n,2,280.62,1.72,N,0
50.97219,-119.32895,326.07,0.5,0.66,2023-08-19,0856,N20,VIIRS,n,2,287.85,2.7,N,0
50.97223,-119.33591,310.62,0.5,0.66,2023-08-19,0856,N20,VIIRS,n,2,286.64,2.7,N,0
50.97228,-119.3427,296.66,0.5,0.66,2023-08-19,0856,N20,VIIRS,n,2,285.1,1.27,N,0
50.97235,-119.35612,297.57,0.51,0.66,2023-08-19,0856,N20,VIIRS,n,2,284.19,1.98,N,0
50.97239,-119.36276,313.87,0.51,0.66,2023-08-19,0856,N20,VIIRS,n,2,286.34,1.98,N,0
50.97243,-119.36942,305.51,0.51,0.66,2023-08-19,0856,N20,VIIRS,n,2,285.3,2.84,N,0
50.97247,-119.37642,301.27,0.51,0.66,2023-08-19,0856,N20,VIIRS,n,2,285.69,2.84,N,0
50.9725,-119.38287,327.59,0.51,0.66,2023-08-19,0856,N20,VIIRS,n,2,288.54,5.19,N,0
50.97254,-119.38885,329.79,0.51,0.66,2023-08-19,0856,N20,VIIRS,n,2,288.24,5.19,N,0
50.97258,-119.39564,323.88,0.51,0.66,2023-08-19,0856,N20,VIIRS,n,2,286.76,7.02,N,0
50.97262,-119.40431,318.37,0.51,0.66,2023-08-19,0856,N20,VIIRS,n,2,283.6,7.02,N,0
50.97266,-119.41331,304.24,0.51,0.66,2023-08-19,0856,N20,VIIRS,n,2,283.31,7.5,N,0
50.97274,-119.42719,309.97,0.51,0.66,2023-08-19,0856,N20,VIIRS,n,2,284.64,2.81,N,0
50.97277,-119.43346,305.58,0.51,0.66,2023-08-19,0856,N20,VIIRS,n,2,284.67,2.81,N,0
50.97301,-119.4839,306.72,0.51,0.66,2023-08-19,0856,N20,VIIRS,n,2,283.96,4.64,N,0
50.97304,-119.48853,321.02,0.51,0.66,2023-08-19,0856,N20,VIIRS,n,2,283.21,4.61,N,0
50.97382,-119.71161,299.52,0.52,0.67,2023-08-19,0856,N20,VIIRS,n,2,286.6,3.53,N,0
50.97386,-119.72784,300.9,0.53,0.67,2023-08-19,0856,N20,VIIRS,n,2,284.95,1.49,N,0
50.97388,-119.73299,296.13,0.53,0.67,2023-08-19,0856,N20,VIIRS,n,2,284.06,1.49,N,0
50.97389,-119.73824,301.9,0.53,0.67,2023-08-19,0856,N20,VIIRS,n,2,283.63,1.72,N,0
50.97823,-119.31329,318.46,0.5,0.66,2023-08-19,0856,N20,VIIRS,n,2,285.77,2.06,N,0
50.97827,-119.32053,299.95,0.5,0.66,2023-08-19,0856,N20,VIIRS,n,2,285.33,2.06,N,0
50.97832,-119.32772,316.37,0.5,0.66,2023-08-19,0856,N20,VIIRS,n,2,289.15,4.16,N,0
50.97836,-119.3347,338.57,0.5,0.66,2023-08-19,0856,N20,VIIRS,n,2,291.89,4.16,N,0
50.9784,-119.34155,314.75,0.5,0.66,2023-08-19,0856,N20,VIIRS,n,2,284.43,3.36,N,0
50.97844,-119.34806,305.08,0.51,0.66,2023-08-19,0856,N20,VIIRS,n,2,283.2,3.36,N,0
50.97848,-119.35368,300.74,0.51,0.66,2023-08-19,0856,N20,VIIRS,n,2,284.98,2.16,N,0
50.97851,-119.35912,311.88,0.51,0.66,2023-08-19,0856,N20,VIIRS,n,2,286.69,2.16,N,0
50.97854,-119.36467,304.98,0.51,0.66,2023-08-19,0856,N20,VIIRS,n,2,285.57,2.54,N,0
50.97858,-119.37127,304.89,0.51,0.66,2023-08-19,0856,N20,VIIRS,n,2,284.93,2.54,N,0
50.97872,-119.39555,323.73,0.51,0.66,2023-08-19,0856,N20,VIIRS,n,2,286.98,4.14,N,0
50.97877,-119.40391,344.97,0.51,0.66,2023-08-19,0856,N20,VIIRS,n,2,287.95,4.87,N,0
50.97884,-119.41663,325.14,0.51,0.66,2023-08-19,0856,N20,VIIRS,n,2,283.6,4.87,N,0
50.98008,-119.72507,303.32,0.52,0.67,2023-08-19,0856,N20,VIIRS,n,2,285.58,3.05,N,0
50.9801,-119.73028,302.57,0.53,0.67,2023-08-19,0856,N20,VIIRS,n,2,284.54,1.55,N,0
50.98439,-119.31877,303.2,0.5,0.66,2023-08-19,0856,N20,VIIRS,n,2,285.21,2.06,N,0
50.98444,-119.32589,317.28,0.5,0.66,2023-08-19,0856,N20,VIIRS,n,2,288.61,4.16,N,0
50.98448,-119.33241,318.41,0.5,0.66,2023-08-19,0856,N20,VIIRS,n,2,288.65,4.16,N,0
50.98452,-119.33857,316.35,0.5,0.66,2023-08-19,0856,N20,VIIRS,n,2,288.06,3.36,N,0
50.98455,-119.34445,327.35,0.51,0.66,2023-08-19,0856,N20,VIIRS,n,2,286.79,3.36,N,0
50.98459,-119.34993,307.42,0.51,0.66,2023-08-19,0856,N20,VIIRS,n,2,285.64,2.16,N,0
50.98462,-119.35497,304,0.51,0.66,2023-08-19,0856,N20,VIIRS,n,2,284.59,2.16,N,0
50.98466,-119.36004,311.44,0.51,0.66,2023-08-19,0856,N20,VIIRS,n,2,285.08,2.54,N,0
50.98469,-119.36544,319.07,0.51,0.66,2023-08-19,0856,N20,VIIRS,n,2,285.72,2.54,N,0
50.98473,-119.37263,322.12,0.51,0.66,2023-08-19,0856,N20,VIIRS,n,2,284.72,4.2,N,0
50.98478,-119.38071,306.44,0.51,0.66,2023-08-19,0856,N20,VIIRS,n,2,284.13,4.2,N,0
50.98481,-119.38566,306.96,0.51,0.66,2023-08-19,0856,N20,VIIRS,n,2,284,4.14,N,0
50.98484,-119.39068,315.66,0.51,0.66,2023-08-19,0856,N20,VIIRS,n,2,284.18,4.14,N,0
50.98487,-119.39661,315.77,0.51,0.66,2023-08-19,0856,N20,VIIRS,n,2,284.57,4.87,N,0
50.98492,-119.40459,311.03,0.51,0.66,2023-08-19,0856,N20,VIIRS,n,2,282.98,4.87,N,0
50.98537,-119.48733,308.29,0.51,0.66,2023-08-19,0856,N20,VIIRS,n,2,281.49,3.27,N,0
50.98634,-119.73268,298.04,0.53,0.67,2023-08-19,0856,N20,VIIRS,n,2,284.88,1.55,N,0
50.98635,-119.73788,305.63,0.53,0.67,2023-08-19,0856,N20,VIIRS,n,2,283.77,1.55,N,0
50.99055,-119.3239,312.52,0.5,0.66,2023-08-19,0856,N20,VIIRS,n,2,286.56,4.76,N,0
50.99059,-119.33002,319.98,0.5,0.66,2023-08-19,0856,N20,VIIRS,n,2,287.72,4.76,N,0
50.99063,-119.3356,314.62,0.5,0.66,2023-08-19,0856,N20,VIIRS,n,2,286.56,6.61,N,0
50.99067,-119.34106,311.85,0.51,0.66,2023-08-19,0856,N20,VIIRS,n,2,285.24,6.61,N,0
50.9907,-119.34649,309.79,0.51,0.66,2023-08-19,0856,N20,VIIRS,n,2,284.92,7.18,N,0
50.99074,-119.35174,319.11,0.51,0.66,2023-08-19,0856,N20,VIIRS,n,2,285.28,7.18,N,0
50.99077,-119.35677,323.41,0.51,0.66,2023-08-19,0856,N20,VIIRS,n,2,285.41,5.33,N,0
50.9908,-119.36185,328.08,0.51,0.66,2023-08-19,0856,N20,VIIRS,n,2,285.57,5.33,N,0
50.99084,-119.36724,326.9,0.51,0.66,2023-08-19,0856,N20,VIIRS,n,2,285.22,4.77,N,0
50.99089,-119.37462,313.89,0.51,0.66,2023-08-19,0856,N20,VIIRS,n,2,283.14,4.77,N,0
50.99093,-119.38184,313.22,0.51,0.66,2023-08-19,0856,N20,VIIRS,n,2,283.75,4.03,N,0
50.99097,-119.38763,313.8,0.51,0.66,2023-08-19,0856,N20,VIIRS,n,2,284.02,4.03,N,0
50.991,-119.39351,323.68,0.51,0.66,2023-08-19,0856,N20,VIIRS,n,2,285.17,2.54,N,0
50.99105,-119.40076,307,0.51,0.66,2023-08-19,0856,N20,VIIRS,n,2,279.48,2.54,N,0
50.99115,-119.41863,311.73,0.51,0.66,2023-08-19,0856,N20,VIIRS,n,2,282.15,2.87,N,0
50.99153,-119.48698,352.94,0.51,0.66,2023-08-19,0856,N20,VIIRS,n,2,286.19,6.3,N,0
50.99281,-119.81933,301.13,0.53,0.67,2023-08-19,0856,N20,VIIRS,n,2,281.81,2.54,N,0
50.99283,-119.82771,314.12,0.53,0.67,2023-08-19,0856,N20,VIIRS,n,2,279.34,3.04,N,0
50.99642,-119.32801,344.65,0.5,0.66,2023-08-19,0856,N20,VIIRS,n,2,288.47,6.96,N,0
50.99643,-119.33311,316.01,0.51,0.66,2023-08-19,0856,N20,VIIRS,n,2,284.45,6.96,N,0
50.99645,-119.33824,367,0.51,0.66,2023-08-19,0856,N20,VIIRS,h,2,287.88,11.16,N,0
50.99646,-119.34351,354.76,0.51,0.66,2023-08-19,0856,N20,VIIRS,n,2,284.22,11.16,N,0
50.99648,-119.34917,305.76,0.51,0.66,2023-08-19,0856,N20,VIIRS,n,2,280.37,5.4,N,0
50.99654,-119.37125,297.91,0.51,0.66,2023-08-19,0856,N20,VIIRS,n,2,279.74,0.96,N,0
50.99654,-119.82665,311.69,0.53,0.67,2023-08-19,0856,N20,VIIRS,n,2,280.83,2.33,N,0
50.99656,-119.3783,297.81,0.51,0.66,2023-08-19,0856,N20,VIIRS,n,2,279.62,0.96,N,0
50.99657,-119.385,299.73,0.51,0.66,2023-08-19,0856,N20,VIIRS,n,2,279.55,1.59,N,0
50.99658,-119.39221,307.69,0.51,0.66,2023-08-19,0856,N20,VIIRS,n,2,280.16,1.59,N,0
50.99662,-119.41589,296.84,0.51,0.66,2023-08-19,0856,N20,VIIRS,n,2,278.82,6.34,N,0
50.99664,-119.45197,295.58,0.51,0.66,2023-08-19,0856,N20,VIIRS,n,2,281.58,2.89,N,0
50.9967,-119.48275,302.04,0.51,0.66,2023-08-19,0856,N20,VIIRS,n,2,283.98,2.07,N,0
50.9967,-119.48686,333.87,0.51,0.66,2023-08-19,0856,N20,VIIRS,n,2,281.21,2.07,N,0
50.99671,-119.32803,344.72,0.5,0.66,2023-08-19,0856,N20,VIIRS,n,2,288.52,4.76,N,0
50.99674,-119.33315,313.45,0.5,0.66,2023-08-19,0856,N20,VIIRS,n,2,284.61,6.61,N,0
50.99678,-119.33824,367,0.51,0.66,2023-08-19,0856,N20,VIIRS,h,2,287.79,6.61,N,0
50.99681,-119.3435,352.9,0.51,0.66,2023-08-19,0856,N20,VIIRS,n,2,284.61,7.18,N,0
50.99714,-119.39231,306.29,0.51,0.66,2023-08-19,0856,N20,VIIRS,n,2,280.29,2.54,N,0
50.9977,-119.48685,311.13,0.51,0.66,2023-08-19,0856,N20,VIIRS,n,2,281.84,6.3,N,0
51.00276,-119.4128,341,0.51,0.66,2023-08-19,0856,N20,VIIRS,n,2,283.22,11.66,N,0
51.00277,-119.41891,349.84,0.51,0.66,2023-08-19,0856,N20,VIIRS,n,2,282.31,6.34,N,0
51.00278,-119.42539,318.94,0.51,0.66,2023-08-19,0856,N20,VIIRS,n,2,282.23,6.34,N,0
51.0028,-119.43851,331.04,0.51,0.66,2023-08-19,0856,N20,VIIRS,n,2,285.51,2.89,N,0
51.0028,-119.45918,304.46,0.51,0.66,2023-08-19,0856,N20,VIIRS,n,2,282.77,2.89,N,0
51.00284,-119.47416,305.51,0.51,0.66,2023-08-19,0856,N20,VIIRS,n,2,284.26,2.49,N,0
51.00285,-119.47856,299.59,0.51,0.66,2023-08-19,0856,N20,VIIRS,n,2,283.9,2.49,N,0
51.00286,-119.4828,296.86,0.51,0.66,2023-08-19,0856,N20,VIIRS,n,2,282.22,2.07,N,0
51.00288,-119.48701,304.97,0.51,0.66,2023-08-19,0856,N20,VIIRS,n,2,280.79,2.07,N,0
51.00342,-119.41326,355.6,0.51,0.66,2023-08-19,0856,N20,VIIRS,n,2,286.11,13.78,N,0
51.00345,-119.41937,367,0.51,0.66,2023-08-19,0856,N20,VIIRS,h,2,283.38,13.78,N,0
51.00349,-119.4257,335.71,0.51,0.66,2023-08-19,0856,N20,VIIRS,n,2,283.66,9.05,N,0
51.00357,-119.43835,335.91,0.51,0.66,2023-08-19,0856,N20,VIIRS,n,2,285.33,9.05,N,0
51.0037,-119.45916,305.85,0.51,0.66,2023-08-19,0856,N20,VIIRS,n,2,282.7,3.83,N,0
51.0089,-119.40839,303.22,0.51,0.66,2023-08-19,0856,N20,VIIRS,n,2,282.02,4.3,N,0
51.00891,-119.41625,342.63,0.51,0.66,2023-08-19,0856,N20,VIIRS,n,2,282.51,4.3,N,0
51.00893,-119.42252,355.44,0.51,0.66,2023-08-19,0856,N20,VIIRS,n,2,283.88,6.97,N,0
51.00894,-119.42871,344.39,0.51,0.66,2023-08-19,0856,N20,VIIRS,n,2,283.58,6.97,N,0
51.00895,-119.44154,322.08,0.51,0.66,2023-08-19,0856,N20,VIIRS,n,2,281.73,3.24,N,0
51.00897,-119.45855,298.1,0.51,0.66,2023-08-19,0856,N20,VIIRS,n,2,282.51,3.24,N,0
51.00898,-119.464,319.31,0.51,0.66,2023-08-19,0856,N20,VIIRS,n,2,283.33,2.58,N,0
51.00902,-119.47829,299.91,0.51,0.66,2023-08-19,0856,N20,VIIRS,n,2,283.48,1.47,N,0
51.00903,-119.48277,306.25,0.51,0.66,2023-08-19,0856,N20,VIIRS,n,2,283.05,2.19,N,0
51.00904,-119.48721,304.14,0.51,0.66,2023-08-19,0856,N20,VIIRS,n,2,279.19,2.19,N,0
51.00963,-119.42303,344.72,0.51,0.66,2023-08-19,0856,N20,VIIRS,n,2,284.37,13.78,N,0
51.00967,-119.42934,333.13,0.51,0.66,2023-08-19,0856,N20,VIIRS,n,2,282.12,9.05,N,0
51.00989,-119.464,320.27,0.51,0.66,2023-08-19,0856,N20,VIIRS,n,2,283.46,3.83,N,0
51.01001,-119.48281,307.19,0.51,0.66,2023-08-19,0856,N20,VIIRS,n,2,283.29,6.24,N,0
51.01501,-119.39317,319.08,0.51,0.66,2023-08-19,0856,N20,VIIRS,n,2,281.02,4.24,N,0
51.01502,-119.40073,326.01,0.51,0.66,2023-08-19,0856,N20,VIIRS,n,2,280.07,4.24,N,0
51.01506,-119.41919,299.47,0.51,0.66,2023-08-19,0856,N20,VIIRS,n,2,281.6,4.3,N,0
51.01508,-119.42574,296.25,0.51,0.66,2023-08-19,0856,N20,VIIRS,n,2,281.07,6.97,N,0
51.01509,-119.43254,324.53,0.51,0.66,2023-08-19,0856,N20,VIIRS,n,2,286.19,6.97,N,0
51.01511,-119.4478,318.1,0.51,0.66,2023-08-19,0856,N20,VIIRS,n,2,283.59,3.24,N,0
51.01513,-119.45769,302.74,0.51,0.66,2023-08-19,0856,N20,VIIRS,n,2,281.91,3.24,N,0
51.01514,-119.4633,299.81,0.51,0.66,2023-08-19,0856,N20,VIIRS,n,2,282.09,2.58,N,0
51.01517,-119.47312,295.61,0.51,0.66,2023-08-19,0856,N20,VIIRS,n,2,282.99,1.47,N,0
51.01519,-119.47791,302.66,0.51,0.66,2023-08-19,0856,N20,VIIRS,n,2,282.92,1.47,N,0
51.01533,-119.54625,305.41,0.52,0.67,2023-08-19,0856,N20,VIIRS,n,2,277.67,2.98,N,0
51.01534,-119.55358,305.24,0.52,0.67,2023-08-19,0856,N20,VIIRS,n,2,277.29,4.12,N,0
51.01535,-119.57014,307.14,0.52,0.67,2023-08-19,0856,N20,VIIRS,n,2,276.66,1.83,N,0
51.01558,-119.39355,326.18,0.51,0.66,2023-08-19,0856,N20,VIIRS,n,2,281.48,5.71,N,0
51.01563,-119.40111,323.59,0.51,0.66,2023-08-19,0856,N20,VIIRS,n,2,279.89,6.13,N,0
51.01576,-119.41956,304.43,0.51,0.66,2023-08-19,0856,N20,VIIRS,n,2,281.11,3.09,N,0
51.01585,-119.43336,324.29,0.51,0.66,2023-08-19,0856,N20,VIIRS,n,2,286.71,4.13,N,0
51.01595,-119.44867,316.9,0.51,0.66,2023-08-19,0856,N20,VIIRS,n,2,283.26,4.13,N,0
51.01656,-119.54619,303,0.52,0.67,2023-08-19,0856,N20,VIIRS,n,2,277.22,1.65,N,0
51.0166,-119.55367,303.42,0.52,0.67,2023-08-19,0856,N20,VIIRS,n,2,277.02,1.65,N,0
51.0167,-119.57101,308.98,0.52,0.67,2023-08-19,0856,N20,VIIRS,n,2,276.91,2.17,N,0
51.02122,-119.42171,301.43,0.51,0.66,2023-08-19,0856,N20,VIIRS,n,2,280.33,1.06,N,0
51.02128,-119.45002,307.04,0.51,0.66,2023-08-19,0856,N20,VIIRS,n,2,281.31,1.57,N,0
51.02132,-119.46758,296.35,0.51,0.66,2023-08-19,0856,N20,VIIRS,n,2,282.49,1.99,N,0
51.02134,-119.47244,299.85,0.51,0.66,2023-08-19,0856,N20,VIIRS,n,2,283.6,1.97,N,0
51.02135,-119.47723,313.16,0.51,0.66,2023-08-19,0856,N20,VIIRS,n,2,284.79,1.97,N,0
51.02137,-119.48206,318.89,0.51,0.66,2023-08-19,0856,N20,VIIRS,n,2,280.83,3.97,N,0
51.02153,-119.56257,296.45,0.52,0.67,2023-08-19,0856,N20,VIIRS,n,2,276.84,1.85,N,0
51.02154,-119.57436,314.78,0.52,0.67,2023-08-19,0856,N20,VIIRS,n,2,278.58,2.23,N,0
51.0223,-119.47714,316.73,0.51,0.66,2023-08-19,0856,N20,VIIRS,n,2,284.97,3.47,N,0
51.02233,-119.48195,317.52,0.51,0.66,2023-08-19,0856,N20,VIIRS,n,2,280.56,3.47,N,0
51.02284,-119.56353,301.61,0.52,0.67,2023-08-19,0856,N20,VIIRS,n,2,277.4,2.17,N,0
51.02291,-119.57563,316.98,0.52,0.67,2023-08-19,0856,N20,VIIRS,n,2,278.96,2.17,N,0
51.02722,-119.36847,314.02,0.51,0.66,2023-08-19,0856,N20,VIIRS,n,2,281.99,4.78,N,0
51.02725,-119.3792,332.49,0.51,0.66,2023-08-19,0856,N20,VIIRS,n,2,283.15,7.07,N,0
51.02752,-119.47566,305.4,0.51,0.66,2023-08-19,0856,N20,VIIRS,n,2,281.94,1.97,N,0
51.02768,-119.3688,321.81,0.51,0.66,2023-08-19,0856,N20,VIIRS,n,2,282.36,4.68,N,0
51.02772,-119.56701,295.28,0.52,0.67,2023-08-19,0856,N20,VIIRS,n,2,276.76,1.85,N,0
51.02773,-119.57769,309.63,0.52,0.67,2023-08-19,0856,N20,VIIRS,n,2,278.95,2.23,N,0
51.02774,-119.58529,297.22,0.52,0.67,2023-08-19,0856,N20,VIIRS,n,2,279.28,2.23,N,0
51.02776,-119.37955,330.68,0.51,0.66,2023-08-19,0856,N20,VIIRS,n,2,282.71,4.68,N,0
51.02905,-119.56775,295.89,0.52,0.67,2023-08-19,0856,N20,VIIRS,n,2,276.63,1.83,N,0
51.02911,-119.57795,305.18,0.52,0.67,2023-08-19,0856,N20,VIIRS,n,2,278.68,1.83,N,0
51.02915,-119.58482,303.1,0.52,0.67,2023-08-19,0856,N20,VIIRS,n,2,279.11,1.29,N,0
51.02919,-119.59046,295.6,0.52,0.67,2023-08-19,0856,N20,VIIRS,n,2,277.56,1.29,N,0
51.03392,-119.57581,300.67,0.52,0.67,2023-08-19,0856,N20,VIIRS,n,2,277.44,2.2,N,0
51.05902,-119.77068,299.76,0.53,0.67,2023-08-19,0856,N20,VIIRS,n,2,282.48,1.1,N,0
51.08347,-119.58309,295.77,0.52,0.67,2023-08-19,0856,N20,VIIRS,n,2,276.5,3.31,N,0
51.08349,-119.58935,334.94,0.52,0.67,2023-08-19,0856,N20,VIIRS,n,2,276.26,3.31,N,0
51.08966,-119.58427,311.74,0.52,0.67,2023-08-19,0856,N20,VIIRS,n,2,277.68,3.31,N,0
51.08969,-119.59086,321.59,0.52,0.67,2023-08-19,0856,N20,VIIRS,n,2,276.79,3.31,N,0
51.08987,-119.64191,310.76,0.52,0.67,2023-08-19,0856,N20,VIIRS,n,2,279.41,2.64,N,0
51.09557,-118.32404,298.27,0.46,0.63,2023-08-19,0856,N20,VIIRS,n,2,281.61,2.03,N,0
51.09587,-119.58642,346.12,0.52,0.67,2023-08-19,0856,N20,VIIRS,n,2,280.47,4.44,N,0
51.0959,-119.59431,323.1,0.52,0.67,2023-08-19,0856,N20,VIIRS,n,2,280.26,4.44,N,0
51.09594,-119.6047,309.67,0.52,0.67,2023-08-19,0856,N20,VIIRS,n,2,280.57,3.55,N,0
51.09596,-119.61048,323.25,0.52,0.67,2023-08-19,0856,N20,VIIRS,n,2,283.59,3.55,N,0
51.09599,-119.61649,314.16,0.52,0.67,2023-08-19,0856,N20,VIIRS,n,2,279.61,3.99,N,0
51.09606,-119.63651,331.98,0.52,0.67,2023-08-19,0856,N20,VIIRS,n,2,279.56,2.15,N,0
51.0961,-119.64843,303.37,0.52,0.67,2023-08-19,0856,N20,VIIRS,n,2,281.26,2.15,N,0
51.09953,-118.32674,303.3,0.46,0.63,2023-08-19,0856,N20,VIIRS,n,2,281.44,3.31,N,0
51.10028,-119.66642,295.45,0.52,0.67,2023-08-19,0856,N20,VIIRS,n,2,281.29,2.79,N,0
51.10031,-119.64967,304.39,0.52,0.67,2023-08-19,0856,N20,VIIRS,n,2,281.7,1.63,N,0
51.10033,-119.63888,305.42,0.52,0.67,2023-08-19,0856,N20,VIIRS,n,2,280.52,1.63,N,0
51.10035,-119.58923,336.05,0.52,0.67,2023-08-19,0856,N20,VIIRS,n,2,280.52,5.44,N,0
51.10035,-119.59844,325.15,0.52,0.67,2023-08-19,0856,N20,VIIRS,n,2,281.5,5.44,N,0
51.10035,-119.60616,318.24,0.52,0.67,2023-08-19,0856,N20,VIIRS,n,2,282.97,2.51,N,0
51.10035,-119.61135,319.58,0.52,0.67,2023-08-19,0856,N20,VIIRS,n,2,283.64,2.51,N,0
51.10035,-119.61893,303.04,0.52,0.67,2023-08-19,0856,N20,VIIRS,n,2,278.76,2.25,N,0
51.10152,-118.32808,305.89,0.46,0.63,2023-08-19,0856,N20,VIIRS,n,2,281.68,3.27,N,0
51.10209,-119.59268,328.3,0.52,0.67,2023-08-19,0856,N20,VIIRS,n,2,280.17,4.44,N,0
51.10212,-119.60141,311.75,0.52,0.67,2023-08-19,0856,N20,VIIRS,n,2,282.51,4.44,N,0
51.10215,-119.60767,314.76,0.52,0.67,2023-08-19,0856,N20,VIIRS,n,2,283.94,3.55,N,0
51.10217,-119.61355,317.76,0.52,0.67,2023-08-19,0856,N20,VIIRS,n,2,282.07,3.55,N,0
51.10225,-119.63297,299.02,0.52,0.67,2023-08-19,0856,N20,VIIRS,n,2,280.35,3.99,N,0
51.10229,-119.64191,310.46,0.52,0.67,2023-08-19,0856,N20,VIIRS,n,2,282.16,2.15,N,0
51.10233,-119.65377,301.71,0.52,0.67,2023-08-19,0856,N20,VIIRS,n,2,281.46,2.15,N,0
51.10564,-118.34387,306.74,0.46,0.63,2023-08-19,0856,N20,VIIRS,n,2,278.49,2.35,N,0
51.10651,-119.65356,299.48,0.52,0.67,2023-08-19,0856,N20,VIIRS,n,2,281.39,1.63,N,0
51.10652,-119.64301,312.82,0.52,0.67,2023-08-19,0856,N20,VIIRS,n,2,283.33,1.63,N,0
51.10653,-119.62717,302.08,0.52,0.67,2023-08-19,0856,N20,VIIRS,n,2,281.9,2.25,N,0
51.10653,-119.63528,312.91,0.52,0.67,2023-08-19,0856,N20,VIIRS,n,2,283.13,2.25,N,0
51.10654,-119.60929,311.04,0.52,0.67,2023-08-19,0856,N20,VIIRS,n,2,282.84,2.51,N,0
51.10654,-119.61731,302.99,0.52,0.67,2023-08-19,0856,N20,VIIRS,n,2,281.44,2.51,N,0
51.1076,-118.34107,302.18,0.46,0.63,2023-08-19,0856,N20,VIIRS,n,2,279.38,1.32,N,0
51.10836,-119.61244,305.7,0.52,0.67,2023-08-19,0856,N20,VIIRS,n,2,281.9,1.26,N,0
51.10841,-119.62189,302.86,0.52,0.67,2023-08-19,0856,N20,VIIRS,n,2,282.44,1.26,N,0
51.10844,-119.63053,304.76,0.52,0.67,2023-08-19,0856,N20,VIIRS,n,2,283.02,2.17,N,0
51.10847,-119.6378,312.72,0.52,0.67,2023-08-19,0856,N20,VIIRS,n,2,283.75,2.17,N,0
51.10851,-119.64517,314.28,0.52,0.67,2023-08-19,0856,N20,VIIRS,n,2,283.43,1.77,N,0
51.10855,-119.65662,297.43,0.52,0.67,2023-08-19,0856,N20,VIIRS,n,2,281.78,1.77,N,0
51.11158,-118.34727,302.62,0.46,0.63,2023-08-19,0856,N20,VIIRS,n,2,278.04,1.51,N,0
51.11272,-119.60181,315.42,0.52,0.67,2023-08-19,0856,N20,VIIRS,n,2,280.47,1.81,N,0
51.11272,-119.62559,308.02,0.52,0.67,2023-08-19,0856,N20,VIIRS,n,2,283.81,2.48,N,0
51.11272,-119.63276,309.5,0.52,0.67,2023-08-19,0856,N20,VIIRS,n,2,283.87,1.9,N,0
51.11272,-119.6586,309.11,0.52,0.67,2023-08-19,0856,N20,VIIRS,n,2,282.98,2.09,N,0
51.11273,-119.63911,307.81,0.52,0.67,2023-08-19,0856,N20,VIIRS,n,2,283.68,1.9,N,0
51.11273,-119.64576,315.36,0.52,0.67,2023-08-19,0856,N20,VIIRS,n,2,283.91,2.09,N,0
51.11356,-118.34522,296.98,0.46,0.63,2023-08-19,0856,N20,VIIRS,n,2,278.43,1.32,N,0
51.11362,-118.34927,298.78,0.46,0.63,2023-08-19,0856,N20,VIIRS,n,2,276.8,0.68,N,0
51.11449,-119.59766,312.73,0.52,0.67,2023-08-19,0856,N20,VIIRS,n,2,282.17,2.82,N,0
51.11452,-119.60419,309.8,0.52,0.67,2023-08-19,0856,N20,VIIRS,n,2,280.11,3.75,N,0
51.1146,-119.62058,296.67,0.52,0.67,2023-08-19,0856,N20,VIIRS,n,2,282.83,1.26,N,0
51.11464,-119.62843,305.66,0.52,0.67,2023-08-19,0856,N20,VIIRS,n,2,283.84,1.26,N,0
51.11467,-119.63506,313.17,0.52,0.67,2023-08-19,0856,N20,VIIRS,n,2,284.7,2.17,N,0
51.11469,-119.64135,307.68,0.52,0.67,2023-08-19,0856,N20,VIIRS,n,2,283.95,2.17,N,0
51.11473,-119.64869,314.08,0.52,0.67,2023-08-19,0856,N20,VIIRS,n,2,283.64,1.77,N,0
51.11481,-119.66753,303.41,0.52,0.67,2023-08-19,0856,N20,VIIRS,n,2,282.61,1.77,N,0
51.11892,-119.6062,310.4,0.52,0.67,2023-08-19,0856,N20,VIIRS,n,2,280.8,1.81,N,0
51.11892,-119.63026,308.81,0.52,0.67,2023-08-19,0856,N20,VIIRS,n,2,284.46,2.48,N,0
51.11893,-119.63657,306.21,0.52,0.67,2023-08-19,0856,N20,VIIRS,n,2,284.18,1.9,N,0
51.11893,-119.64315,301.62,0.52,0.67,2023-08-19,0856,N20,VIIRS,n,2,283.21,1.9,N,0
51.11893,-119.65337,300.08,0.52,0.67,2023-08-19,0856,N20,VIIRS,n,2,282.63,2.09,N,0
51.12083,-119.62578,313.55,0.52,0.67,2023-08-19,0856,N20,VIIRS,n,2,284.54,2.88,N,0
51.12086,-119.63261,318.36,0.52,0.67,2023-08-19,0856,N20,VIIRS,n,2,284.59,2.88,N,0
51.12089,-119.63912,298.06,0.52,0.67,2023-08-19,0856,N20,VIIRS,n,2,283.3,3.52,N,0
51.12513,-119.63425,332.27,0.52,0.67,2023-08-19,0856,N20,VIIRS,n,2,286.37,2.64,N,0
51.12513,-119.64182,304.13,0.52,0.67,2023-08-19,0856,N20,VIIRS,n,2,283.97,3.37,N,0
51.12709,-119.63724,321.44,0.52,0.67,2023-08-19,0856,N20,VIIRS,n,2,285.59,2.88,N,0
51.13133,-119.63882,297.35,0.52,0.67,2023-08-19,0856,N20,VIIRS,n,2,284.46,2.64,N,3
51.20494,-117.95335,314.39,0.44,0.62,2023-08-19,0856,N20,VIIRS,n,2,279.47,2.75,N,0
51.20497,-117.95422,311.65,0.44,0.62,2023-08-19,0856,N20,VIIRS,n,2,279.2,1.77,N,0
51.205,-117.9575,295.89,0.44,0.62,2023-08-19,0856,N20,VIIRS,n,2,277.95,3.37,N,0
51.20504,-117.95823,295.47,0.44,0.62,2023-08-19,0856,N20,VIIRS,n,2,277.72,1.77,N,0
51.43624,-119.70792,302.14,0.53,0.67,2023-08-19,0856,N20,VIIRS,n,2,277.1,2.29,N,0
51.43624,-119.71455,295.39,0.53,0.67,2023-08-19,0856,N20,VIIRS,n,2,277.18,2.85,N,0
51.43839,-119.70691,308.01,0.53,0.67,2023-08-19,0856,N20,VIIRS,n,2,276.76,1.35,N,0
51.43842,-119.71442,299.93,0.53,0.67,2023-08-19,0856,N20,VIIRS,n,2,277.25,1.35,N,0
51.44247,-119.71493,311.36,0.53,0.67,2023-08-19,0856,N20,VIIRS,n,2,277.16,2.85,N,0
51.44248,-119.70622,320.45,0.53,0.67,2023-08-19,0856,N20,VIIRS,n,2,277.23,2.29,N,0
51.44456,-119.69319,319.49,0.53,0.67,2023-08-19,0856,N20,VIIRS,n,2,277.03,2.79,N,0
51.44464,-119.71455,310.93,0.53,0.67,2023-08-19,0856,N20,VIIRS,n,2,277.28,2.79,N,0
49.00394,-119.88635,319.67,0.53,0.67,2023-08-19,0857,N20,VIIRS,n,2,281.71,5.56,N,0
49.00399,-119.89358,329.31,0.53,0.67,2023-08-19,0857,N20,VIIRS,n,2,284.67,5.56,N,0
49.00404,-119.90075,335.32,0.53,0.67,2023-08-19,0857,N20,VIIRS,n,2,285.8,9.71,N,0
49.00408,-119.90732,367,0.53,0.67,2023-08-19,0857,N20,VIIRS,h,2,291.86,9.71,N,0
49.00412,-119.91331,330.1,0.53,0.67,2023-08-19,0857,N20,VIIRS,n,2,274.56,14.22,N,0
49.00472,-120.00985,307.77,0.53,0.67,2023-08-19,0857,N20,VIIRS,n,2,280.32,2.92,N,0
49.00477,-120.01786,310.87,0.54,0.67,2023-08-19,0857,N20,VIIRS,n,2,281.09,4.11,N,0
49.00483,-120.02905,329.61,0.54,0.68,2023-08-19,0857,N20,VIIRS,n,2,285.28,4.11,N,0
49.00488,-120.03828,319.93,0.54,0.68,2023-08-19,0857,N20,VIIRS,n,2,285.25,3.41,N,0
49.00491,-120.04394,311.74,0.54,0.68,2023-08-19,0857,N20,VIIRS,n,2,280.32,3.41,N,0
49.01019,-119.89014,298.02,0.53,0.67,2023-08-19,0857,N20,VIIRS,n,2,274.95,2.36,N,0
49.0103,-119.90508,305.92,0.53,0.67,2023-08-19,0857,N20,VIIRS,n,2,278.54,3.09,N,0
49.01035,-119.91212,304.2,0.53,0.67,2023-08-19,0857,N20,VIIRS,n,2,276.65,5.09,N,0
49.01081,-119.9827,306.03,0.53,0.67,2023-08-19,0857,N20,VIIRS,n,2,278.9,3.53,N,0
49.01098,-120.01021,304.26,0.53,0.67,2023-08-19,0857,N20,VIIRS,n,2,279.22,3.15,N,0
49.01103,-120.01862,316.18,0.54,0.67,2023-08-19,0857,N20,VIIRS,n,2,281.89,3.75,N,0
49.01109,-120.02891,322.57,0.54,0.68,2023-08-19,0857,N20,VIIRS,n,2,282.57,3.75,N,0
49.01116,-120.04041,316.7,0.54,0.68,2023-08-19,0857,N20,VIIRS,n,2,285.04,3.82,N,0
49.01119,-120.04695,312.19,0.54,0.68,2023-08-19,0857,N20,VIIRS,n,2,279.42,3.82,N,0
49.0161,-119.84795,305.45,0.53,0.67,2023-08-19,0857,N20,VIIRS,n,2,282.37,2.66,N,0
49.01614,-119.85439,308.02,0.53,0.67,2023-08-19,0857,N20,VIIRS,n,2,281.85,2.66,N,0
49.01619,-119.85949,319.93,0.53,0.67,2023-08-19,0857,N20,VIIRS,n,2,281.69,4.99,N,0
49.01622,-119.86444,326.46,0.53,0.67,2023-08-19,0857,N20,VIIRS,n,2,280.14,4.99,N,0
49.01627,-119.86949,305.9,0.53,0.67,2023-08-19,0857,N20,VIIRS,n,2,279.5,2.9,N,0
49.01631,-119.87533,310.67,0.53,0.67,2023-08-19,0857,N20,VIIRS,n,2,278.46,2.9,N,0
49.01707,-119.98361,307.14,0.53,0.67,2023-08-19,0857,N20,VIIRS,n,2,279.44,3.53,N,0
49.0172,-120.00404,309.13,0.53,0.67,2023-08-19,0857,N20,VIIRS,n,2,281,3.15,N,0
49.01724,-120.01036,308.19,0.53,0.67,2023-08-19,0857,N20,VIIRS,n,2,280.68,3.15,N,0
49.01729,-120.01794,314.22,0.54,0.67,2023-08-19,0857,N20,VIIRS,n,2,281.53,3.75,N,0
49.01736,-120.03074,314.31,0.54,0.68,2023-08-19,0857,N20,VIIRS,n,2,282.17,3.75,N,0
49.01743,-120.04228,317.25,0.54,0.68,2023-08-19,0857,N20,VIIRS,n,2,281.21,3.82,N,0
49.01747,-120.0485,329.29,0.54,0.68,2023-08-19,0857,N20,VIIRS,n,2,279.49,3.82,N,0
49.02221,-119.83548,301.73,0.52,0.67,2023-08-19,0857,N20,VIIRS,n,2,280.92,2.19,N,0
49.02226,-119.84172,308.49,0.52,0.67,2023-08-19,0857,N20,VIIRS,n,2,282.36,2.19,N,0
49.02231,-119.84765,304.06,0.53,0.67,2023-08-19,0857,N20,VIIRS,n,2,281.02,2.16,N,0
49.02236,-119.85309,302.89,0.53,0.67,2023-08-19,0857,N20,VIIRS,n,2,280.52,2.16,N,0
49.0224,-119.85895,302.9,0.53,0.67,2023-08-19,0857,N20,VIIRS,n,2,281.22,3.63,N,0
49.02245,-119.86496,309.58,0.53,0.67,2023-08-19,0857,N20,VIIRS,n,2,282.31,3.63,N,0
49.0225,-119.8708,308.3,0.53,0.67,2023-08-19,0857,N20,VIIRS,n,2,281.27,4.11,N,0
49.02254,-119.87658,318.51,0.53,0.67,2023-08-19,0857,N20,VIIRS,n,2,282.56,4.11,N,0
49.02259,-119.88229,345.72,0.53,0.67,2023-08-19,0857,N20,VIIRS,n,2,281.63,4.75,N,0
49.02263,-119.8881,312.45,0.53,0.67,2023-08-19,0857,N20,VIIRS,n,2,276.05,4.75,N,0
49.02365,-120.03465,307.16,0.54,0.68,2023-08-19,0857,N20,VIIRS,n,2,281.02,7.05,N,0
49.02377,-120.05231,305.54,0.54,0.68,2023-08-19,0857,N20,VIIRS,n,2,278.22,11.12,N,0
49.02647,-119.84431,296.47,0.53,0.67,2023-08-19,0857,N20,VIIRS,n,2,278.67,1.83,N,0
49.02655,-119.86301,296.37,0.53,0.67,2023-08-19,0857,N20,VIIRS,n,2,279.22,1.81,N,0
49.02659,-119.87489,297.46,0.53,0.67,2023-08-19,0857,N20,VIIRS,n,2,278.44,2.22,N,0
49.02661,-119.88065,296.63,0.53,0.67,2023-08-19,0857,N20,VIIRS,n,2,276.88,2.4,N,0
49.02686,-119.97224,300.09,0.53,0.67,2023-08-19,0857,N20,VIIRS,n,2,277.03,4.27,N,0
49.02693,-120.00535,308.47,0.53,0.67,2023-08-19,0857,N20,VIIRS,n,2,281.35,3.17,N,0
49.02702,-120.04968,321.44,0.54,0.68,2023-08-19,0857,N20,VIIRS,n,2,279.36,64.91,N,0
49.02845,-119.83837,296.04,0.52,0.67,2023-08-19,0857,N20,VIIRS,n,2,279.54,2.19,N,0
49.0285,-119.84425,297.32,0.53,0.67,2023-08-19,0857,N20,VIIRS,n,2,278.72,2.16,N,0
49.02876,-119.87557,301.51,0.53,0.67,2023-08-19,0857,N20,VIIRS,n,2,279.15,4.11,N,0
49.0288,-119.88135,297.97,0.53,0.67,2023-08-19,0857,N20,VIIRS,n,2,276.1,4.75,N,0
49.02974,-120.00722,311.08,0.53,0.67,2023-08-19,0857,N20,VIIRS,n,2,282.22,6.89,N,0
49.02998,-120.04443,354.76,0.54,0.68,2023-08-19,0857,N20,VIIRS,n,2,289.47,30.85,N,0
49.03001,-120.04948,367,0.54,0.68,2023-08-19,0857,N20,VIIRS,h,2,283.03,11.12,N,0
49.03006,-120.05508,305.86,0.54,0.68,2023-08-19,0857,N20,VIIRS,n,2,276.47,11.12,N,0
49.0301,-120.06123,301.02,0.54,0.68,2023-08-19,0857,N20,VIIRS,n,2,275.87,2.64,N,0
49.03268,-119.84041,296.42,0.53,0.67,2023-08-19,0857,N20,VIIRS,n,2,278.23,1.83,N,0
49.03271,-119.84631,307.46,0.53,0.67,2023-08-19,0857,N20,VIIRS,n,2,279.42,1.83,N,0
49.03273,-119.85235,297.51,0.53,0.67,2023-08-19,0857,N20,VIIRS,n,2,277.4,1.81,N,0
49.03276,-119.85895,298.68,0.53,0.67,2023-08-19,0857,N20,VIIRS,n,2,277.83,1.81,N,0
49.03279,-119.86588,307.13,0.53,0.67,2023-08-19,0857,N20,VIIRS,n,2,277.82,2.22,N,0
49.03281,-119.87284,302.19,0.53,0.67,2023-08-19,0857,N20,VIIRS,n,2,277.52,2.22,N,0
49.03284,-119.87937,305,0.53,0.67,2023-08-19,0857,N20,VIIRS,n,2,275.53,2.4,N,0
49.03319,-120.00756,304.1,0.53,0.67,2023-08-19,0857,N20,VIIRS,n,2,280.77,3.17,N,0
49.03321,-120.0157,307.61,0.53,0.67,2023-08-19,0857,N20,VIIRS,n,2,281.14,3.17,N,0
49.03323,-120.0265,308.02,0.54,0.67,2023-08-19,0857,N20,VIIRS,n,2,283.15,7.89,N,0
49.03324,-120.03283,309.73,0.54,0.68,2023-08-19,0857,N20,VIIRS,n,2,283.97,7.89,N,0
49.03326,-120.03794,342.55,0.54,0.68,2023-08-19,0857,N20,VIIRS,n,2,286.68,76.9,N,0
49.03327,-120.04283,329.92,0.54,0.68,2023-08-19,0857,N20,VIIRS,n,2,312.83,76.9,N,0
49.03329,-120.04798,348.65,0.54,0.68,2023-08-19,0857,N20,VIIRS,n,2,314.97,64.91,N,0
49.0333,-120.05386,335.66,0.54,0.68,2023-08-19,0857,N20,VIIRS,n,2,277.05,64.91,N,0
49.03332,-120.06015,304.85,0.54,0.68,2023-08-19,0857,N20,VIIRS,n,2,275.95,5.06,N,0
49.03469,-119.84019,296.33,0.53,0.67,2023-08-19,0857,N20,VIIRS,n,2,278.06,1.69,N,0
49.03473,-119.84604,306.67,0.53,0.67,2023-08-19,0857,N20,VIIRS,n,2,278.34,1.69,N,0
49.03479,-119.85198,296.18,0.53,0.67,2023-08-19,0857,N20,VIIRS,n,2,276.89,2.04,N,0
49.03484,-119.85836,300.51,0.53,0.67,2023-08-19,0857,N20,VIIRS,n,2,277.59,2.04,N,0
49.0349,-119.86545,311.46,0.53,0.67,2023-08-19,0857,N20,VIIRS,n,2,277.05,3.15,N,0
49.03496,-119.87303,305.31,0.53,0.67,2023-08-19,0857,N20,VIIRS,n,2,276.8,3.15,N,0
49.03502,-119.8801,306.73,0.53,0.67,2023-08-19,0857,N20,VIIRS,n,2,275.97,2.36,N,0
49.03617,-120.03286,313.1,0.54,0.68,2023-08-19,0857,N20,VIIRS,n,2,285.38,16.72,N,0
49.03621,-120.0378,349.61,0.54,0.68,2023-08-19,0857,N20,VIIRS,n,2,298.58,61.29,N,0
49.03624,-120.04306,367,0.54,0.68,2023-08-19,0857,N20,VIIRS,h,2,324.8,61.29,N,0
49.03628,-120.04871,367,0.54,0.68,2023-08-19,0857,N20,VIIRS,h,2,292.71,59.36,N,0
49.03632,-120.05481,318.33,0.54,0.68,2023-08-19,0857,N20,VIIRS,n,2,276.31,59.36,N,0
49.039,-119.86061,296.53,0.53,0.67,2023-08-19,0857,N20,VIIRS,n,2,275.1,1.87,N,0
49.03906,-119.87682,314.72,0.53,0.67,2023-08-19,0857,N20,VIIRS,n,2,275.55,2.8,N,0
49.03952,-120.03604,341.89,0.54,0.68,2023-08-19,0857,N20,VIIRS,n,2,289.42,19.22,N,0
49.03954,-120.04144,354.14,0.54,0.68,2023-08-19,0857,N20,VIIRS,n,2,302.19,19.22,N,0
49.03955,-120.04728,367,0.54,0.68,2023-08-19,0857,N20,VIIRS,h,2,289.9,16.26,N,0
49.03957,-120.05353,306.27,0.54,0.68,2023-08-19,0857,N20,VIIRS,n,2,276.47,16.26,N,0
49.04121,-119.87695,306.21,0.53,0.67,2023-08-19,0857,N20,VIIRS,n,2,272.75,2.36,N,0
49.04246,-120.03648,342.3,0.54,0.68,2023-08-19,0857,N20,VIIRS,n,2,288.4,61.29,N,0
49.0425,-120.04204,367,0.54,0.68,2023-08-19,0857,N20,VIIRS,h,2,297.18,61.29,N,0
49.04255,-120.04799,367,0.54,0.68,2023-08-19,0857,N20,VIIRS,h,2,281.21,59.36,N,0
49.04554,-119.94954,300.09,0.53,0.67,2023-08-19,0857,N20,VIIRS,n,2,277.2,3.21,N,0
49.04579,-120.03507,313.77,0.54,0.68,2023-08-19,0857,N20,VIIRS,n,2,283.69,19.22,N,0
49.04581,-120.04079,328.94,0.54,0.68,2023-08-19,0857,N20,VIIRS,n,2,285.93,19.22,N,0
49.04583,-120.04684,367,0.54,0.68,2023-08-19,0857,N20,VIIRS,h,2,288.15,16.26,N,0
49.04585,-120.05331,303.98,0.54,0.68,2023-08-19,0857,N20,VIIRS,n,2,276.45,16.26,N,0
49.04873,-120.03625,312.75,0.54,0.68,2023-08-19,0857,N20,VIIRS,n,2,282.37,6.6,N,0
49.04877,-120.04221,314.78,0.54,0.68,2023-08-19,0857,N20,VIIRS,n,2,283.09,6.6,N,0
49.04881,-120.04852,350.46,0.54,0.68,2023-08-19,0857,N20,VIIRS,n,2,283.51,12.8,N,0
49.05181,-119.95662,302.08,0.53,0.67,2023-08-19,0857,N20,VIIRS,n,2,278.77,1.35,N,0
49.05184,-119.96538,298.46,0.53,0.67,2023-08-19,0857,N20,VIIRS,n,2,276.94,1.35,N,0
49.05206,-120.03568,304.86,0.54,0.68,2023-08-19,0857,N20,VIIRS,n,2,281.07,2.56,N,0
49.05208,-120.04183,309.35,0.54,0.68,2023-08-19,0857,N20,VIIRS,n,2,280.29,2.56,N,0
49.0521,-120.04843,331.76,0.54,0.68,2023-08-19,0857,N20,VIIRS,n,2,282.03,8.73,N,0
49.05212,-120.05557,345.84,0.54,0.68,2023-08-19,0857,N20,VIIRS,n,2,279.66,8.73,N,0
49.0551,-120.05051,321.62,0.54,0.68,2023-08-19,0857,N20,VIIRS,n,2,282.98,12.8,N,0
49.05516,-120.05823,367,0.54,0.68,2023-08-19,0857,N20,VIIRS,h,2,281.94,12.8,N,0
49.05835,-120.04311,300.71,0.54,0.68,2023-08-19,0857,N20,VIIRS,n,2,279.68,2.56,N,0
49.05837,-120.05004,304.26,0.54,0.68,2023-08-19,0857,N20,VIIRS,n,2,279.81,8.73,N,0
49.0584,-120.05787,367,0.54,0.68,2023-08-19,0857,N20,VIIRS,h,2,285.87,8.73,N,0
49.05842,-120.06556,298.18,0.54,0.68,2023-08-19,0857,N20,VIIRS,n,2,274.15,13.01,N,0
49.06138,-120.05222,302.02,0.54,0.68,2023-08-19,0857,N20,VIIRS,n,2,279.08,4.09,N,0
49.06144,-120.06029,323.31,0.54,0.68,2023-08-19,0857,N20,VIIRS,n,2,275.55,4.09,N,0
49.06467,-120.05898,298.57,0.54,0.68,2023-08-19,0857,N20,VIIRS,n,2,274.94,3.25,N,0
49.06777,-120.0662,299.6,0.54,0.68,2023-08-19,0857,N20,VIIRS,n,2,274.69,2.88,N,0
49.07032,-119.90613,304.4,0.53,0.67,2023-08-19,0857,N20,VIIRS,n,2,271.79,0.72,N,0
49.07096,-120.06454,313.83,0.54,0.68,2023-08-19,0857,N20,VIIRS,n,2,278.88,4,N,0
49.07726,-120.06971,296.94,0.54,0.68,2023-08-19,0857,N20,VIIRS,n,2,275.93,2.97,N,0
49.08356,-120.07601,305.17,0.54,0.68,2023-08-19,0857,N20,VIIRS,n,2,275.42,2.99,N,0
49.08982,-120.07069,301.35,0.54,0.68,2023-08-19,0857,N20,VIIRS,n,2,276.72,6.39,N,0
49.08984,-120.07684,348.59,0.54,0.68,2023-08-19,0857,N20,VIIRS,n,2,288.59,64.3,N,0
49.08987,-120.083,330.7,0.54,0.68,2023-08-19,0857,N20,VIIRS,n,2,312.28,64.3,N,0
49.0899,-120.09007,340.51,0.54,0.68,2023-08-19,0857,N20,VIIRS,n,2,276.56,32.66,N,0
49.08993,-120.09875,298.01,0.54,0.68,2023-08-19,0857,N20,VIIRS,n,2,275.21,32.66,N,0
49.09612,-120.07759,310.49,0.54,0.68,2023-08-19,0857,N20,VIIRS,n,2,280.47,64.3,N,0
49.09615,-120.08456,367,0.54,0.68,2023-08-19,0857,N20,VIIRS,h,2,287.84,64.3,N,0
49.09619,-120.09272,320.93,0.54,0.68,2023-08-19,0857,N20,VIIRS,n,2,276.29,32.66,N,0
49.10241,-120.07983,295.3,0.54,0.68,2023-08-19,0857,N20,VIIRS,n,2,279.58,1.36,N,0
49.10244,-120.08691,310.24,0.54,0.68,2023-08-19,0857,N20,VIIRS,n,2,280.01,1.36,N,0
49.1087,-120.08172,307.26,0.54,0.68,2023-08-19,0857,N20,VIIRS,n,2,279.5,1.36,N,0
49.10873,-120.08825,298.01,0.54,0.68,2023-08-19,0857,N20,VIIRS,n,2,278.51,1.36,N,0
49.12139,-120.1076,297.39,0.54,0.68,2023-08-19,0857,N20,VIIRS,n,2,279.16,0.86,N,0
49.12147,-121.2737,301.67,0.61,0.71,2023-08-19,0857,N20,VIIRS,n,2,282,1.93,N,0
49.126,-121.26482,319.69,0.61,0.71,2023-08-19,0857,N20,VIIRS,n,2,282.57,3.8,N,0
49.12767,-120.10603,316.08,0.54,0.68,2023-08-19,0857,N20,VIIRS,n,2,282.6,3.97,N,0
49.12771,-120.11351,323.63,0.54,0.68,2023-08-19,0857,N20,VIIRS,n,2,280.91,5.48,N,0
49.1281,-121.26642,320.02,0.61,0.71,2023-08-19,0857,N20,VIIRS,n,2,281.58,3.08,N,0
49.13083,-120.10043,321.96,0.54,0.68,2023-08-19,0857,N20,VIIRS,n,2,283.73,2.65,N,0
49.13083,-120.10771,300.43,0.54,0.68,2023-08-19,0857,N20,VIIRS,n,2,281.2,3.39,N,0
49.13388,-120.09344,298.94,0.54,0.68,2023-08-19,0857,N20,VIIRS,n,2,283.61,4.33,N,0
49.13393,-120.10083,333,0.54,0.68,2023-08-19,0857,N20,VIIRS,n,2,284.86,3.97,N,0
49.13396,-120.10741,297.29,0.54,0.68,2023-08-19,0857,N20,VIIRS,n,2,281.52,3.97,N,0
49.1371,-120.09359,302.46,0.54,0.68,2023-08-19,0857,N20,VIIRS,n,2,283.94,2.65,N,0
49.13711,-120.10052,316.12,0.54,0.68,2023-08-19,0857,N20,VIIRS,n,2,282.8,2.65,N,0
49.14014,-120.09011,295.64,0.54,0.68,2023-08-19,0857,N20,VIIRS,n,2,282.31,1.4,N,0
49.14655,-120.10821,295.71,0.54,0.68,2023-08-19,0857,N20,VIIRS,n,2,280.6,1.98,N,0
49.14973,-120.1061,309.27,0.54,0.68,2023-08-19,0857,N20,VIIRS,n,2,281.91,3.34,N,0
49.14974,-120.11322,321.14,0.54,0.68,2023-08-19,0857,N20,VIIRS,n,2,278.2,3.34,N,0
49.15281,-120.10399,326.05,0.54,0.68,2023-08-19,0857,N20,VIIRS,n,2,282.4,12.7,N,0
49.15285,-120.11156,339.96,0.54,0.68,2023-08-19,0857,N20,VIIRS,n,2,277.58,15.93,N,0
49.15601,-120.10209,331.11,0.54,0.68,2023-08-19,0857,N20,VIIRS,n,2,282.58,18.51,N,0
49.15603,-120.11008,367,0.54,0.68,2023-08-19,0857,N20,VIIRS,h,2,282.12,18.51,N,0
49.15907,-120.10064,327.58,0.54,0.68,2023-08-19,0857,N20,VIIRS,n,2,278.5,12.7,N,0
49.15912,-120.1088,367,0.54,0.68,2023-08-19,0857,N20,VIIRS,h,2,280.05,15.93,N,0
49.17393,-121.37123,300.83,0.61,0.71,2023-08-19,0857,N20,VIIRS,n,2,280.86,1.18,N,0
49.17796,-121.37434,302.67,0.62,0.71,2023-08-19,0857,N20,VIIRS,n,2,281.35,1.67,N,0
49.19366,-120.08112,316.17,0.54,0.68,2023-08-19,0857,N20,VIIRS,n,2,275.62,5.92,N,0
49.19774,-121.38866,295.22,0.62,0.71,2023-08-19,0857,N20,VIIRS,n,2,280.4,1.45,N,0
49.19995,-120.08268,341.6,0.54,0.68,2023-08-19,0857,N20,VIIRS,n,2,279.31,5.92,N,0
49.21818,-119.97046,297.73,0.53,0.67,2023-08-19,0857,N20,VIIRS,n,2,284.56,1.24,N,0
49.21823,-119.97868,310.97,0.53,0.67,2023-08-19,0857,N20,VIIRS,n,2,284.41,1.24,N,0
49.21874,-120.07159,296.32,0.54,0.68,2023-08-19,0857,N20,VIIRS,n,2,277.73,5.38,N,0
49.21878,-120.08098,331.74,0.54,0.68,2023-08-19,0857,N20,VIIRS,n,2,280.39,5.38,N,0
49.2246,-119.99813,336.42,0.53,0.67,2023-08-19,0857,N20,VIIRS,n,2,288.34,3.86,N,0
49.22463,-120.00197,300.49,0.53,0.67,2023-08-19,0857,N20,VIIRS,n,2,284.68,3.86,N,0
49.22503,-120.07472,354.89,0.54,0.68,2023-08-19,0857,N20,VIIRS,n,2,283.62,5.38,N,0
49.22509,-120.08505,301.15,0.54,0.68,2023-08-19,0857,N20,VIIRS,n,2,278.26,5.38,N,0
49.23087,-119.99911,297.71,0.53,0.67,2023-08-19,0857,N20,VIIRS,n,2,284.31,1.06,N,0
49.23129,-120.06981,297.38,0.54,0.68,2023-08-19,0857,N20,VIIRS,n,2,280.15,2.87,N,0
49.23134,-120.08002,310.45,0.54,0.68,2023-08-19,0857,N20,VIIRS,n,2,279.31,2.56,N,0
49.23425,-120.0062,295.32,0.53,0.67,2023-08-19,0857,N20,VIIRS,n,2,283.99,2.37,N,0
49.23437,-120.07624,299.69,0.54,0.68,2023-08-19,0857,N20,VIIRS,n,2,279.73,1.6,N,0
49.23718,-120.00581,296.45,0.53,0.67,2023-08-19,0857,N20,VIIRS,n,2,284.52,1.06,N,0
49.23738,-120.03783,296.5,0.54,0.68,2023-08-19,0857,N20,VIIRS,n,2,282.73,1.76,N,0
49.23741,-120.04359,296.48,0.54,0.68,2023-08-19,0857,N20,VIIRS,n,2,281.51,2.26,N,0
49.24052,-120.01275,321.52,0.53,0.67,2023-08-19,0857,N20,VIIRS,n,2,285.39,2.37,N,0
49.24054,-120.01716,297.01,0.53,0.67,2023-08-19,0857,N20,VIIRS,n,2,284.06,1.92,N,0
49.24055,-120.02216,296.27,0.53,0.67,2023-08-19,0857,N20,VIIRS,n,2,283.88,1.92,N,0
49.24056,-120.02837,304.4,0.54,0.67,2023-08-19,0857,N20,VIIRS,n,2,284.44,1.89,N,0
49.24057,-120.03515,302.22,0.54,0.68,2023-08-19,0857,N20,VIIRS,n,2,283.54,1.89,N,0
49.24059,-120.04126,295.13,0.54,0.68,2023-08-19,0857,N20,VIIRS,n,2,282.78,1.83,N,0
49.2406,-120.0466,299.85,0.54,0.68,2023-08-19,0857,N20,VIIRS,n,2,282.11,1.83,N,0
49.2406,-120.05201,304.91,0.54,0.68,2023-08-19,0857,N20,VIIRS,n,2,282.73,3.59,N,0
49.24349,-120.01279,312.95,0.53,0.67,2023-08-19,0857,N20,VIIRS,n,2,283.96,3.21,N,0
49.24359,-120.02892,300.05,0.53,0.67,2023-08-19,0857,N20,VIIRS,n,2,283.2,2.35,N,0
49.24363,-120.03488,303.6,0.54,0.67,2023-08-19,0857,N20,VIIRS,n,2,282.25,1.89,N,0
49.2437,-120.04627,296.53,0.54,0.68,2023-08-19,0857,N20,VIIRS,n,2,282.1,1.02,N,0
49.24374,-120.05222,298.94,0.54,0.68,2023-08-19,0857,N20,VIIRS,n,2,282.03,1.02,N,0
49.26415,-119.66661,298.44,0.52,0.66,2023-08-19,0857,N20,VIIRS,n,2,275.87,4.44,N,0
49.26418,-119.67157,348.58,0.52,0.67,2023-08-19,0857,N20,VIIRS,n,2,280.34,4.44,N,0
49.26543,-119.66525,297.65,0.52,0.66,2023-08-19,0857,N20,VIIRS,n,2,276.02,2.81,N,0
49.26548,-119.67042,347.04,0.52,0.66,2023-08-19,0857,N20,VIIRS,n,2,282.77,4.36,N,0
49.26554,-119.67548,301.79,0.52,0.67,2023-08-19,0857,N20,VIIRS,n,2,275.79,4.36,N,0
49.27032,-119.66708,302.12,0.52,0.66,2023-08-19,0857,N20,VIIRS,n,2,275.08,3.16,N,0
49.27037,-119.6727,320.74,0.52,0.67,2023-08-19,0857,N20,VIIRS,n,2,278.64,3.16,N,0
49.27161,-119.66573,296.81,0.52,0.66,2023-08-19,0857,N20,VIIRS,n,2,273.65,2.81,N,0
49.27168,-119.67152,313.02,0.52,0.66,2023-08-19,0857,N20,VIIRS,n,2,278.17,4.36,N,0
49.27647,-119.66283,302.47,0.52,0.66,2023-08-19,0857,N20,VIIRS,n,2,281.09,3.43,N,0
49.27651,-119.6685,314.38,0.52,0.66,2023-08-19,0857,N20,VIIRS,n,2,285.24,3.16,N,0
49.27655,-119.67416,329.34,0.52,0.67,2023-08-19,0857,N20,VIIRS,n,2,286.95,3.16,N,0
49.27659,-119.68006,302.42,0.52,0.67,2023-08-19,0857,N20,VIIRS,n,2,281.02,5.01,N,0
49.28262,-119.65803,324.49,0.51,0.66,2023-08-19,0857,N20,VIIRS,n,2,284.58,3.76,N,0
49.28265,-119.66322,325.77,0.52,0.66,2023-08-19,0857,N20,VIIRS,n,2,286.21,3.76,N,0
49.28269,-119.66848,353.16,0.52,0.66,2023-08-19,0857,N20,VIIRS,n,2,288.02,4.07,N,0
49.28273,-119.67416,316.14,0.52,0.67,2023-08-19,0857,N20,VIIRS,n,2,281.16,4.07,N,0
49.28277,-119.68054,295.04,0.52,0.67,2023-08-19,0857,N20,VIIRS,n,2,278.2,1.52,N,0
49.28876,-119.65314,300.63,0.51,0.66,2023-08-19,0857,N20,VIIRS,n,2,279.3,5.21,N,0
49.28879,-119.658,314.8,0.51,0.66,2023-08-19,0857,N20,VIIRS,n,2,278.39,3.76,N,0
49.28883,-119.66293,309.72,0.52,0.66,2023-08-19,0857,N20,VIIRS,n,2,276.67,3.76,N,0
49.28886,-119.66814,296.48,0.52,0.66,2023-08-19,0857,N20,VIIRS,n,2,273.83,4.07,N,0
49.28891,-119.67403,297.58,0.52,0.67,2023-08-19,0857,N20,VIIRS,n,2,271.65,4.07,N,0
49.28895,-119.68083,298.38,0.52,0.67,2023-08-19,0857,N20,VIIRS,n,2,270.18,1.52,N,0
49.30763,-119.69979,295.4,0.52,0.67,2023-08-19,0857,N20,VIIRS,n,2,280.95,2.7,N,0
49.30769,-119.70731,296.28,0.52,0.67,2023-08-19,0857,N20,VIIRS,n,2,280.45,2.7,N,0
49.30775,-119.71599,297.13,0.52,0.67,2023-08-19,0857,N20,VIIRS,n,2,280.23,2.09,N,0
49.31384,-119.70258,329.25,0.52,0.67,2023-08-19,0857,N20,VIIRS,n,2,284.77,2.7,N,0
49.31389,-119.70919,321.01,0.52,0.67,2023-08-19,0857,N20,VIIRS,n,2,283.93,2.7,N,0
49.31395,-119.71711,306.6,0.52,0.67,2023-08-19,0857,N20,VIIRS,n,2,280.64,2.09,N,0
49.46904,-117.76897,302.01,0.42,0.61,2023-08-19,0857,N20,VIIRS,n,2,278.91,0.99,N,0
49.47467,-117.76546,317.58,0.42,0.61,2023-08-19,0857,N20,VIIRS,n,2,282.2,1.57,N,0
49.47485,-117.7731,300.53,0.42,0.61,2023-08-19,0857,N20,VIIRS,n,2,278.16,1.57,N,0
49.4803,-117.76202,296.25,0.42,0.61,2023-08-19,0857,N20,VIIRS,n,2,278.96,1.57,N,0
49.48046,-117.76918,308.77,0.42,0.61,2023-08-19,0857,N20,VIIRS,n,2,279.74,1.57,N,0
49.48065,-117.77756,303.99,0.42,0.61,2023-08-19,0857,N20,VIIRS,n,2,279.12,1.78,N,0
49.0001,-119.88754,330.78,0.41,0.45,2023-08-19,1037,N20,VIIRS,n,2,282.22,4.94,N,0
49.00015,-119.9063,355.33,0.4,0.45,2023-08-19,1037,N20,VIIRS,n,2,293.15,6.85,N,0
49.00056,-120.0015,306.77,0.4,0.44,2023-08-19,1037,N20,VIIRS,n,2,279.98,2,N,0
49.00094,-120.04075,313.54,0.4,0.44,2023-08-19,1037,N20,VIIRS,n,2,279.81,2.04,N,0
49.00133,-120.02362,306.25,0.4,0.44,2023-08-19,1037,N20,VIIRS,n,2,282.08,2.82,N,0
49.00138,-119.89294,329.05,0.41,0.45,2023-08-19,1037,N20,VIIRS,n,2,286.95,4.93,N,0
49.00146,-119.91183,336.31,0.4,0.45,2023-08-19,1037,N20,VIIRS,n,2,276.5,6.85,N,0
49.00173,-120.00546,312.47,0.4,0.44,2023-08-19,1037,N20,VIIRS,n,2,280.6,6.08,N,0
49.00179,-120.00678,309.62,0.4,0.44,2023-08-19,1037,N20,VIIRS,n,2,279.21,1.66,N,0
49.00236,-120.02809,304.89,0.4,0.44,2023-08-19,1037,N20,VIIRS,n,2,284.13,1.93,N,0
49.00259,-119.89814,335.05,0.41,0.45,2023-08-19,1037,N20,VIIRS,n,2,288.95,4.93,N,0
49.00293,-120.01055,310.96,0.4,0.44,2023-08-19,1037,N20,VIIRS,n,2,280.65,3.25,N,0
49.00296,-120.01189,308.14,0.4,0.44,2023-08-19,1037,N20,VIIRS,n,2,280.08,1.66,N,0
49.00344,-120.03279,311.69,0.4,0.44,2023-08-19,1037,N20,VIIRS,n,2,284.28,1.93,N,0
49.00385,-119.90343,331.08,0.4,0.45,2023-08-19,1037,N20,VIIRS,n,2,286.15,6.85,N,0
49.00395,-119.88531,336.69,0.41,0.45,2023-08-19,1037,N20,VIIRS,n,2,282.04,6.43,N,0
49.00414,-120.01702,311.45,0.4,0.44,2023-08-19,1037,N20,VIIRS,n,2,281.32,2.82,N,0
49.00461,-120.03783,309.46,0.4,0.44,2023-08-19,1037,N20,VIIRS,n,2,282.65,2.2,N,0
49.00465,-120.03635,315.1,0.4,0.44,2023-08-19,1037,N20,VIIRS,n,2,283.87,3.98,N,0
49.00516,-119.90901,337.84,0.4,0.45,2023-08-19,1037,N20,VIIRS,n,2,285.73,6.85,N,0
49.00523,-119.89073,342.57,0.41,0.45,2023-08-19,1037,N20,VIIRS,n,2,285.31,4.48,N,0
49.00525,-120.02179,330.17,0.4,0.44,2023-08-19,1037,N20,VIIRS,n,2,285.23,2.82,N,0
49.00528,-120.02054,326.32,0.4,0.44,2023-08-19,1037,N20,VIIRS,n,2,284.57,4.58,N,0
49.00558,-120.00333,311.95,0.4,0.44,2023-08-19,1037,N20,VIIRS,n,2,281.35,3.1,N,0
49.00592,-120.04173,299.4,0.4,0.44,2023-08-19,1037,N20,VIIRS,n,2,280.02,2.29,N,0
49.00631,-120.0264,314.77,0.4,0.44,2023-08-19,1037,N20,VIIRS,n,2,283.09,1.93,N,0
49.00637,-120.02515,323.03,0.4,0.44,2023-08-19,1037,N20,VIIRS,n,2,283.14,4.58,N,0
49.00651,-119.89617,301.16,0.41,0.45,2023-08-19,1037,N20,VIIRS,n,2,279.33,4.48,N,0
49.00652,-119.91479,300.84,0.4,0.45,2023-08-19,1037,N20,VIIRS,n,2,274.89,2.16,N,0
49.00686,-119.99028,312.93,0.4,0.44,2023-08-19,1037,N20,VIIRS,n,2,283.29,3.49,N,0
49.00734,-120.03086,313.53,0.4,0.44,2023-08-19,1037,N20,VIIRS,n,2,287.59,1.93,N,0
49.00783,-119.90177,313.54,0.4,0.45,2023-08-19,1037,N20,VIIRS,n,2,281.99,1.64,N,0
49.00796,-120.01344,314.04,0.4,0.44,2023-08-19,1037,N20,VIIRS,n,2,280.65,3.72,N,0
49.00837,-120.0353,320.15,0.4,0.44,2023-08-19,1037,N20,VIIRS,n,2,287.34,2.2,N,0
49.00845,-120.03404,319.45,0.4,0.44,2023-08-19,1037,N20,VIIRS,n,2,288.91,3.98,N,0
49.00913,-119.9073,307.94,0.4,0.45,2023-08-19,1037,N20,VIIRS,n,2,279.71,1.64,N,0
49.00914,-120.01843,310.55,0.4,0.44,2023-08-19,1037,N20,VIIRS,n,2,281.72,2.43,N,0
49.00938,-120.00096,310.33,0.4,0.44,2023-08-19,1037,N20,VIIRS,n,2,280.8,3.1,N,0
49.0095,-120.04023,309.25,0.4,0.44,2023-08-19,1037,N20,VIIRS,n,2,281.27,2.2,N,0
49.00957,-120.03879,317.34,0.4,0.44,2023-08-19,1037,N20,VIIRS,n,2,284,2.29,N,0
49.01026,-120.0232,324.25,0.4,0.44,2023-08-19,1037,N20,VIIRS,n,2,283.24,2.43,N,0
49.01045,-119.91292,304.18,0.4,0.45,2023-08-19,1037,N20,VIIRS,n,2,278.57,1.46,N,0
49.01057,-119.98756,311.95,0.4,0.44,2023-08-19,1037,N20,VIIRS,n,2,282.55,3.05,N,0
49.01064,-120.0063,317.86,0.4,0.44,2023-08-19,1037,N20,VIIRS,n,2,282.19,3.72,N,0
49.01135,-120.02784,312.43,0.4,0.44,2023-08-19,1037,N20,VIIRS,n,2,281.68,2.52,N,0
49.01183,-119.91876,307.1,0.4,0.45,2023-08-19,1037,N20,VIIRS,n,2,276.36,1.46,N,0
49.01283,-119.84863,299.78,0.41,0.45,2023-08-19,1037,N20,VIIRS,n,2,279.57,1.31,N,0
49.01299,-120.01633,314.38,0.4,0.44,2023-08-19,1037,N20,VIIRS,n,2,282.86,2.43,N,0
49.01318,-119.90592,299.29,0.4,0.45,2023-08-19,1037,N20,VIIRS,n,2,275.78,1.64,N,0
49.0132,-119.98024,320.18,0.4,0.44,2023-08-19,1037,N20,VIIRS,n,2,284.39,3.05,N,0
49.01337,-119.86958,297.03,0.41,0.45,2023-08-19,1037,N20,VIIRS,n,2,277.85,1.06,N,0
49.01337,-120.03646,312.88,0.4,0.44,2023-08-19,1037,N20,VIIRS,n,2,285.36,2.72,N,0
49.01405,-119.85382,305.64,0.41,0.45,2023-08-19,1037,N20,VIIRS,n,2,281.11,1.31,N,0
49.01414,-120.02123,322.12,0.4,0.44,2023-08-19,1037,N20,VIIRS,n,2,279.97,2.43,N,0
49.01435,-119.98512,322.42,0.4,0.44,2023-08-19,1037,N20,VIIRS,n,2,283.58,3.05,N,0
49.01443,-119.91125,304.91,0.4,0.45,2023-08-19,1037,N20,VIIRS,n,2,276.66,1.46,N,0
49.01451,-120.04133,322.31,0.4,0.44,2023-08-19,1037,N20,VIIRS,n,2,286.07,2.72,N,0
49.01524,-120.02593,308.18,0.4,0.44,2023-08-19,1037,N20,VIIRS,n,2,279.82,2.52,N,0
49.01554,-119.86018,307.49,0.41,0.45,2023-08-19,1037,N20,VIIRS,n,2,280.69,1.92,N,0
49.01555,-119.99021,308.84,0.4,0.44,2023-08-19,1037,N20,VIIRS,n,2,280.29,5.66,N,0
49.01567,-120.00924,314.83,0.4,0.44,2023-08-19,1037,N20,VIIRS,n,2,282.28,3.8,N,0
49.01576,-120.04665,337.74,0.4,0.44,2023-08-19,1037,N20,VIIRS,n,2,283.19,2.23,N,0
49.01596,-119.88057,299.08,0.41,0.45,2023-08-19,1037,N20,VIIRS,n,2,277.91,2.22,N,0
49.01661,-119.84611,302.81,0.41,0.45,2023-08-19,1037,N20,VIIRS,n,2,282.66,1.31,N,0
49.0169,-120.01443,313.42,0.4,0.44,2023-08-19,1037,N20,VIIRS,n,2,282.19,3.28,N,0
49.01702,-119.86647,308.41,0.41,0.45,2023-08-19,1037,N20,VIIRS,n,2,281.76,1.92,N,0
49.01704,-120.05208,297.9,0.4,0.44,2023-08-19,1037,N20,VIIRS,n,2,277.05,2.23,N,0
49.01723,-119.88598,330.47,0.41,0.45,2023-08-19,1037,N20,VIIRS,n,2,277.16,4.58,N,0
49.01792,-119.85166,306.16,0.41,0.45,2023-08-19,1037,N20,VIIRS,n,2,282.11,1.31,N,0
49.01809,-120.01951,314.92,0.4,0.44,2023-08-19,1037,N20,VIIRS,n,2,282.37,3.28,N,0
49.01811,-120.00111,319.85,0.4,0.44,2023-08-19,1037,N20,VIIRS,n,2,283.48,3.8,N,0
49.01825,-120.03876,306.01,0.4,0.44,2023-08-19,1037,N20,VIIRS,n,2,283.48,2.72,N,0
49.01838,-119.87227,320.06,0.41,0.45,2023-08-19,1037,N20,VIIRS,n,2,284.05,2.52,N,0
49.01933,-119.85766,305.75,0.41,0.45,2023-08-19,1037,N20,VIIRS,n,2,282.61,1.92,N,0
49.01938,-119.988,307.91,0.4,0.44,2023-08-19,1037,N20,VIIRS,n,2,279.71,4.32,N,0
49.0195,-120.04406,316.67,0.4,0.44,2023-08-19,1037,N20,VIIRS,n,2,281.95,2.23,N,0
49.01964,-119.91485,300.36,0.4,0.45,2023-08-19,1037,N20,VIIRS,n,2,276.66,1.78,N,0
49.0197,-119.87785,327.51,0.41,0.45,2023-08-19,1037,N20,VIIRS,n,2,286.24,2.52,N,0
49.02042,-119.84364,317.14,0.41,0.45,2023-08-19,1037,N20,VIIRS,n,2,284.93,1.7,N,0
49.02074,-119.86367,322.21,0.41,0.45,2023-08-19,1037,N20,VIIRS,n,2,285.47,1.92,N,0
49.02078,-119.91971,309.7,0.4,0.45,2023-08-19,1037,N20,VIIRS,n,2,278.63,1.99,N,0
49.02094,-120.05015,307.26,0.4,0.44,2023-08-19,1037,N20,VIIRS,n,2,279.72,2.23,N,0
49.02104,-119.88361,342.37,0.41,0.45,2023-08-19,1037,N20,VIIRS,n,2,294.1,23.56,N,0
49.02182,-119.84963,320.89,0.41,0.45,2023-08-19,1037,N20,VIIRS,n,2,282.63,1.7,N,0
49.02192,-119.92451,306.93,0.4,0.45,2023-08-19,1037,N20,VIIRS,n,2,278.58,1.99,N,0
49.02211,-119.86953,311.7,0.41,0.45,2023-08-19,1037,N20,VIIRS,n,2,282.61,2.52,N,0
49.02242,-119.88945,330.93,0.41,0.45,2023-08-19,1037,N20,VIIRS,n,2,275.53,23.56,N,0
49.02297,-120.02177,314.36,0.4,0.44,2023-08-19,1037,N20,VIIRS,n,2,282.95,2.69,N,0
49.02301,-119.83604,300.75,0.41,0.45,2023-08-19,1037,N20,VIIRS,n,2,281.39,2.61,N,0
49.02307,-119.92945,307.03,0.4,0.44,2023-08-19,1037,N20,VIIRS,n,2,279.29,2.48,N,0
49.02327,-119.8558,310.42,0.41,0.45,2023-08-19,1037,N20,VIIRS,n,2,281.22,1.98,N,0
49.02351,-119.87547,300.13,0.41,0.45,2023-08-19,1037,N20,VIIRS,n,2,279.01,2.52,N,0
49.02394,-120.02595,311.4,0.4,0.44,2023-08-19,1037,N20,VIIRS,n,2,284.73,2.69,N,0
49.02432,-119.82292,297.72,0.41,0.45,2023-08-19,1037,N20,VIIRS,n,2,279.59,1.35,N,0
49.02441,-119.842,298.49,0.41,0.45,2023-08-19,1037,N20,VIIRS,n,2,280.11,1.7,N,0
49.02465,-119.86166,304.02,0.41,0.45,2023-08-19,1037,N20,VIIRS,n,2,280.97,1.98,N,0
49.02472,-119.91791,321.7,0.4,0.45,2023-08-19,1037,N20,VIIRS,n,2,280.11,1.99,N,0
49.02544,-119.93957,308.01,0.4,0.44,2023-08-19,1037,N20,VIIRS,n,2,278.77,3.36,N,0
49.02587,-119.92277,316.12,0.4,0.45,2023-08-19,1037,N20,VIIRS,n,2,279.69,1.99,N,0
49.02588,-119.84824,297.86,0.41,0.45,2023-08-19,1037,N20,VIIRS,n,2,279.24,1.7,N,0
49.02597,-120.03463,308.61,0.4,0.44,2023-08-19,1037,N20,VIIRS,n,2,283.53,4.48,N,0
49.0267,-120.01916,313.89,0.4,0.44,2023-08-19,1037,N20,VIIRS,n,2,282.28,4.58,N,0
49.02683,-120.00117,308.34,0.4,0.44,2023-08-19,1037,N20,VIIRS,n,2,280.74,4.55,N,0
49.02699,-119.92752,304.26,0.4,0.44,2023-08-19,1037,N20,VIIRS,n,2,278.8,2.48,N,0
49.0274,-119.8734,303.94,0.41,0.45,2023-08-19,1037,N20,VIIRS,n,2,279.38,1.38,N,0
49.02813,-120.0067,311.32,0.4,0.44,2023-08-19,1037,N20,VIIRS,n,2,282.31,2.62,N,0
49.02834,-119.82135,309.69,0.41,0.45,2023-08-19,1037,N20,VIIRS,n,2,281.7,1.35,N,0
49.02852,-119.84084,303.21,0.41,0.45,2023-08-19,1037,N20,VIIRS,n,2,279.94,1.44,N,0
49.0288,-119.87939,306.9,0.41,0.45,2023-08-19,1037,N20,VIIRS,n,2,278.43,1.48,N,0
49.02897,-120.04738,332.33,0.4,0.44,2023-08-19,1037,N20,VIIRS,n,2,281.82,6.45,N,0
49.02934,-120.01189,306.14,0.4,0.44,2023-08-19,1037,N20,VIIRS,n,2,280.79,2.62,N,0
49.02984,-120.03257,307.7,0.4,0.44,2023-08-19,1037,N20,VIIRS,n,2,283.25,3.75,N,0
49.02998,-119.84708,312.44,0.41,0.45,2023-08-19,1037,N20,VIIRS,n,2,279.29,1.44,N,0
49.02999,-119.86581,298.49,0.41,0.45,2023-08-19,1037,N20,VIIRS,n,2,278.3,1.38,N,0
49.0302,-119.88541,295.34,0.41,0.45,2023-08-19,1037,N20,VIIRS,n,2,274.63,1.48,N,0
49.03097,-119.92593,308.51,0.4,0.44,2023-08-19,1037,N20,VIIRS,n,2,276.46,1.34,N,0
49.03108,-119.98218,308.84,0.4,0.44,2023-08-19,1037,N20,VIIRS,n,2,280.78,4.04,N,0
49.03119,-119.83353,301.64,0.41,0.45,2023-08-19,1037,N20,VIIRS,n,2,279.69,2.83,N,0
49.03129,-120.03877,330.84,0.4,0.44,2023-08-19,1037,N20,VIIRS,n,2,288.52,21.25,N,0
49.03138,-119.87176,299.94,0.41,0.45,2023-08-19,1037,N20,VIIRS,n,2,277.62,1.38,N,0
49.03142,-119.85323,297.77,0.41,0.45,2023-08-19,1037,N20,VIIRS,n,2,276.85,1.26,N,0
49.03267,-119.83986,301.72,0.41,0.45,2023-08-19,1037,N20,VIIRS,n,2,278.16,1.44,N,0
49.03273,-119.87753,318.29,0.41,0.45,2023-08-19,1037,N20,VIIRS,n,2,280.58,1.48,N,0
49.03281,-119.85918,314.24,0.41,0.45,2023-08-19,1037,N20,VIIRS,n,2,278.58,1.26,N,0
49.03286,-120.04544,334.6,0.4,0.44,2023-08-19,1037,N20,VIIRS,n,2,311.06,21.25,N,0
49.03301,-120.009,307.94,0.4,0.44,2023-08-19,1037,N20,VIIRS,n,2,280.79,2.73,N,0
49.03369,-120.03049,312.23,0.4,0.44,2023-08-19,1037,N20,VIIRS,n,2,284.2,3.75,N,0
49.03413,-119.88349,307.04,0.41,0.45,2023-08-19,1037,N20,VIIRS,n,2,276.93,1.48,N,0
49.03414,-119.84618,310.72,0.41,0.45,2023-08-19,1037,N20,VIIRS,n,2,278.27,1.44,N,0
49.03418,-119.86503,321.6,0.41,0.45,2023-08-19,1037,N20,VIIRS,n,2,278.43,1.49,N,0
49.03426,-120.05139,338.11,0.4,0.44,2023-08-19,1037,N20,VIIRS,n,2,279.62,21.07,N,0
49.03522,-120.03697,355.85,0.4,0.44,2023-08-19,1037,N20,VIIRS,n,2,295.19,21.25,N,0
49.03548,-119.87058,296.57,0.41,0.45,2023-08-19,1037,N20,VIIRS,n,2,276.65,1.49,N,0
49.03561,-119.85245,297.12,0.41,0.45,2023-08-19,1037,N20,VIIRS,n,2,275.37,1.26,N,0
49.03615,-119.92941,301.76,0.4,0.44,2023-08-19,1037,N20,VIIRS,n,2,275.38,1.34,N,0
49.03671,-120.04332,355.85,0.4,0.44,2023-08-19,1037,N20,VIIRS,n,2,295.14,21.25,N,0
49.03674,-119.87598,330.98,0.41,0.45,2023-08-19,1037,N20,VIIRS,n,2,280.68,2.78,N,0
49.03704,-119.85855,299.12,0.41,0.45,2023-08-19,1037,N20,VIIRS,n,2,276.99,1.26,N,0
49.03725,-119.9341,305.49,0.4,0.44,2023-08-19,1037,N20,VIIRS,n,2,276.55,3.75,N,0
49.0376,-120.02861,307.46,0.4,0.44,2023-08-19,1037,N20,VIIRS,n,2,282.87,1.97,N,0
49.03806,-119.88164,315.57,0.41,0.45,2023-08-19,1037,N20,VIIRS,n,2,276.8,2.78,N,0
49.03809,-120.04922,337.23,0.4,0.44,2023-08-19,1037,N20,VIIRS,n,2,278.94,21.07,N,0
49.03826,-119.84508,301.73,0.41,0.45,2023-08-19,1037,N20,VIIRS,n,2,276.12,1.36,N,0
49.03838,-119.86427,295.5,0.41,0.45,2023-08-19,1037,N20,VIIRS,n,2,275.64,1.49,N,0
49.03913,-120.03511,330.17,0.4,0.44,2023-08-19,1037,N20,VIIRS,n,2,288.14,4.79,N,0
49.03944,-119.94347,306.49,0.4,0.44,2023-08-19,1037,N20,VIIRS,n,2,278.75,2.99,N,0
49.04008,-120.02065,302.88,0.4,0.44,2023-08-19,1037,N20,VIIRS,n,2,281.13,1.97,N,0
49.04059,-120.04135,350.47,0.4,0.44,2023-08-19,1037,N20,VIIRS,n,2,291.97,4.79,N,0
49.04085,-119.87485,316.63,0.41,0.45,2023-08-19,1037,N20,VIIRS,n,2,278,2.78,N,0
49.04195,-120.04716,322.83,0.4,0.44,2023-08-19,1037,N20,VIIRS,n,2,277.86,8.46,N,0
49.043,-120.03312,311.59,0.4,0.44,2023-08-19,1037,N20,VIIRS,n,2,283.68,4.79,N,0
49.04443,-120.03919,325.29,0.4,0.44,2023-08-19,1037,N20,VIIRS,n,2,284.94,4.79,N,0
49.04567,-119.95148,311.04,0.4,0.44,2023-08-19,1037,N20,VIIRS,n,2,279.53,1.52,N,0
49.04577,-120.04494,337.77,0.4,0.44,2023-08-19,1037,N20,VIIRS,n,2,287.45,8.46,N,0
49.04683,-119.95645,305.1,0.4,0.44,2023-08-19,1037,N20,VIIRS,n,2,278.23,1.52,N,0
49.04683,-120.03091,306.68,0.4,0.44,2023-08-19,1037,N20,VIIRS,n,2,282.14,1.47,N,0
49.04705,-120.05042,348.14,0.4,0.44,2023-08-19,1037,N20,VIIRS,n,2,284.26,8.46,N,0
49.04737,-119.94013,306.79,0.4,0.44,2023-08-19,1037,N20,VIIRS,n,2,277.67,2.01,N,0
49.04801,-119.96152,306.47,0.4,0.44,2023-08-19,1037,N20,VIIRS,n,2,279.18,2.34,N,0
49.04821,-120.03682,314.07,0.4,0.44,2023-08-19,1037,N20,VIIRS,n,2,283.19,1.47,N,0
49.04849,-119.94492,303.13,0.4,0.44,2023-08-19,1037,N20,VIIRS,n,2,277.57,2.01,N,0
49.04951,-120.04238,308.85,0.4,0.44,2023-08-19,1037,N20,VIIRS,n,2,281.35,2.34,N,0
49.04964,-119.94987,309.83,0.4,0.44,2023-08-19,1037,N20,VIIRS,n,2,280.16,1.52,N,0
49.05076,-120.04773,318.72,0.4,0.44,2023-08-19,1037,N20,VIIRS,n,2,278.86,2.34,N,0
49.0508,-119.95484,308.3,0.4,0.44,2023-08-19,1037,N20,VIIRS,n,2,280.37,1.52,N,0
49.05193,-120.03416,304.38,0.4,0.44,2023-08-19,1037,N20,VIIRS,n,2,280.83,1.47,N,0
49.05197,-119.95983,311.83,0.4,0.44,2023-08-19,1037,N20,VIIRS,n,2,281.69,2.34,N,0
49.05197,-120.05291,327.87,0.4,0.44,2023-08-19,1037,N20,VIIRS,n,2,280.04,12.58,N,0
49.05312,-120.05785,327.25,0.4,0.44,2023-08-19,1037,N20,VIIRS,n,2,274.9,12.58,N,0
49.05569,-120.05032,310.5,0.4,0.44,2023-08-19,1037,N20,VIIRS,n,2,280.99,12.58,N,0
49.05592,-119.95811,302.93,0.4,0.44,2023-08-19,1037,N20,VIIRS,n,2,278.79,1.73,N,0
49.05687,-120.05533,346.81,0.4,0.44,2023-08-19,1037,N20,VIIRS,n,2,294.78,12.58,N,0
49.05823,-120.04256,301.49,0.4,0.44,2023-08-19,1037,N20,VIIRS,n,2,279.42,1.83,N,0
49.05945,-120.04781,303.46,0.4,0.44,2023-08-19,1037,N20,VIIRS,n,2,279.94,2.85,N,0
49.06063,-120.05287,316.68,0.4,0.44,2023-08-19,1037,N20,VIIRS,n,2,279.9,2.85,N,0
49.06179,-120.05784,344.94,0.4,0.44,2023-08-19,1037,N20,VIIRS,n,2,284.18,4.83,N,0
49.0656,-120.05557,300.45,0.4,0.44,2023-08-19,1037,N20,VIIRS,n,2,278.54,4.83,N,0
49.06685,-120.061,306.52,0.4,0.44,2023-08-19,1037,N20,VIIRS,n,2,278.28,4.83,N,0
49.06816,-120.06661,297.01,0.4,0.44,2023-08-19,1037,N20,VIIRS,n,2,276.39,0.83,N,0
49.0707,-120.05889,295.98,0.4,0.44,2023-08-19,1037,N20,VIIRS,n,2,279.78,1.81,N,0
49.07203,-120.06464,313.05,0.4,0.44,2023-08-19,1037,N20,VIIRS,n,2,281.22,1.14,N,0
49.07336,-120.07034,304.06,0.4,0.44,2023-08-19,1037,N20,VIIRS,n,2,277.42,1.14,N,0
49.0759,-120.06266,296.6,0.4,0.44,2023-08-19,1037,N20,VIIRS,n,2,277.67,1.14,N,0
49.07722,-120.06833,295.97,0.4,0.44,2023-08-19,1037,N20,VIIRS,n,2,277.51,1.14,N,0
49.08231,-120.07161,305.15,0.4,0.44,2023-08-19,1037,N20,VIIRS,n,2,280.09,3.78,N,0
49.08361,-120.07721,307.98,0.4,0.44,2023-08-19,1037,N20,VIIRS,n,2,278.43,3.78,N,0
49.08491,-120.08282,308.69,0.4,0.44,2023-08-19,1037,N20,VIIRS,n,2,276.91,108.17,N,0
49.08604,-120.06903,296.29,0.4,0.44,2023-08-19,1037,N20,VIIRS,n,2,277.36,3.78,N,0
49.08616,-120.08822,297.08,0.4,0.44,2023-08-19,1037,N20,VIIRS,n,2,274.52,108.17,N,0
49.08733,-120.0746,334.27,0.4,0.44,2023-08-19,1037,N20,VIIRS,n,2,286.22,3.78,N,0
49.08988,-120.08561,341.5,0.4,0.44,2023-08-19,1037,N20,VIIRS,n,2,297.26,108.17,N,0
49.09109,-120.07217,303.74,0.4,0.44,2023-08-19,1037,N20,VIIRS,n,2,279.13,2.69,N,0
49.09237,-120.07771,342.08,0.4,0.44,2023-08-19,1037,N20,VIIRS,n,2,286.84,10.93,N,0
49.09361,-120.08308,353.66,0.4,0.44,2023-08-19,1037,N20,VIIRS,n,2,298.89,10.93,N,0
49.09478,-120.08811,328.68,0.4,0.44,2023-08-19,1037,N20,VIIRS,n,2,276.93,5.07,N,0
49.09613,-120.07524,301.37,0.4,0.44,2023-08-19,1037,N20,VIIRS,n,2,279.01,10.93,N,0
49.09734,-120.08049,315.61,0.4,0.44,2023-08-19,1037,N20,VIIRS,n,2,284.14,10.93,N,0
49.09851,-120.08555,324.09,0.4,0.44,2023-08-19,1037,N20,VIIRS,n,2,281.28,5.07,N,0
49.09985,-120.07262,306.42,0.4,0.44,2023-08-19,1037,N20,VIIRS,n,2,278.01,1.09,N,0
49.10104,-120.07776,299.59,0.4,0.44,2023-08-19,1037,N20,VIIRS,n,2,280.19,1.09,N,0
49.10221,-120.08286,306.1,0.4,0.44,2023-08-19,1037,N20,VIIRS,n,2,282.04,2.38,N,0
49.10338,-120.08794,341.85,0.4,0.44,2023-08-19,1037,N20,VIIRS,n,2,282.67,2.38,N,0
49.10475,-120.07511,306.1,0.4,0.44,2023-08-19,1037,N20,VIIRS,n,2,282.47,1.09,N,0
49.10593,-120.08022,308.52,0.4,0.44,2023-08-19,1037,N20,VIIRS,n,2,282.42,2.38,N,0
49.10714,-120.08549,306.03,0.4,0.44,2023-08-19,1037,N20,VIIRS,n,2,281.15,2.38,N,0
49.10944,-120.09546,305.25,0.4,0.44,2023-08-19,1037,N20,VIIRS,n,2,280.83,2.75,N,0
49.11052,-120.10012,317.45,0.4,0.44,2023-08-19,1037,N20,VIIRS,n,2,280.19,2.81,N,0
49.11155,-120.1046,324.07,0.4,0.44,2023-08-19,1037,N20,VIIRS,n,2,277.97,2.81,N,0
49.11428,-120.09772,297.12,0.4,0.44,2023-08-19,1037,N20,VIIRS,n,2,279.51,1.39,N,0
49.11528,-120.10204,323.22,0.4,0.44,2023-08-19,1037,N20,VIIRS,n,2,282.39,1.39,N,0
49.11627,-120.10634,313.74,0.4,0.44,2023-08-19,1037,N20,VIIRS,n,2,281.62,4.5,N,0
49.11732,-120.11089,316.47,0.39,0.44,2023-08-19,1037,N20,VIIRS,n,2,281.16,4.5,N,0
49.11796,-121.26669,295.71,0.54,0.42,2023-08-19,1037,N20,VIIRS,n,2,281.72,2.38,N,0
49.11899,-120.09938,295.52,0.4,0.44,2023-08-19,1037,N20,VIIRS,n,2,281.34,1.39,N,0
49.11997,-120.10363,306.13,0.4,0.44,2023-08-19,1037,N20,VIIRS,n,2,282.81,4.5,N,0
49.12098,-120.10802,330.04,0.39,0.44,2023-08-19,1037,N20,VIIRS,n,2,286.34,4.5,N,0
49.12132,-121.26328,317.71,0.54,0.42,2023-08-19,1037,N20,VIIRS,n,2,286.89,2.38,N,0
49.12207,-120.11275,338.19,0.39,0.44,2023-08-19,1037,N20,VIIRS,n,2,289.38,21.9,N,0
49.1228,-121.27,310.1,0.54,0.42,2023-08-19,1037,N20,VIIRS,n,2,283.16,1.91,N,0
49.12302,-121.2524,306.95,0.54,0.42,2023-08-19,1037,N20,VIIRS,n,2,283.79,1.58,N,0
49.12359,-120.10059,297.76,0.4,0.44,2023-08-19,1037,N20,VIIRS,n,2,282.48,2.4,N,0
49.12458,-120.10487,332.38,0.39,0.44,2023-08-19,1037,N20,VIIRS,n,2,286.8,2.4,N,0
49.12465,-121.25977,300.62,0.54,0.42,2023-08-19,1037,N20,VIIRS,n,2,284.03,1.58,N,0
49.12562,-120.10942,336.73,0.39,0.44,2023-08-19,1037,N20,VIIRS,n,2,281.92,4.79,N,0
49.12614,-121.26656,311.6,0.54,0.42,2023-08-19,1037,N20,VIIRS,n,2,284.27,1.91,N,0
49.1271,-120.09705,295.6,0.4,0.44,2023-08-19,1037,N20,VIIRS,n,2,282.1,2.4,N,0
49.12815,-120.10164,326.59,0.39,0.44,2023-08-19,1037,N20,VIIRS,n,2,284.3,2.4,N,0
49.12924,-120.10638,341.68,0.39,0.44,2023-08-19,1037,N20,VIIRS,n,2,282.84,4.79,N,0
49.13182,-120.09877,301.7,0.39,0.44,2023-08-19,1037,N20,VIIRS,n,2,283.95,1.51,N,0
49.13271,-120.09755,302.93,0.39,0.44,2023-08-19,1037,N20,VIIRS,n,2,284.05,2.02,N,0
49.13298,-120.10384,352,0.39,0.44,2023-08-19,1037,N20,VIIRS,n,2,289.6,6.13,N,0
49.13389,-120.10256,340.22,0.39,0.44,2023-08-19,1037,N20,VIIRS,n,2,287.62,2.02,N,0
49.1344,-120.09122,295.63,0.4,0.44,2023-08-19,1037,N20,VIIRS,n,2,283.55,1.51,N,0
49.13521,-120.10818,300.87,0.39,0.44,2023-08-19,1037,N20,VIIRS,n,2,281.56,2.02,N,0
49.13536,-119.88643,295.29,0.4,0.44,2023-08-19,1037,N20,VIIRS,n,2,275.41,0.72,N,0
49.13544,-120.01676,296.75,0.4,0.44,2023-08-19,1037,N20,VIIRS,n,2,277.16,0.48,N,0
49.13561,-120.09646,311.25,0.39,0.44,2023-08-19,1037,N20,VIIRS,n,2,284.81,1.51,N,0
49.13651,-120.09526,320.24,0.39,0.44,2023-08-19,1037,N20,VIIRS,n,2,284.1,2.02,N,0
49.13684,-120.10185,309.06,0.39,0.44,2023-08-19,1037,N20,VIIRS,n,2,282.59,6.13,N,0
49.13784,-120.10095,305.04,0.39,0.44,2023-08-19,1037,N20,VIIRS,n,2,282.42,2.02,N,0
49.14074,-120.09483,297.56,0.39,0.44,2023-08-19,1037,N20,VIIRS,n,2,281.97,0.97,N,0
49.14223,-120.10117,295.75,0.39,0.44,2023-08-19,1037,N20,VIIRS,n,2,281.09,0.97,N,0
49.14798,-120.10721,335.15,0.39,0.44,2023-08-19,1037,N20,VIIRS,n,2,284.66,2.84,N,0
49.14927,-120.11275,298.03,0.39,0.44,2023-08-19,1037,N20,VIIRS,n,2,276.08,2.84,N,0
49.15075,-120.10056,300.52,0.39,0.44,2023-08-19,1037,N20,VIIRS,n,2,278.84,2.13,N,0
49.15203,-120.10605,340.49,0.39,0.44,2023-08-19,1037,N20,VIIRS,n,2,295.94,19.56,N,0
49.15329,-120.11143,325.3,0.39,0.44,2023-08-19,1037,N20,VIIRS,n,2,276.23,19.56,N,0
49.15606,-120.1048,344.99,0.39,0.44,2023-08-19,1037,N20,VIIRS,n,2,297.19,19.56,N,0
49.15726,-120.10999,337.27,0.39,0.44,2023-08-19,1037,N20,VIIRS,n,2,280.44,19.56,N,0
49.16281,-120.09673,314.19,0.39,0.44,2023-08-19,1037,N20,VIIRS,n,2,278.73,2.23,N,0
49.16403,-120.10197,296.27,0.39,0.44,2023-08-19,1037,N20,VIIRS,n,2,274.93,1.45,N,0
49.19187,-119.96106,296.4,0.4,0.44,2023-08-19,1037,N20,VIIRS,n,2,281.42,0.81,N,0
49.19363,-120.08076,302.02,0.39,0.44,2023-08-19,1037,N20,VIIRS,n,2,274.65,2.06,N,0
49.19487,-120.08616,321.84,0.39,0.44,2023-08-19,1037,N20,VIIRS,n,2,276.09,2.52,N,0
49.19728,-120.07793,312.54,0.39,0.44,2023-08-19,1037,N20,VIIRS,n,2,278.99,3.71,N,0
49.19857,-120.08348,337.87,0.39,0.44,2023-08-19,1037,N20,VIIRS,n,2,279.69,3.6,N,0
49.20018,-119.95944,295.3,0.4,0.44,2023-08-19,1037,N20,VIIRS,n,2,282.65,0.79,N,0
49.20142,-119.96481,297.57,0.4,0.44,2023-08-19,1037,N20,VIIRS,n,2,280.33,0.79,N,0
49.20347,-121.40145,321.91,0.53,0.42,2023-08-19,1037,N20,VIIRS,n,2,282.58,1.79,N,0
49.2035,-120.08613,303.05,0.39,0.44,2023-08-19,1037,N20,VIIRS,n,2,278.61,3.6,N,0
49.20446,-121.40068,328.96,0.53,0.42,2023-08-19,1037,N20,VIIRS,n,2,283.82,5,N,0
49.2051,-119.98064,303.11,0.4,0.44,2023-08-19,1037,N20,VIIRS,n,2,285.17,0.99,N,0
49.20595,-119.98432,326.49,0.4,0.44,2023-08-19,1037,N20,VIIRS,n,2,289.23,3.68,N,0
49.2062,-119.94785,311.37,0.4,0.44,2023-08-19,1037,N20,VIIRS,n,2,284.77,2.36,N,0
49.20679,-121.39807,295.76,0.53,0.42,2023-08-19,1037,N20,VIIRS,n,2,282.59,1.79,N,0
49.20687,-119.98828,328.94,0.4,0.44,2023-08-19,1037,N20,VIIRS,n,2,284.46,3.68,N,0
49.20713,-119.95188,318.75,0.4,0.44,2023-08-19,1037,N20,VIIRS,n,2,288.17,2.86,N,0
49.2072,-120.08353,307.43,0.39,0.44,2023-08-19,1037,N20,VIIRS,n,2,282.95,1.68,N,0
49.20818,-119.95644,324.31,0.4,0.44,2023-08-19,1037,N20,VIIRS,n,2,287.12,2.86,N,0
49.20834,-120.08844,325.31,0.39,0.44,2023-08-19,1037,N20,VIIRS,n,2,279.7,2.91,N,0
49.20969,-119.98168,334.42,0.4,0.44,2023-08-19,1037,N20,VIIRS,n,2,287.95,2.6,N,0
49.21066,-119.98591,298.12,0.4,0.44,2023-08-19,1037,N20,VIIRS,n,2,283.43,2.6,N,0
49.21091,-120.08092,306.92,0.39,0.44,2023-08-19,1037,N20,VIIRS,n,2,282.42,1.68,N,0
49.21239,-119.97466,298.36,0.4,0.44,2023-08-19,1037,N20,VIIRS,n,2,285.13,1.55,N,0
49.21268,-119.95709,300.23,0.4,0.44,2023-08-19,1037,N20,VIIRS,n,2,285.9,0.85,N,0
49.21374,-119.96169,301.19,0.4,0.44,2023-08-19,1037,N20,VIIRS,n,2,286.49,0.85,N,0
49.21467,-120.07851,317.28,0.39,0.44,2023-08-19,1037,N20,VIIRS,n,2,284.77,12.42,N,0
49.21491,-119.96674,301.14,0.4,0.44,2023-08-19,1037,N20,VIIRS,n,2,285.75,0.91,N,0
49.21505,-119.96514,303.06,0.4,0.44,2023-08-19,1037,N20,VIIRS,n,2,286.01,1.16,N,0
49.21577,-120.08331,336.6,0.39,0.44,2023-08-19,1037,N20,VIIRS,n,2,280.8,13.34,N,0
49.21606,-119.97173,303.05,0.4,0.44,2023-08-19,1037,N20,VIIRS,n,2,286,0.91,N,0
49.21624,-119.97017,295.29,0.4,0.44,2023-08-19,1037,N20,VIIRS,n,2,284.3,0.73,N,0
49.21712,-119.97633,301.91,0.4,0.44,2023-08-19,1037,N20,VIIRS,n,2,284.69,0.97,N,0
49.21735,-119.97491,309.19,0.4,0.44,2023-08-19,1037,N20,VIIRS,n,2,285.73,0.73,N,0
49.21735,-120.07142,295.82,0.39,0.44,2023-08-19,1037,N20,VIIRS,n,2,279.6,12.42,N,0
49.21846,-120.07623,342.9,0.39,0.44,2023-08-19,1037,N20,VIIRS,n,2,302.14,12.42,N,0
49.21953,-120.08087,337.25,0.39,0.44,2023-08-19,1037,N20,VIIRS,n,2,282.31,13.34,N,0
49.22215,-119.99821,303.96,0.4,0.44,2023-08-19,1037,N20,VIIRS,n,2,284.85,1.13,N,0
49.22224,-120.07394,353.59,0.39,0.44,2023-08-19,1037,N20,VIIRS,n,2,293.76,18.53,N,0
49.22327,-120.07838,337.31,0.39,0.44,2023-08-19,1037,N20,VIIRS,n,2,279.28,38.02,N,0
49.22404,-120.00328,308.96,0.4,0.44,2023-08-19,1037,N20,VIIRS,n,2,284.25,0.66,N,0
49.22596,-120.07133,325.89,0.39,0.44,2023-08-19,1037,N20,VIIRS,n,2,288.59,18.53,N,0
49.22699,-120.07583,333.2,0.39,0.44,2023-08-19,1037,N20,VIIRS,n,2,309.42,38.02,N,0
49.22727,-120.00167,301.33,0.4,0.44,2023-08-19,1037,N20,VIIRS,n,2,284.44,1.13,N,0
49.22746,-119.9994,300.97,0.4,0.44,2023-08-19,1037,N20,VIIRS,n,2,285.28,0.66,N,0
49.22965,-120.06862,340.08,0.39,0.44,2023-08-19,1037,N20,VIIRS,n,2,292.12,9.37,N,0
49.2307,-120.07318,333.54,0.39,0.44,2023-08-19,1037,N20,VIIRS,n,2,297.57,20.99,N,0
49.23297,-120.04546,301.48,0.39,0.44,2023-08-19,1037,N20,VIIRS,n,2,283.07,1.12,N,0
49.23326,-120.06556,321.12,0.39,0.44,2023-08-19,1037,N20,VIIRS,n,2,284.77,9.37,N,0
49.23349,-120.04342,301.37,0.39,0.44,2023-08-19,1037,N20,VIIRS,n,2,282.8,0.69,N,0
49.23434,-120.07029,308.69,0.39,0.44,2023-08-19,1037,N20,VIIRS,n,2,280.29,20.99,N,0
49.23535,-120.03696,298.2,0.39,0.44,2023-08-19,1037,N20,VIIRS,n,2,282.16,1.52,N,0
49.23562,-120.05704,296.99,0.39,0.44,2023-08-19,1037,N20,VIIRS,n,2,281.21,0.93,N,0
49.23585,-120.03506,297.82,0.39,0.44,2023-08-19,1037,N20,VIIRS,n,2,282.6,0.69,N,0
49.23657,-120.0423,300.71,0.39,0.44,2023-08-19,1037,N20,VIIRS,n,2,282.85,1.12,N,0
49.23685,-120.06242,303.84,0.39,0.44,2023-08-19,1037,N20,VIIRS,n,2,281.79,0.93,N,0
49.23705,-120.04016,300.11,0.39,0.44,2023-08-19,1037,N20,VIIRS,n,2,283.61,0.69,N,0
49.23748,-120.06037,296.36,0.39,0.44,2023-08-19,1037,N20,VIIRS,n,2,281.13,0.88,N,0
49.23833,-120.02718,303.12,0.39,0.44,2023-08-19,1037,N20,VIIRS,n,2,283.83,1.33,N,0
49.23946,-120.032,301.03,0.39,0.44,2023-08-19,1037,N20,VIIRS,n,2,284.47,0.75,N,0
49.23972,-120.05154,300.25,0.39,0.44,2023-08-19,1037,N20,VIIRS,n,2,282.21,2.16,N,0
49.24048,-120.01793,297.32,0.4,0.44,2023-08-19,1037,N20,VIIRS,n,2,284.27,1.33,N,0
49.24063,-120.03699,296.01,0.39,0.44,2023-08-19,1037,N20,VIIRS,n,2,283.2,0.75,N,0
49.24177,-120.02341,322.55,0.39,0.44,2023-08-19,1037,N20,VIIRS,n,2,286.51,1.33,N,0
49.24192,-120.04253,299.21,0.39,0.44,2023-08-19,1037,N20,VIIRS,n,2,282.42,0.97,N,0
49.24297,-120.02856,303.33,0.39,0.44,2023-08-19,1037,N20,VIIRS,n,2,283.94,0.75,N,0
49.24322,-120.04806,313.56,0.39,0.44,2023-08-19,1037,N20,VIIRS,n,2,282.15,0.97,N,0
49.24422,-120.03391,300.03,0.39,0.44,2023-08-19,1037,N20,VIIRS,n,2,282.37,0.75,N,0
49.25961,-119.67078,298.48,0.41,0.45,2023-08-19,1037,N20,VIIRS,n,2,281.23,1.8,N,0
49.26242,-119.6659,296.68,0.41,0.45,2023-08-19,1037,N20,VIIRS,n,2,283.06,1.17,N,0
49.26328,-119.6677,321.67,0.41,0.45,2023-08-19,1037,N20,VIIRS,n,2,285.29,1.8,N,0
49.26393,-119.6722,327.13,0.41,0.45,2023-08-19,1037,N20,VIIRS,n,2,283.92,2.72,N,0
49.26476,-119.67405,318.73,0.41,0.45,2023-08-19,1037,N20,VIIRS,n,2,282.18,1.8,N,0
49.26762,-119.66926,348.3,0.41,0.45,2023-08-19,1037,N20,VIIRS,n,2,291.56,3.72,N,0
49.26904,-119.67522,311.19,0.41,0.45,2023-08-19,1037,N20,VIIRS,n,2,283.53,3.72,N,0
49.27003,-119.66091,316.33,0.41,0.45,2023-08-19,1037,N20,VIIRS,n,2,285.88,3.29,N,0
49.27137,-119.66654,328.14,0.41,0.45,2023-08-19,1037,N20,VIIRS,n,2,288.44,3.72,N,0
49.27272,-119.67225,331.07,0.41,0.45,2023-08-19,1037,N20,VIIRS,n,2,287.35,3.72,N,0
49.27376,-119.6581,331.38,0.41,0.45,2023-08-19,1037,N20,VIIRS,n,2,288.74,4.01,N,0
49.27408,-119.67796,304.97,0.41,0.45,2023-08-19,1037,N20,VIIRS,n,2,281.67,1.4,N,0
49.27507,-119.66363,336.41,0.41,0.45,2023-08-19,1037,N20,VIIRS,n,2,290.03,3.83,N,0
49.27642,-119.66933,317.02,0.41,0.45,2023-08-19,1037,N20,VIIRS,n,2,287.92,3.83,N,0
49.27779,-119.67508,322.03,0.41,0.45,2023-08-19,1037,N20,VIIRS,n,2,287.84,2.67,N,0
49.27874,-119.66061,330.05,0.41,0.45,2023-08-19,1037,N20,VIIRS,n,2,289.77,3.83,N,0
49.27913,-119.6807,305.15,0.41,0.45,2023-08-19,1037,N20,VIIRS,n,2,283.2,2.67,N,0
49.28019,-119.66669,329.1,0.41,0.45,2023-08-19,1037,N20,VIIRS,n,2,291.18,3.83,N,0
49.28162,-119.67271,338.47,0.41,0.45,2023-08-19,1037,N20,VIIRS,n,2,289.54,2.67,N,0
49.28298,-119.67847,318.91,0.41,0.45,2023-08-19,1037,N20,VIIRS,n,2,283.08,2.67,N,0
49.28405,-119.66444,300.45,0.41,0.45,2023-08-19,1037,N20,VIIRS,n,2,284.01,1.05,N,0
49.28429,-119.68398,299.55,0.41,0.45,2023-08-19,1037,N20,VIIRS,n,2,281.86,1.23,N,0
49.28553,-119.67068,304.1,0.41,0.45,2023-08-19,1037,N20,VIIRS,n,2,283.01,1.3,N,0
49.28557,-119.68937,303.13,0.41,0.45,2023-08-19,1037,N20,VIIRS,n,2,283.23,1.23,N,0
49.28632,-119.65549,305.59,0.41,0.45,2023-08-19,1037,N20,VIIRS,n,2,284.58,1.05,N,0
49.2868,-119.69453,318.71,0.41,0.45,2023-08-19,1037,N20,VIIRS,n,2,284.43,1.51,N,0
49.28687,-119.67633,309.92,0.41,0.45,2023-08-19,1037,N20,VIIRS,n,2,283.42,1.3,N,0
49.28786,-119.66198,306.29,0.41,0.45,2023-08-19,1037,N20,VIIRS,n,2,283.23,1.05,N,0
49.28794,-119.69936,299.73,0.41,0.45,2023-08-19,1037,N20,VIIRS,n,2,280.53,1.51,N,0
49.28813,-119.68166,310.75,0.41,0.45,2023-08-19,1037,N20,VIIRS,n,2,283.74,1.24,N,0
49.2893,-119.66807,314.34,0.41,0.45,2023-08-19,1037,N20,VIIRS,n,2,284.29,1.3,N,0
49.28941,-119.68706,308.03,0.41,0.45,2023-08-19,1037,N20,VIIRS,n,2,284.01,1.24,N,0
49.29063,-119.6737,309.58,0.41,0.45,2023-08-19,1037,N20,VIIRS,n,2,282.89,1.3,N,0
49.2907,-119.6925,316.64,0.41,0.45,2023-08-19,1037,N20,VIIRS,n,2,284.83,1.62,N,0
49.29152,-119.65892,297,0.41,0.45,2023-08-19,1037,N20,VIIRS,n,2,284.36,0.87,N,0
49.29186,-119.67888,298.3,0.41,0.45,2023-08-19,1037,N20,VIIRS,n,2,282.7,1.24,N,0
49.29191,-119.69762,311.34,0.41,0.45,2023-08-19,1037,N20,VIIRS,n,2,282.92,1.62,N,0
49.29296,-119.66496,309.36,0.41,0.45,2023-08-19,1037,N20,VIIRS,n,2,285.12,2.56,N,0
49.29302,-119.70229,309.76,0.41,0.45,2023-08-19,1037,N20,VIIRS,n,2,282.28,1.29,N,0
49.29314,-119.6843,308.24,0.41,0.45,2023-08-19,1037,N20,VIIRS,n,2,284.2,1.24,N,0
49.29432,-119.67072,298.87,0.41,0.45,2023-08-19,1037,N20,VIIRS,n,2,283.13,2.56,N,0
49.2945,-119.69003,311.14,0.41,0.45,2023-08-19,1037,N20,VIIRS,n,2,284.58,1.62,N,0
49.29554,-119.67587,298,0.41,0.45,2023-08-19,1037,N20,VIIRS,n,2,284.72,1.45,N,0
49.29581,-119.69558,312.59,0.41,0.45,2023-08-19,1037,N20,VIIRS,n,2,283.76,1.62,N,0
49.29681,-119.68125,299.85,0.41,0.45,2023-08-19,1037,N20,VIIRS,n,2,283.54,1.45,N,0
49.29696,-119.70043,297.56,0.41,0.45,2023-08-19,1037,N20,VIIRS,n,2,282.02,1.29,N,0
49.29792,-119.66737,343,0.41,0.45,2023-08-19,1037,N20,VIIRS,n,2,288.32,2.56,N,0
49.29818,-119.68702,302.23,0.41,0.45,2023-08-19,1037,N20,VIIRS,n,2,284.67,1,N,0
49.29919,-119.67277,323.96,0.41,0.45,2023-08-19,1037,N20,VIIRS,n,2,286.39,1.45,N,0
49.29951,-119.6927,304.53,0.41,0.45,2023-08-19,1037,N20,VIIRS,n,2,284,1,N,0
49.30045,-119.67807,303.23,0.41,0.45,2023-08-19,1037,N20,VIIRS,n,2,285.87,1.45,N,0
49.30076,-119.69798,303.14,0.41,0.45,2023-08-19,1037,N20,VIIRS,n,2,283.59,1.45,N,0
49.3018,-119.68385,303.19,0.41,0.45,2023-08-19,1037,N20,VIIRS,n,2,285.53,1,N,0
49.30194,-119.70297,298.58,0.41,0.45,2023-08-19,1037,N20,VIIRS,n,2,283.18,1.45,N,0
49.30318,-119.68963,301.43,0.41,0.45,2023-08-19,1037,N20,VIIRS,n,2,284.72,1,N,0
49.30445,-119.69502,300.33,0.41,0.45,2023-08-19,1037,N20,VIIRS,n,2,284.67,1.45,N,0
49.30569,-119.70028,330.66,0.41,0.45,2023-08-19,1037,N20,VIIRS,n,2,287.47,1.45,N,0
49.30677,-119.68626,303.67,0.41,0.45,2023-08-19,1037,N20,VIIRS,n,2,285,0.98,N,0
49.30685,-119.7052,295.96,0.4,0.45,2023-08-19,1037,N20,VIIRS,n,2,283.7,1.35,N,0
49.30797,-119.70995,320.3,0.4,0.45,2023-08-19,1037,N20,VIIRS,n,2,284.67,1.35,N,0
49.30927,-119.69691,302.34,0.41,0.45,2023-08-19,1037,N20,VIIRS,n,2,285.67,1.39,N,0
49.31052,-119.70219,322.85,0.4,0.45,2023-08-19,1037,N20,VIIRS,n,2,286.06,2.32,N,0
49.31176,-119.70744,329.86,0.4,0.45,2023-08-19,1037,N20,VIIRS,n,2,286.69,2.32,N,0
49.31425,-119.69941,305.33,0.4,0.45,2023-08-19,1037,N20,VIIRS,n,2,283.63,2.32,N,0
49.31559,-119.7051,311.95,0.4,0.45,2023-08-19,1037,N20,VIIRS,n,2,282.06,2.32,N,0
49.46836,-117.76458,298.29,0.48,0.48,2023-08-19,1037,N20,VIIRS,n,2,277.72,0.97,N,0
49.47283,-117.76238,325.78,0.48,0.48,2023-08-19,1037,N20,VIIRS,n,2,283.71,3.52,N,0
49.47284,-117.76342,332.55,0.48,0.48,2023-08-19,1037,N20,VIIRS,n,2,284.98,3.77,N,0
49.47432,-117.76932,330.59,0.48,0.48,2023-08-19,1037,N20,VIIRS,n,2,283.36,3.94,N,0
49.47435,-117.76828,327.17,0.48,0.48,2023-08-19,1037,N20,VIIRS,n,2,284.27,3.52,N,0
49.4758,-117.77522,317.34,0.48,0.48,2023-08-19,1037,N20,VIIRS,n,2,276.39,3.94,N,0
49.47585,-117.77415,335.26,0.48,0.48,2023-08-19,1037,N20,VIIRS,n,2,278.89,3.45,N,0
49.47729,-117.76112,302.51,0.48,0.48,2023-08-19,1037,N20,VIIRS,n,2,279.85,3.52,N,0
49.47729,-117.76223,309.57,0.48,0.48,2023-08-19,1037,N20,VIIRS,n,2,281.1,3.77,N,0
49.4788,-117.76824,314.1,0.48,0.48,2023-08-19,1037,N20,VIIRS,n,2,281.1,3.94,N,0
49.47886,-117.76721,315.17,0.48,0.48,2023-08-19,1037,N20,VIIRS,n,2,280.89,3.52,N,0
49.48022,-117.77391,326.2,0.48,0.48,2023-08-19,1037,N20,VIIRS,n,2,281.8,3.94,N,0
49.48031,-117.77291,324.33,0.48,0.48,2023-08-19,1037,N20,VIIRS,n,2,280.94,3.45,N,0
49.48176,-117.77856,301.13,0.48,0.48,2023-08-19,1037,N20,VIIRS,n,2,275.87,3.45,N,0
49.87374,-119.60641,305.96,0.4,0.44,2023-08-19,1037,N20,VIIRS,n,2,284.76,2.57,N,0
49.8742,-119.62694,341.31,0.4,0.44,2023-08-19,1037,N20,VIIRS,n,2,284.63,5.36,N,0
49.87529,-119.61302,355.65,0.4,0.44,2023-08-19,1037,N20,VIIRS,n,2,292.58,7.56,N,0
49.87564,-119.63316,336.29,0.39,0.44,2023-08-19,1037,N20,VIIRS,n,2,287.44,5.36,N,0
49.87622,-119.57981,338.23,0.4,0.44,2023-08-19,1037,N20,VIIRS,n,2,293.35,5.86,N,0
49.87675,-119.61928,304.99,0.4,0.44,2023-08-19,1037,N20,VIIRS,n,2,283.32,7.56,N,0
49.87698,-119.63888,336.48,0.39,0.44,2023-08-19,1037,N20,VIIRS,n,2,284.08,4.82,N,0
49.8775,-119.58529,332.58,0.4,0.44,2023-08-19,1037,N20,VIIRS,n,2,286.3,2.75,N,0
49.87783,-119.60533,325.49,0.4,0.44,2023-08-19,1037,N20,VIIRS,n,2,287.12,2.57,N,0
49.87824,-119.62567,338.02,0.4,0.44,2023-08-19,1037,N20,VIIRS,n,2,287.3,4.84,N,0
49.87881,-119.59089,320.1,0.4,0.44,2023-08-19,1037,N20,VIIRS,n,2,286.3,2.75,N,0
49.87939,-119.61202,340.18,0.4,0.44,2023-08-19,1037,N20,VIIRS,n,2,289.41,7.56,N,0
49.87969,-119.63193,342.78,0.39,0.44,2023-08-19,1037,N20,VIIRS,n,2,292.85,4.84,N,0
49.88015,-119.57801,305.55,0.4,0.44,2023-08-19,1037,N20,VIIRS,n,2,285.73,5.86,N,0
49.88081,-119.61813,343.15,0.4,0.44,2023-08-19,1037,N20,VIIRS,n,2,288.89,7.56,N,0
49.881,-119.63751,353.47,0.39,0.44,2023-08-19,1037,N20,VIIRS,n,2,299.84,18.99,N,0
49.88142,-119.5835,309.25,0.4,0.44,2023-08-19,1037,N20,VIIRS,n,2,285.13,2.75,N,0
49.88176,-119.60358,302.97,0.4,0.44,2023-08-19,1037,N20,VIIRS,n,2,285.68,1.08,N,0
49.88226,-119.62431,321.52,0.4,0.44,2023-08-19,1037,N20,VIIRS,n,2,287.5,4.84,N,0
49.88226,-119.64294,336.44,0.39,0.44,2023-08-19,1037,N20,VIIRS,n,2,283.13,18.99,N,0
49.88275,-119.58918,306.91,0.4,0.44,2023-08-19,1037,N20,VIIRS,n,2,286.37,2.75,N,0
49.88283,-119.57088,296.62,0.4,0.44,2023-08-19,1037,N20,VIIRS,n,2,285.14,1.03,N,0
49.88333,-119.61031,296.61,0.4,0.44,2023-08-19,1037,N20,VIIRS,n,2,283.77,0.67,N,0
49.88366,-119.63036,327.94,0.39,0.44,2023-08-19,1037,N20,VIIRS,n,2,289.32,4.84,N,0
49.88409,-119.57629,301.38,0.4,0.44,2023-08-19,1037,N20,VIIRS,n,2,286.4,1.03,N,0
49.88416,-119.59523,305.43,0.4,0.44,2023-08-19,1037,N20,VIIRS,n,2,286.32,1.08,N,0
49.88481,-119.61669,296.76,0.4,0.44,2023-08-19,1037,N20,VIIRS,n,2,283.29,0.67,N,0
49.88495,-119.6359,345.37,0.39,0.44,2023-08-19,1037,N20,VIIRS,n,2,292.32,18.99,N,0
49.88536,-119.58173,299.97,0.4,0.44,2023-08-19,1037,N20,VIIRS,n,2,285.56,1.09,N,0
49.88565,-119.60165,300.06,0.4,0.44,2023-08-19,1037,N20,VIIRS,n,2,285.97,1.08,N,0
49.88621,-119.64131,351.52,0.39,0.44,2023-08-19,1037,N20,VIIRS,n,2,298.67,18.99,N,0
49.88623,-119.6228,312.46,0.4,0.44,2023-08-19,1037,N20,VIIRS,n,2,286.25,2.13,N,0
49.88654,-119.5495,298.35,0.4,0.44,2023-08-19,1037,N20,VIIRS,n,2,284.73,0.36,N,0
49.88719,-119.60829,299.13,0.4,0.44,2023-08-19,1037,N20,VIIRS,n,2,283.83,0.67,N,0
49.88746,-119.64667,332.85,0.39,0.44,2023-08-19,1037,N20,VIIRS,n,2,282.88,13.36,N,0
49.88762,-119.62878,323.56,0.39,0.44,2023-08-19,1037,N20,VIIRS,n,2,289.19,2.13,N,0
49.8887,-119.61478,305.17,0.4,0.44,2023-08-19,1037,N20,VIIRS,n,2,284.38,0.67,N,0
49.8889,-119.63425,331.57,0.39,0.44,2023-08-19,1037,N20,VIIRS,n,2,290.42,5.98,N,0
49.88954,-119.59972,300.11,0.4,0.44,2023-08-19,1037,N20,VIIRS,n,2,285.23,1.67,N,0
49.89014,-119.63962,347.38,0.39,0.44,2023-08-19,1037,N20,VIIRS,n,2,294.85,5.98,N,0
49.89015,-119.62103,314.83,0.4,0.44,2023-08-19,1037,N20,VIIRS,n,2,286.76,2.13,N,0
49.89035,-119.54715,298.82,0.4,0.44,2023-08-19,1037,N20,VIIRS,n,2,285.57,0.36,N,0
49.89104,-119.60619,299.01,0.4,0.44,2023-08-19,1037,N20,VIIRS,n,2,283.25,0.93,N,0
49.89138,-119.64496,323.93,0.39,0.44,2023-08-19,1037,N20,VIIRS,n,2,312.15,85.85,N,0
49.89152,-119.62688,317.85,0.39,0.44,2023-08-19,1037,N20,VIIRS,n,2,286.07,2.13,N,0
49.89253,-119.61263,309.56,0.4,0.44,2023-08-19,1037,N20,VIIRS,n,2,285.09,0.93,N,0
49.8926,-119.65016,348.92,0.39,0.44,2023-08-19,1037,N20,VIIRS,n,2,287.33,85.85,N,0
49.89281,-119.6325,323.33,0.39,0.44,2023-08-19,1037,N20,VIIRS,n,2,288.03,5.98,N,0
49.89398,-119.61887,315.36,0.4,0.44,2023-08-19,1037,N20,VIIRS,n,2,285.61,1.29,N,0
49.89407,-119.63786,333.88,0.39,0.44,2023-08-19,1037,N20,VIIRS,n,2,292.27,5.98,N,0
49.89416,-119.54487,301.88,0.4,0.44,2023-08-19,1037,N20,VIIRS,n,2,285.61,0.85,N,0
49.89487,-119.60403,301.26,0.4,0.44,2023-08-19,1037,N20,VIIRS,n,2,284.42,0.93,N,0
49.8953,-119.6432,333.18,0.39,0.44,2023-08-19,1037,N20,VIIRS,n,2,318.33,85.85,N,0
49.89535,-119.62476,304.11,0.39,0.44,2023-08-19,1037,N20,VIIRS,n,2,283.06,1.29,N,0
49.89629,-119.61016,301.31,0.4,0.44,2023-08-19,1037,N20,VIIRS,n,2,284,0.93,N,0
49.89651,-119.6484,333.23,0.39,0.44,2023-08-19,1037,N20,VIIRS,n,2,329.95,85.85,N,0
49.89667,-119.63045,302.47,0.39,0.44,2023-08-19,1037,N20,VIIRS,n,2,282.58,1.56,N,0
49.89766,-119.61609,305.93,0.4,0.44,2023-08-19,1037,N20,VIIRS,n,2,284.68,1.29,N,0
49.89769,-119.65348,339.09,0.39,0.44,2023-08-19,1037,N20,VIIRS,n,2,284.03,13.6,N,0
49.89788,-119.63565,315.94,0.39,0.44,2023-08-19,1037,N20,VIIRS,n,2,285.42,1.56,N,0
49.89912,-119.64104,323.06,0.39,0.44,2023-08-19,1037,N20,VIIRS,n,2,286.72,5.31,N,0
49.90038,-119.64645,342.54,0.39,0.44,2023-08-19,1037,N20,VIIRS,n,2,296.1,5.31,N,0
49.90162,-119.65176,351.32,0.39,0.44,2023-08-19,1037,N20,VIIRS,n,2,311.51,15.97,N,0
49.90281,-119.65691,337.11,0.39,0.44,2023-08-19,1037,N20,VIIRS,n,2,285.79,15.97,N,0
49.90284,-119.63843,309.69,0.39,0.44,2023-08-19,1037,N20,VIIRS,n,2,284,5.31,N,0
49.90419,-119.64422,316.64,0.39,0.44,2023-08-19,1037,N20,VIIRS,n,2,285.1,5.31,N,0
49.90551,-119.64989,351.67,0.39,0.44,2023-08-19,1037,N20,VIIRS,n,2,294.55,15.97,N,0
49.90675,-119.6553,342.63,0.39,0.44,2023-08-19,1037,N20,VIIRS,n,2,288.22,15.97,N,0
49.91066,-119.65353,344.78,0.39,0.44,2023-08-19,1037,N20,VIIRS,n,2,286.98,4.77,N,0
49.91451,-119.65149,312.3,0.39,0.44,2023-08-19,1037,N20,VIIRS,n,2,281.56,4.77,N,0
49.9183,-119.64922,304.97,0.39,0.44,2023-08-19,1037,N20,VIIRS,n,2,281.81,1.27,N,0
49.92464,-119.63922,308.32,0.39,0.44,2023-08-19,1037,N20,VIIRS,n,2,280.85,1.33,N,0
49.92591,-119.64471,314.81,0.39,0.44,2023-08-19,1037,N20,VIIRS,n,2,280.65,1.33,N,0
49.92595,-119.45483,318.11,0.4,0.44,2023-08-19,1037,N20,VIIRS,n,2,285.82,5.14,N,0
49.92839,-119.63675,306.32,0.39,0.44,2023-08-19,1037,N20,VIIRS,n,2,281.43,1.33,N,0
49.92982,-119.45273,299.04,0.4,0.44,2023-08-19,1037,N20,VIIRS,n,2,285.34,5.14,N,0
49.93109,-119.45814,347.88,0.4,0.44,2023-08-19,1037,N20,VIIRS,n,2,294.78,5.14,N,0
49.93217,-119.63437,345.38,0.39,0.44,2023-08-19,1037,N20,VIIRS,n,2,284.8,3.46,N,0
49.93219,-119.46282,339.33,0.4,0.44,2023-08-19,1037,N20,VIIRS,n,2,293.98,16.07,N,3
49.93284,-119.63154,324.6,0.39,0.44,2023-08-19,1037,N20,VIIRS,n,2,284.83,1.57,N,0
49.93367,-119.45055,297.01,0.4,0.44,2023-08-19,1037,N20,VIIRS,n,2,285.97,1.9,N,0
49.93418,-119.63717,315.45,0.39,0.44,2023-08-19,1037,N20,VIIRS,n,2,277.27,2.3,N,0
49.93464,-119.62634,302.61,0.39,0.44,2023-08-19,1037,N20,VIIRS,n,2,280.9,2.31,N,0
49.93495,-119.45603,312.58,0.4,0.44,2023-08-19,1037,N20,VIIRS,n,2,288.4,1.9,N,0
49.93528,-119.62352,300.68,0.39,0.44,2023-08-19,1037,N20,VIIRS,n,2,280.94,1.57,N,0
49.93596,-119.63212,297.92,0.39,0.44,2023-08-19,1037,N20,VIIRS,n,2,278.72,3.46,N,0
49.93604,-119.46062,351.05,0.4,0.44,2023-08-19,1037,N20,VIIRS,n,2,295.46,15.02,N,0
49.93665,-119.62933,302.08,0.39,0.44,2023-08-19,1037,N20,VIIRS,n,2,279.06,1.57,N,0
49.93917,-119.62163,319.72,0.39,0.44,2023-08-19,1037,N20,VIIRS,n,2,282.44,2.02,N,0
49.9404,-119.60843,307.34,0.39,0.44,2023-08-19,1037,N20,VIIRS,n,2,282.5,2.09,N,0
49.94176,-119.61422,316.86,0.39,0.44,2023-08-19,1037,N20,VIIRS,n,2,282.65,2.09,N,0
49.94433,-119.60672,303.6,0.39,0.44,2023-08-19,1037,N20,VIIRS,n,2,282.2,1.43,N,0
49.94485,-119.46099,303.43,0.4,0.44,2023-08-19,1037,N20,VIIRS,n,2,286.22,1.34,N,0
49.94515,-119.44371,297.48,0.4,0.44,2023-08-19,1037,N20,VIIRS,n,2,285.43,1.37,N,0
49.94769,-119.45453,310.3,0.4,0.44,2023-08-19,1037,N20,VIIRS,n,2,288.12,1.34,N,0
49.9477,-119.43595,297.3,0.4,0.44,2023-08-19,1037,N20,VIIRS,n,2,284.24,1.08,N,0
49.94824,-119.60493,308.57,0.39,0.44,2023-08-19,1037,N20,VIIRS,n,2,281.25,1.43,N,0
49.94873,-119.45897,306.89,0.4,0.44,2023-08-19,1037,N20,VIIRS,n,2,286.11,1.34,N,0
49.95092,-119.59787,319.32,0.39,0.44,2023-08-19,1037,N20,VIIRS,n,2,282.73,1.9,N,0
49.95152,-119.45228,313.03,0.4,0.44,2023-08-19,1037,N20,VIIRS,n,2,289.38,4.77,N,0
49.9526,-119.45686,355.63,0.4,0.44,2023-08-19,1037,N20,VIIRS,n,2,294.88,4.77,N,0
49.95361,-119.46118,314,0.4,0.44,2023-08-19,1037,N20,VIIRS,n,2,286.65,2.1,N,3
49.95409,-119.42601,301.84,0.4,0.44,2023-08-19,1037,N20,VIIRS,n,2,287.94,1.08,N,0
49.95479,-119.5959,322.61,0.39,0.44,2023-08-19,1037,N20,VIIRS,n,2,282.85,1.9,N,0
49.95539,-119.41291,301.41,0.4,0.44,2023-08-19,1037,N20,VIIRS,n,2,283.74,1.47,N,0
49.95647,-119.45479,326.71,0.4,0.44,2023-08-19,1037,N20,VIIRS,n,2,291.81,4.77,N,0
49.95661,-119.41811,307.19,0.4,0.44,2023-08-19,1037,N20,VIIRS,n,2,286.22,1.47,N,0
49.95718,-119.58765,299.93,0.39,0.44,2023-08-19,1037,N20,VIIRS,n,2,282.92,14,N,0
49.95741,-119.55161,304.71,0.4,0.44,2023-08-19,1037,N20,VIIRS,n,2,289.09,1.79,N,0
49.95752,-119.45927,305.61,0.4,0.44,2023-08-19,1037,N20,VIIRS,n,2,286.17,2.1,N,0
49.95791,-119.42368,298.4,0.4,0.44,2023-08-19,1037,N20,VIIRS,n,2,285.39,1.08,N,0
49.95857,-119.59355,346.62,0.39,0.44,2023-08-19,1037,N20,VIIRS,n,2,301.95,14,N,0
49.95984,-119.59899,337.09,0.39,0.44,2023-08-19,1037,N20,VIIRS,n,2,280.89,10.04,N,0
49.96035,-119.45273,326.25,0.4,0.44,2023-08-19,1037,N20,VIIRS,n,2,291.78,8.8,N,0
49.96142,-119.45729,334.4,0.4,0.44,2023-08-19,1037,N20,VIIRS,n,2,289.41,4.83,N,0
49.96226,-119.59084,337.79,0.39,0.44,2023-08-19,1037,N20,VIIRS,n,2,289.37,14,N,0
49.96362,-119.59664,355.94,0.39,0.44,2023-08-19,1037,N20,VIIRS,n,2,293.63,10.04,N,0
49.96419,-119.45049,354.42,0.4,0.44,2023-08-19,1037,N20,VIIRS,n,2,293.57,8.8,N,0
49.96491,-119.60216,302.99,0.39,0.44,2023-08-19,1037,N20,VIIRS,n,2,276.97,10.04,N,0
49.96527,-119.45516,337.16,0.4,0.44,2023-08-19,1037,N20,VIIRS,n,2,287.35,4.83,N,0
49.96731,-119.59389,297.95,0.39,0.44,2023-08-19,1037,N20,VIIRS,n,2,281.9,1.04,N,0
49.96835,-119.54269,312.78,0.4,0.44,2023-08-19,1037,N20,VIIRS,n,2,283.26,1.45,N,0
49.96869,-119.59981,301.45,0.39,0.44,2023-08-19,1037,N20,VIIRS,n,2,280.97,1.04,N,0
49.97237,-119.59698,305.9,0.39,0.44,2023-08-19,1037,N20,VIIRS,n,2,283.32,1.04,N,0
49.97335,-119.54555,299.46,0.4,0.44,2023-08-19,1037,N20,VIIRS,n,2,282.89,1.08,N,0
49.97369,-119.60265,315.99,0.39,0.44,2023-08-19,1037,N20,VIIRS,n,2,280.05,1.32,N,0
49.97731,-119.59967,346.54,0.39,0.44,2023-08-19,1037,N20,VIIRS,n,2,286.8,5.74,N,0
49.98086,-119.59631,337.32,0.39,0.44,2023-08-19,1037,N20,VIIRS,n,2,285.38,5.74,N,0
49.98164,-119.58111,300.99,0.39,0.44,2023-08-19,1037,N20,VIIRS,n,2,283.47,2.41,N,0
49.98299,-119.58688,319.05,0.39,0.44,2023-08-19,1037,N20,VIIRS,n,2,285.94,2.41,N,0
49.98536,-119.57846,326.74,0.39,0.44,2023-08-19,1037,N20,VIIRS,n,2,285.05,2.41,N,0
49.98664,-119.58394,334.67,0.39,0.44,2023-08-19,1037,N20,VIIRS,n,2,282.01,2.41,N,0
49.98921,-119.57638,316.62,0.39,0.44,2023-08-19,1037,N20,VIIRS,n,2,281.92,1.56,N,0
49.98961,-119.55949,304.21,0.39,0.44,2023-08-19,1037,N20,VIIRS,n,2,283.89,1.82,N,0
49.99036,-119.52545,303,0.4,0.44,2023-08-19,1037,N20,VIIRS,n,2,283.92,1.15,N,0
49.9907,-119.56417,305.21,0.39,0.44,2023-08-19,1037,N20,VIIRS,n,2,279.85,1.23,N,0
49.99245,-119.55309,301.31,0.4,0.44,2023-08-19,1037,N20,VIIRS,n,2,283.72,0.76,N,0
49.99349,-119.55756,304.97,0.39,0.44,2023-08-19,1037,N20,VIIRS,n,2,282.67,0.76,N,0
49.99415,-119.54178,305,0.4,0.44,2023-08-19,1037,N20,VIIRS,n,2,281.91,1.92,N,0
49.99556,-119.5292,313.15,0.4,0.44,2023-08-19,1037,N20,VIIRS,n,2,285.87,3.21,N,0
49.99683,-119.53465,326.58,0.4,0.44,2023-08-19,1037,N20,VIIRS,n,2,287.25,3.21,N,0
49.99797,-119.52089,303.59,0.4,0.44,2023-08-19,1037,N20,VIIRS,n,2,285.28,1.94,N,0
49.99943,-119.52721,350.6,0.4,0.44,2023-08-19,1037,N20,VIIRS,n,2,288.8,3.21,N,0
50.00073,-119.53276,314.76,0.4,0.44,2023-08-19,1037,N20,VIIRS,n,2,282.01,3.21,N,0
50.00149,-119.42247,299.01,0.4,0.44,2023-08-19,1037,N20,VIIRS,n,2,283.7,2.14,N,0
50.00151,-119.42368,323.72,0.4,0.44,2023-08-19,1037,N20,VIIRS,n,2,283.78,12.89,N,0
50.00272,-119.42886,352.21,0.4,0.44,2023-08-19,1037,N20,VIIRS,n,2,294.68,12.89,N,0
50.00273,-119.42767,347.86,0.4,0.44,2023-08-19,1037,N20,VIIRS,n,2,301.73,20.93,N,0
50.00326,-119.525,338.63,0.4,0.44,2023-08-19,1037,N20,VIIRS,n,2,285.66,5.66,N,0
50.00389,-119.43259,337.81,0.4,0.44,2023-08-19,1037,N20,VIIRS,n,2,285.93,20.93,N,0
50.00533,-119.42022,336.12,0.4,0.44,2023-08-19,1037,N20,VIIRS,n,2,288.25,3.2,N,0
50.00658,-119.42549,349.76,0.4,0.44,2023-08-19,1037,N20,VIIRS,n,2,305.19,13.3,N,0
50.00776,-119.43052,338.25,0.4,0.44,2023-08-19,1037,N20,VIIRS,n,2,289.11,13.3,N,0
50.00914,-119.41788,310.11,0.4,0.44,2023-08-19,1037,N20,VIIRS,n,2,285.4,3.2,N,0
50.01041,-119.42326,343.99,0.4,0.44,2023-08-19,1037,N20,VIIRS,n,2,298.64,13.3,N,0
50.01088,-119.52048,317.72,0.4,0.44,2023-08-19,1037,N20,VIIRS,n,2,283.55,2.43,N,0
50.01162,-119.42837,312.61,0.4,0.44,2023-08-19,1037,N20,VIIRS,n,2,285.49,13.3,N,0
50.01331,-119.49331,322.04,0.4,0.44,2023-08-19,1037,N20,VIIRS,n,2,288.75,3.66,N,0
50.01426,-119.42107,312.37,0.4,0.44,2023-08-19,1037,N20,VIIRS,n,2,287.01,2.35,N,0
50.01552,-119.42641,312.73,0.4,0.44,2023-08-19,1037,N20,VIIRS,n,2,287.71,2.35,N,0
50.01673,-119.43153,352.42,0.4,0.44,2023-08-19,1037,N20,VIIRS,n,2,298.85,14.3,N,0
50.01786,-119.43629,339.64,0.4,0.44,2023-08-19,1037,N20,VIIRS,n,2,292.1,14.3,N,0
50.01897,-119.44101,354.82,0.4,0.44,2023-08-19,1037,N20,VIIRS,n,2,295.11,14.63,N,0
50.01941,-119.42441,312.9,0.4,0.44,2023-08-19,1037,N20,VIIRS,n,2,288.8,2.35,N,0
50.01974,-119.52133,307.6,0.4,0.44,2023-08-19,1037,N20,VIIRS,n,2,282.7,6.37,N,0
50.02011,-119.51938,322.72,0.4,0.44,2023-08-19,1037,N20,VIIRS,n,2,284.81,7.03,N,0
50.02069,-119.4298,348.68,0.4,0.44,2023-08-19,1037,N20,VIIRS,n,2,295.35,14.3,N,0
50.02183,-119.43463,334.38,0.4,0.44,2023-08-19,1037,N20,VIIRS,n,2,291.36,14.3,N,0
50.02184,-119.51157,333.18,0.4,0.44,2023-08-19,1037,N20,VIIRS,n,2,294.96,6.37,N,0
50.02213,-119.50957,315.52,0.4,0.44,2023-08-19,1037,N20,VIIRS,n,2,289.14,8.38,N,0
50.02293,-119.43929,352.41,0.4,0.44,2023-08-19,1037,N20,VIIRS,n,2,294.04,14.63,N,0
50.0234,-119.51836,334.49,0.4,0.44,2023-08-19,1037,N20,VIIRS,n,2,280.95,6.37,N,0
50.02372,-119.51629,337.93,0.4,0.44,2023-08-19,1037,N20,VIIRS,n,2,288.26,7.03,N,0
50.02402,-119.44395,346.15,0.4,0.44,2023-08-19,1037,N20,VIIRS,n,2,294.26,14.63,N,0
50.02455,-119.42769,303.18,0.4,0.44,2023-08-19,1037,N20,VIIRS,n,2,286.06,2.09,N,0
50.02518,-119.44884,303.85,0.4,0.44,2023-08-19,1037,N20,VIIRS,n,2,289.54,4.06,N,3
50.02562,-119.50599,332.85,0.4,0.44,2023-08-19,1037,N20,VIIRS,n,2,291.69,5.76,N,0
50.02726,-119.5129,318.95,0.4,0.44,2023-08-19,1037,N20,VIIRS,n,2,283.84,2.55,N,0
50.02761,-119.49602,349.27,0.4,0.44,2023-08-19,1037,N20,VIIRS,n,2,294.21,5.76,N,0
50.02913,-119.50243,336.57,0.4,0.44,2023-08-19,1037,N20,VIIRS,n,2,288.08,5.76,N,0
50.03131,-119.49326,315.97,0.4,0.44,2023-08-19,1037,N20,VIIRS,n,2,289.01,2.33,N,0
50.03804,-119.44794,353.93,0.4,0.44,2023-08-19,1037,N20,VIIRS,n,2,295.74,9.53,N,0
50.04194,-119.44602,320.76,0.4,0.44,2023-08-19,1037,N20,VIIRS,n,2,287.61,9.53,N,0
50.04306,-119.4508,307.93,0.4,0.44,2023-08-19,1037,N20,VIIRS,n,2,287.56,4.17,N,0
50.35067,-117.62819,303.38,0.46,0.47,2023-08-19,1037,N20,VIIRS,n,2,281.62,1.49,N,0
50.35209,-117.63389,307.42,0.46,0.47,2023-08-19,1037,N20,VIIRS,n,2,278.2,1.49,N,0
50.39273,-120.44292,295.9,0.54,0.42,2023-08-19,1037,N20,VIIRS,n,2,278.7,1.14,N,0
50.39819,-120.44887,308.2,0.54,0.42,2023-08-19,1037,N20,VIIRS,n,2,281.2,2.97,N,0
50.40364,-120.4548,315.01,0.54,0.42,2023-08-19,1037,N20,VIIRS,n,2,279.52,2.46,N,0
50.40736,-120.453,322.07,0.54,0.42,2023-08-19,1037,N20,VIIRS,n,2,283.17,2.52,N,0
50.40904,-120.46053,327.43,0.54,0.42,2023-08-19,1037,N20,VIIRS,n,2,279.87,2.52,N,0
50.41107,-120.45113,295.31,0.54,0.42,2023-08-19,1037,N20,VIIRS,n,2,280.01,2.52,N,0
50.41275,-120.45863,302.25,0.54,0.42,2023-08-19,1037,N20,VIIRS,n,2,280.23,2.52,N,0
50.41443,-120.4662,302.98,0.54,0.42,2023-08-19,1037,N20,VIIRS,n,2,277.83,0.91,N,0
50.41577,-120.39796,295.31,0.54,0.42,2023-08-19,1037,N20,VIIRS,n,2,279.33,1.57,N,0
50.42174,-120.46198,296.37,0.54,0.42,2023-08-19,1037,N20,VIIRS,n,2,279.23,1.5,N,0
50.42725,-120.3752,296.93,0.54,0.42,2023-08-19,1037,N20,VIIRS,n,2,279.37,1.18,N,0
50.4289,-120.38264,300.27,0.54,0.42,2023-08-19,1037,N20,VIIRS,n,2,280.33,1.18,N,0
50.43096,-120.37326,305.49,0.54,0.42,2023-08-19,1037,N20,VIIRS,n,2,283.02,1.81,N,0
50.43417,-120.38776,297.96,0.54,0.42,2023-08-19,1037,N20,VIIRS,n,2,280.25,1.37,N,0
50.43446,-120.36402,300.38,0.54,0.42,2023-08-19,1037,N20,VIIRS,n,2,280.81,2.31,N,0
50.43466,-120.37132,311.46,0.54,0.42,2023-08-19,1037,N20,VIIRS,n,2,284.63,1.81,N,0
50.43571,-120.39472,299.55,0.54,0.42,2023-08-19,1037,N20,VIIRS,n,2,277.27,1.37,N,0
50.43613,-120.37141,319.06,0.54,0.42,2023-08-19,1037,N20,VIIRS,n,2,285.02,2.31,N,0
50.4363,-120.37871,299.65,0.54,0.42,2023-08-19,1037,N20,VIIRS,n,2,281.67,1.81,N,0
50.43672,-120.36194,299,0.54,0.42,2023-08-19,1037,N20,VIIRS,n,2,280.95,2.2,N,0
50.43779,-120.37874,301.88,0.54,0.42,2023-08-19,1037,N20,VIIRS,n,2,281.14,1.6,N,0
50.43787,-120.38579,295.48,0.54,0.42,2023-08-19,1037,N20,VIIRS,n,2,279.94,1.37,N,0
50.43836,-120.36932,317,0.54,0.42,2023-08-19,1037,N20,VIIRS,n,2,283.58,2.2,N,0
50.43943,-120.39285,312.51,0.54,0.42,2023-08-19,1037,N20,VIIRS,n,2,281.41,1.37,N,0
50.43981,-120.36935,307.09,0.54,0.42,2023-08-19,1037,N20,VIIRS,n,2,281.66,2.31,N,0
50.43998,-120.37666,301.91,0.54,0.42,2023-08-19,1037,N20,VIIRS,n,2,281.31,2.2,N,0
50.44098,-120.39286,312.78,0.54,0.42,2023-08-19,1037,N20,VIIRS,n,2,282.18,1.7,N,0
50.44108,-120.40029,295.48,0.54,0.42,2023-08-19,1037,N20,VIIRS,n,2,278.32,0.67,N,0
50.44146,-120.37667,297.22,0.54,0.42,2023-08-19,1037,N20,VIIRS,n,2,280.76,1.6,N,0
50.44202,-120.36716,325.76,0.54,0.42,2023-08-19,1037,N20,VIIRS,n,2,284.82,2.2,N,0
50.44268,-120.40036,295.22,0.54,0.42,2023-08-19,1037,N20,VIIRS,n,2,278.24,1.7,N,0
50.44313,-120.39089,298.76,0.54,0.42,2023-08-19,1037,N20,VIIRS,n,2,279.38,1.37,N,0
50.44346,-120.36718,332.46,0.54,0.42,2023-08-19,1037,N20,VIIRS,n,2,287.46,3.76,N,0
50.44365,-120.37456,302.56,0.54,0.42,2023-08-19,1037,N20,VIIRS,n,2,281.09,2.2,N,0
50.44513,-120.37456,305.69,0.54,0.42,2023-08-19,1037,N20,VIIRS,n,2,281.11,1.87,N,0
50.44565,-120.36493,315.2,0.54,0.42,2023-08-19,1037,N20,VIIRS,n,2,284.99,2.67,N,0
50.4471,-120.36495,302.07,0.54,0.42,2023-08-19,1037,N20,VIIRS,n,2,282.16,3.76,N,0
50.44731,-120.37243,310.99,0.54,0.42,2023-08-19,1037,N20,VIIRS,n,2,281.7,2.67,N,0
50.4488,-120.37247,301.34,0.54,0.42,2023-08-19,1037,N20,VIIRS,n,2,279.15,1.87,N,0
50.47773,-117.61137,306.71,0.46,0.47,2023-08-19,1037,N20,VIIRS,n,2,282.31,1.48,N,0
50.4787,-117.60645,299,0.46,0.47,2023-08-19,1037,N20,VIIRS,n,2,280.91,1.19,N,0
50.47975,-117.61063,315.95,0.46,0.47,2023-08-19,1037,N20,VIIRS,n,2,283.05,3.6,N,0
50.48076,-117.60484,300.79,0.46,0.47,2023-08-19,1037,N20,VIIRS,n,2,281.05,1.48,N,0
50.48185,-117.60915,314.56,0.46,0.47,2023-08-19,1037,N20,VIIRS,n,2,282.3,1.48,N,0
50.49138,-120.34087,297.54,0.54,0.42,2023-08-19,1037,N20,VIIRS,n,2,279.77,1.31,N,0
50.49308,-120.34845,299.67,0.54,0.42,2023-08-19,1037,N20,VIIRS,n,2,278.4,1.56,N,0
50.49504,-120.33873,310.31,0.54,0.42,2023-08-19,1037,N20,VIIRS,n,2,280.78,2.63,N,0
50.49675,-120.34636,304.83,0.54,0.42,2023-08-19,1037,N20,VIIRS,n,2,278.53,1.74,N,0
50.50042,-120.34427,306.94,0.54,0.42,2023-08-19,1037,N20,VIIRS,n,2,277.42,1.74,N,0
50.52063,-120.41648,301.42,0.54,0.42,2023-08-19,1037,N20,VIIRS,n,2,275.99,2.04,N,0
50.83332,-119.532,301.98,0.57,0.43,2023-08-19,1037,N20,VIIRS,n,2,282.69,2.2,N,0
50.83727,-119.53069,325.2,0.57,0.43,2023-08-19,1037,N20,VIIRS,n,2,283.26,23.33,N,0
50.83902,-119.53822,321.15,0.57,0.43,2023-08-19,1037,N20,VIIRS,n,2,283.89,23.33,N,0
50.83944,-119.57681,337.4,0.56,0.43,2023-08-19,1037,N20,VIIRS,n,2,284.75,11.45,N,0
50.83991,-119.57578,338.5,0.56,0.43,2023-08-19,1037,N20,VIIRS,n,2,286.45,8.28,N,0
50.84077,-119.54577,331.94,0.57,0.43,2023-08-19,1037,N20,VIIRS,n,2,287.46,5.28,N,0
50.84127,-119.52956,345.27,0.57,0.43,2023-08-19,1037,N20,VIIRS,n,2,300.4,23.33,N,0
50.84138,-119.58518,331.55,0.56,0.43,2023-08-19,1037,N20,VIIRS,n,2,285.14,11.45,N,0
50.84179,-119.5841,330.11,0.56,0.43,2023-08-19,1037,N20,VIIRS,n,2,286.55,20.03,N,0
50.84238,-119.55273,336.94,0.57,0.43,2023-08-19,1037,N20,VIIRS,n,2,288.45,5.28,N,0
50.84314,-119.57446,328.7,0.56,0.43,2023-08-19,1037,N20,VIIRS,n,2,285.94,11.45,N,0
50.84317,-119.53773,352.2,0.57,0.43,2023-08-19,1037,N20,VIIRS,n,2,296.99,23.33,N,0
50.8433,-119.59347,329.07,0.56,0.43,2023-08-19,1037,N20,VIIRS,n,2,284.12,11.04,N,0
50.84368,-119.59246,330.42,0.56,0.43,2023-08-19,1037,N20,VIIRS,n,2,286.91,20.03,N,0
50.84384,-119.55907,332.86,0.57,0.43,2023-08-19,1037,N20,VIIRS,n,2,287.42,4.82,N,0
50.84494,-119.5454,326.36,0.57,0.43,2023-08-19,1037,N20,VIIRS,n,2,289.23,5.28,N,0
50.84501,-119.5825,350.27,0.56,0.43,2023-08-19,1037,N20,VIIRS,n,2,294.23,11.45,N,0
50.8452,-119.52812,338.16,0.57,0.43,2023-08-19,1037,N20,VIIRS,n,2,292.76,14.21,N,0
50.84531,-119.56549,318.75,0.56,0.43,2023-08-19,1037,N20,VIIRS,n,2,284.25,4.82,N,0
50.84643,-119.55187,326.66,0.57,0.43,2023-08-19,1037,N20,VIIRS,n,2,288.04,5.28,N,0
50.84689,-119.59067,347.75,0.56,0.43,2023-08-19,1037,N20,VIIRS,n,2,292.26,11.04,N,0
50.8469,-119.5724,305.33,0.56,0.43,2023-08-19,1037,N20,VIIRS,n,2,282.53,2.51,N,0
50.84722,-119.53687,348.11,0.57,0.43,2023-08-19,1037,N20,VIIRS,n,2,294.09,14.21,N,0
50.84783,-119.55795,324.61,0.57,0.43,2023-08-19,1037,N20,VIIRS,n,2,289.59,4.82,N,0
50.84854,-119.5978,328.87,0.56,0.43,2023-08-19,1037,N20,VIIRS,n,2,286.22,11.04,N,0
50.84863,-119.57986,327.51,0.56,0.43,2023-08-19,1037,N20,VIIRS,n,2,288.19,2.51,N,0
50.84893,-119.5443,322.73,0.57,0.43,2023-08-19,1037,N20,VIIRS,n,2,286.18,4.41,N,0
50.84895,-119.52598,322.51,0.57,0.43,2023-08-19,1037,N20,VIIRS,n,2,287,14.21,N,0
50.84924,-119.56409,334.66,0.56,0.43,2023-08-19,1037,N20,VIIRS,n,2,290.03,4.82,N,0
50.85041,-119.55073,324.87,0.57,0.43,2023-08-19,1037,N20,VIIRS,n,2,286.79,4.41,N,0
50.85044,-119.58768,322.34,0.56,0.43,2023-08-19,1037,N20,VIIRS,n,2,287.81,6.84,N,0
50.85075,-119.57067,309.39,0.56,0.43,2023-08-19,1037,N20,VIIRS,n,2,284.45,2.51,N,0
50.851,-119.53484,347.78,0.57,0.43,2023-08-19,1037,N20,VIIRS,n,2,294.59,14.21,N,0
50.85181,-119.55679,315.48,0.57,0.43,2023-08-19,1037,N20,VIIRS,n,2,286.22,2.78,N,0
50.85212,-119.59497,348.86,0.56,0.43,2023-08-19,1037,N20,VIIRS,n,2,296.24,6.84,N,0
50.85234,-119.57755,311.07,0.56,0.43,2023-08-19,1037,N20,VIIRS,n,2,285.22,2.51,N,0
50.85265,-119.5236,315.1,0.57,0.43,2023-08-19,1037,N20,VIIRS,n,2,283.34,19.01,N,0
50.85283,-119.54273,331.63,0.57,0.43,2023-08-19,1037,N20,VIIRS,n,2,289.09,4.41,N,0
50.85323,-119.56293,313.99,0.56,0.43,2023-08-19,1037,N20,VIIRS,n,2,287.06,2.78,N,0
50.85363,-119.60152,331.58,0.56,0.43,2023-08-19,1037,N20,VIIRS,n,2,286.06,8.77,N,0
50.85404,-119.58492,322.66,0.56,0.43,2023-08-19,1037,N20,VIIRS,n,2,288.17,6.84,N,0
50.85436,-119.54939,323.08,0.57,0.43,2023-08-19,1037,N20,VIIRS,n,2,286.71,4.41,N,0
50.85466,-119.56914,317.44,0.56,0.43,2023-08-19,1037,N20,VIIRS,n,2,287.81,2.35,N,0
50.85468,-119.53236,347.37,0.57,0.43,2023-08-19,1037,N20,VIIRS,n,2,300.35,19.01,N,0
50.85573,-119.59222,340.46,0.56,0.43,2023-08-19,1037,N20,VIIRS,n,2,294.9,6.84,N,0
50.85577,-119.55556,321.94,0.57,0.43,2023-08-19,1037,N20,VIIRS,n,2,287.52,2.78,N,0
50.85614,-119.5756,312.61,0.56,0.43,2023-08-19,1037,N20,VIIRS,n,2,287.28,2.35,N,0
50.85636,-119.52126,299.34,0.57,0.43,2023-08-19,1037,N20,VIIRS,n,2,281.52,19.01,N,0
50.85658,-119.5406,333.91,0.57,0.43,2023-08-19,1037,N20,VIIRS,n,2,290.85,8.24,N,0
50.85723,-119.56187,317.43,0.56,0.43,2023-08-19,1037,N20,VIIRS,n,2,284.67,2.78,N,0
50.85732,-119.59913,344.81,0.56,0.43,2023-08-19,1037,N20,VIIRS,n,2,293.02,8.77,N,0
50.85772,-119.58244,322.53,0.56,0.43,2023-08-19,1037,N20,VIIRS,n,2,289.3,2.78,N,0
50.85817,-119.5475,337.05,0.57,0.43,2023-08-19,1037,N20,VIIRS,n,2,290.13,8.24,N,0
50.85825,-119.52944,348.2,0.57,0.43,2023-08-19,1037,N20,VIIRS,n,2,297.69,19.01,N,0
50.85826,-119.51107,296.97,0.57,0.43,2023-08-19,1037,N20,VIIRS,n,2,280.84,2.88,N,0
50.85862,-119.56794,307.92,0.56,0.43,2023-08-19,1037,N20,VIIRS,n,2,285.45,2.35,N,0
50.85936,-119.58961,320.71,0.56,0.43,2023-08-19,1037,N20,VIIRS,n,2,289.25,2.78,N,0
50.8597,-119.55415,331.37,0.57,0.43,2023-08-19,1037,N20,VIIRS,n,2,289.86,6.36,N,0
50.86001,-119.57397,315.28,0.56,0.43,2023-08-19,1037,N20,VIIRS,n,2,287.98,2.35,N,0
50.86003,-119.51874,341.15,0.57,0.43,2023-08-19,1037,N20,VIIRS,n,2,294.16,79.95,N,0
50.86022,-119.53799,343.63,0.57,0.43,2023-08-19,1037,N20,VIIRS,n,2,293.02,8.24,N,0
50.86099,-119.59666,325.83,0.56,0.43,2023-08-19,1037,N20,VIIRS,n,2,290.38,3.27,N,0
50.86118,-119.56063,326.9,0.56,0.43,2023-08-19,1037,N20,VIIRS,n,2,286.33,6.36,N,0
50.86144,-119.58018,314.87,0.56,0.43,2023-08-19,1037,N20,VIIRS,n,2,288.82,2.78,N,0
50.8617,-119.50753,303.33,0.57,0.43,2023-08-19,1037,N20,VIIRS,n,2,282.08,2.88,N,0
50.86185,-119.52666,349,0.57,0.43,2023-08-19,1037,N20,VIIRS,n,2,314.93,79.95,N,0
50.86189,-119.54523,346.36,0.57,0.43,2023-08-19,1037,N20,VIIRS,n,2,292.76,8.24,N,0
50.86258,-119.56668,301.58,0.56,0.43,2023-08-19,1037,N20,VIIRS,n,2,283.12,1.53,N,0
50.86303,-119.58712,307.22,0.56,0.43,2023-08-19,1037,N20,VIIRS,n,2,286.71,2.78,N,0
50.86348,-119.55213,344.16,0.57,0.43,2023-08-19,1037,N20,VIIRS,n,2,293.83,6.36,N,0
50.86356,-119.51561,367,0.57,0.43,2023-08-19,1037,N20,VIIRS,h,2,324.02,79.95,N,0
50.86377,-119.53497,367,0.57,0.43,2023-08-19,1037,N20,VIIRS,h,2,300.68,29.03,N,0
50.86385,-119.57219,303.07,0.56,0.43,2023-08-19,1037,N20,VIIRS,n,2,285.89,1.53,N,0
50.86469,-119.59431,316.66,0.56,0.43,2023-08-19,1037,N20,VIIRS,n,2,287.75,3.27,N,0
50.86496,-119.55857,339.36,0.56,0.43,2023-08-19,1037,N20,VIIRS,n,2,291.36,6.36,N,0
50.86506,-119.50365,297.47,0.57,0.43,2023-08-19,1037,N20,VIIRS,n,2,283.37,2.39,N,0
50.86517,-119.578,314.3,0.56,0.43,2023-08-19,1037,N20,VIIRS,n,2,288.47,2.03,N,0
50.86532,-119.52325,345.1,0.57,0.43,2023-08-19,1037,N20,VIIRS,n,2,326.23,79.95,N,0
50.86551,-119.54253,355.95,0.57,0.43,2023-08-19,1037,N20,VIIRS,n,2,301.04,29.03,N,0
50.86629,-119.56438,306.83,0.56,0.43,2023-08-19,1037,N20,VIIRS,n,2,285.55,1.53,N,0
50.86638,-119.60167,312.35,0.56,0.43,2023-08-19,1037,N20,VIIRS,n,2,285.34,3.27,N,0
50.86674,-119.58479,303.76,0.56,0.43,2023-08-19,1037,N20,VIIRS,n,2,285.49,2.03,N,0
50.86693,-119.51181,314.27,0.57,0.43,2023-08-19,1037,N20,VIIRS,n,2,284.77,8.26,N,0
50.86712,-119.54954,339.31,0.57,0.43,2023-08-19,1037,N20,VIIRS,n,2,290.14,5.95,N,0
50.86715,-119.5312,353,0.57,0.43,2023-08-19,1037,N20,VIIRS,n,2,300.94,29.03,N,0
50.86754,-119.56985,310.58,0.56,0.43,2023-08-19,1037,N20,VIIRS,n,2,288.18,1.53,N,0
50.86811,-119.60917,320.52,0.56,0.43,2023-08-19,1037,N20,VIIRS,n,2,289.04,4.55,N,3
50.86841,-119.59205,303.09,0.56,0.43,2023-08-19,1037,N20,VIIRS,n,2,284.52,2,N,0
50.86861,-119.55602,326.54,0.56,0.43,2023-08-19,1037,N20,VIIRS,n,2,287.66,5.95,N,0
50.86868,-119.5194,353.8,0.57,0.43,2023-08-19,1037,N20,VIIRS,n,2,299.12,8.26,N,0
50.8689,-119.57574,308.91,0.56,0.43,2023-08-19,1037,N20,VIIRS,n,2,288.04,2.03,N,0
50.86904,-119.53941,356.13,0.57,0.43,2023-08-19,1037,N20,VIIRS,n,2,304.69,29.03,N,0
50.86995,-119.56184,302.27,0.56,0.43,2023-08-19,1037,N20,VIIRS,n,2,285.14,1.18,N,0
50.87013,-119.59953,315.05,0.56,0.43,2023-08-19,1037,N20,VIIRS,n,2,286.87,2,N,0
50.87031,-119.50801,299.02,0.57,0.43,2023-08-19,1037,N20,VIIRS,n,2,285.26,8.26,N,0
50.87051,-119.52735,347.08,0.57,0.43,2023-08-19,1037,N20,VIIRS,n,2,292.5,8.74,N,0
50.87069,-119.54659,347.65,0.57,0.43,2023-08-19,1037,N20,VIIRS,n,2,293.83,5.95,N,0
50.87122,-119.56737,299.7,0.56,0.43,2023-08-19,1037,N20,VIIRS,n,2,286.38,1.18,N,0
50.87143,-119.64201,345.75,0.56,0.43,2023-08-19,1037,N20,VIIRS,n,2,288.69,11.02,N,0
50.87186,-119.60706,328.66,0.56,0.43,2023-08-19,1037,N20,VIIRS,n,2,289.47,2.76,N,0
50.87211,-119.51584,301.11,0.57,0.43,2023-08-19,1037,N20,VIIRS,n,2,286.32,8.26,N,0
50.87214,-119.58984,310.4,0.56,0.43,2023-08-19,1037,N20,VIIRS,n,2,287.35,2,N,0
50.8722,-119.55316,315.04,0.56,0.43,2023-08-19,1037,N20,VIIRS,n,2,285.94,5.95,N,0
50.87244,-119.53577,343.64,0.57,0.43,2023-08-19,1037,N20,VIIRS,n,2,292.87,8.74,N,0
50.87257,-119.57328,308.66,0.56,0.43,2023-08-19,1037,N20,VIIRS,n,2,287.19,1.65,N,0
50.87336,-119.632,330.6,0.56,0.43,2023-08-19,1037,N20,VIIRS,n,2,290.05,8.81,N,3
50.87353,-119.55898,303.52,0.56,0.43,2023-08-19,1037,N20,VIIRS,n,2,285.79,1.18,N,0
50.8736,-119.6146,309.43,0.56,0.43,2023-08-19,1037,N20,VIIRS,n,2,286.6,2.76,N,0
50.87378,-119.50461,298.94,0.57,0.43,2023-08-19,1037,N20,VIIRS,n,2,285.49,1.79,N,0
50.87388,-119.5974,314.54,0.56,0.43,2023-08-19,1037,N20,VIIRS,n,2,288.09,2,N,0
50.87392,-119.52374,309.95,0.57,0.43,2023-08-19,1037,N20,VIIRS,n,2,286.77,8.74,N,0
50.87409,-119.54292,340.94,0.57,0.43,2023-08-19,1037,N20,VIIRS,n,2,289.74,7.02,N,0
50.87416,-119.58021,300.69,0.56,0.43,2023-08-19,1037,N20,VIIRS,n,2,285.08,1.65,N,0
50.87485,-119.56471,307.8,0.56,0.43,2023-08-19,1037,N20,VIIRS,n,2,287.65,1.18,N,0
50.87526,-119.64023,343.99,0.56,0.43,2023-08-19,1037,N20,VIIRS,n,2,294.23,11.02,N,0
50.8756,-119.5125,301.67,0.57,0.43,2023-08-19,1037,N20,VIIRS,n,2,286.48,1.79,N,0
50.8756,-119.5495,319.11,0.56,0.43,2023-08-19,1037,N20,VIIRS,n,2,287.52,7.02,N,0
50.87562,-119.60497,309.73,0.56,0.43,2023-08-19,1037,N20,VIIRS,n,2,287.58,2.76,N,0
50.87578,-119.53181,347.32,0.57,0.43,2023-08-19,1037,N20,VIIRS,n,2,293.92,8.74,N,0
50.87589,-119.58769,336.93,0.56,0.43,2023-08-19,1037,N20,VIIRS,n,2,287.1,3.32,N,0
50.87628,-119.57096,306.16,0.56,0.43,2023-08-19,1037,N20,VIIRS,n,2,284.91,1.65,N,0
50.87703,-119.55574,303.41,0.56,0.43,2023-08-19,1037,N20,VIIRS,n,2,286.6,3.71,N,0
50.87725,-119.6489,350.19,0.56,0.43,2023-08-19,1037,N20,VIIRS,n,2,290.01,11.02,N,0
50.87735,-119.61254,311.51,0.56,0.43,2023-08-19,1037,N20,VIIRS,n,2,287.53,2.76,N,0
50.87739,-119.52033,321.63,0.57,0.43,2023-08-19,1037,N20,VIIRS,n,2,288.58,94.83,N,0
50.87745,-119.5391,340.5,0.57,0.43,2023-08-19,1037,N20,VIIRS,n,2,292.56,7.02,N,0
50.87763,-119.59528,315.84,0.56,0.43,2023-08-19,1037,N20,VIIRS,n,2,288.66,3.32,N,0
50.87792,-119.57809,314.35,0.56,0.43,2023-08-19,1037,N20,VIIRS,n,2,288.47,1.65,N,0
50.87839,-119.56167,307.61,0.56,0.43,2023-08-19,1037,N20,VIIRS,n,2,287.7,3.71,N,0
50.87899,-119.54581,343.58,0.56,0.43,2023-08-19,1037,N20,VIIRS,n,2,290.7,7.02,N,0
50.87906,-119.63837,308.89,0.56,0.43,2023-08-19,1037,N20,VIIRS,n,2,288.65,2.32,N,0
50.87923,-119.52833,367,0.57,0.43,2023-08-19,1037,N20,VIIRS,h,2,348.03,94.83,N,0
50.87926,-119.65761,338.15,0.56,0.43,2023-08-19,1037,N20,VIIRS,n,2,289.28,12.28,N,0
50.87937,-119.60288,314.05,0.56,0.43,2023-08-19,1037,N20,VIIRS,n,2,287.8,2.74,N,0
50.87963,-119.58557,317.81,0.56,0.43,2023-08-19,1037,N20,VIIRS,n,2,288.57,3.32,N,0
50.87994,-119.56842,312.37,0.56,0.43,2023-08-19,1037,N20,VIIRS,n,2,287.3,3.63,N,0
50.88053,-119.55249,341.1,0.56,0.43,2023-08-19,1037,N20,VIIRS,n,2,292.74,3.71,N,0
50.8809,-119.62796,306.45,0.56,0.43,2023-08-19,1037,N20,VIIRS,n,2,287.25,4.69,N,0
50.88095,-119.51731,310.46,0.57,0.43,2023-08-19,1037,N20,VIIRS,n,2,287.25,94.83,N,0
50.88111,-119.61047,324.24,0.56,0.43,2023-08-19,1037,N20,VIIRS,n,2,290.98,2.74,N,0
50.88111,-119.66572,303.88,0.56,0.43,2023-08-19,1037,N20,VIIRS,n,2,282.5,12.28,N,0
50.88113,-119.64736,313.91,0.56,0.43,2023-08-19,1037,N20,VIIRS,n,2,287.92,2.32,N,0
50.88138,-119.59317,305.5,0.56,0.43,2023-08-19,1037,N20,VIIRS,n,2,286.28,3.32,N,0
50.88164,-119.57584,321.2,0.56,0.43,2023-08-19,1037,N20,VIIRS,n,2,289.91,3.63,N,0
50.88205,-119.55914,309.98,0.56,0.43,2023-08-19,1037,N20,VIIRS,n,2,286.76,3.71,N,0
50.8825,-119.54261,339.7,0.56,0.43,2023-08-19,1037,N20,VIIRS,n,2,323.83,288.51,N,0
50.88278,-119.52529,342.57,0.57,0.43,2023-08-19,1037,N20,VIIRS,n,2,290.29,94.83,N,0
50.88287,-119.6181,313.29,0.56,0.43,2023-08-19,1037,N20,VIIRS,n,2,288.15,3.3,N,0
50.88287,-119.63657,310.09,0.56,0.43,2023-08-19,1037,N20,VIIRS,n,2,288.7,2.32,N,0
50.88313,-119.60078,311.73,0.56,0.43,2023-08-19,1037,N20,VIIRS,n,2,288.09,2.74,N,0
50.88316,-119.65621,352.94,0.56,0.43,2023-08-19,1037,N20,VIIRS,n,2,298.55,33.31,N,0
50.88338,-119.58344,318.36,0.56,0.43,2023-08-19,1037,N20,VIIRS,n,2,289.96,2.67,N,0
50.88367,-119.56619,330.52,0.56,0.43,2023-08-19,1037,N20,VIIRS,n,2,293.34,3.63,N,0
50.88409,-119.54951,307.46,0.56,0.43,2023-08-19,1037,N20,VIIRS,n,2,285.11,1.72,N,3
50.88448,-119.53269,367,0.57,0.43,2023-08-19,1037,N20,VIIRS,h,2,334.33,288.51,N,0
50.88458,-119.51463,298.96,0.57,0.43,2023-08-19,1037,N20,VIIRS,n,2,285.55,1.01,N,0
50.88468,-119.626,309.48,0.56,0.43,2023-08-19,1037,N20,VIIRS,n,2,287.08,3.3,N,0
50.88487,-119.60838,314.1,0.56,0.43,2023-08-19,1037,N20,VIIRS,n,2,289.14,2.74,N,0
50.88506,-119.64608,316.24,0.56,0.43,2023-08-19,1037,N20,VIIRS,n,2,287.34,2.32,N,0
50.88513,-119.59104,311.73,0.56,0.43,2023-08-19,1037,N20,VIIRS,n,2,288.09,2.67,N,0
50.88539,-119.57369,322.88,0.56,0.43,2023-08-19,1037,N20,VIIRS,n,2,291.07,3.63,N,0
50.88571,-119.5566,300.8,0.56,0.43,2023-08-19,1037,N20,VIIRS,n,2,284.07,1.72,N,3
50.88607,-119.53963,341,0.56,0.43,2023-08-19,1037,N20,VIIRS,n,2,288.4,288.51,N,0
50.88638,-119.52245,306.55,0.57,0.43,2023-08-19,1037,N20,VIIRS,n,2,286.01,1.01,N,0
50.88663,-119.61607,330.2,0.56,0.43,2023-08-19,1037,N20,VIIRS,n,2,293.83,3.3,N,0
50.88667,-119.63467,304.93,0.56,0.43,2023-08-19,1037,N20,VIIRS,n,2,287.06,3.76,N,0
50.88688,-119.59866,313.97,0.56,0.43,2023-08-19,1037,N20,VIIRS,n,2,289.83,2.2,N,0
50.88713,-119.5813,316.05,0.56,0.43,2023-08-19,1037,N20,VIIRS,n,2,289.44,2.67,N,0
50.8874,-119.56396,335.26,0.56,0.43,2023-08-19,1037,N20,VIIRS,n,2,293.19,3.65,N,0
50.88768,-119.54665,301.35,0.56,0.43,2023-08-19,1037,N20,VIIRS,n,2,283.64,1.72,N,3
50.88808,-119.52988,310.12,0.57,0.43,2023-08-19,1037,N20,VIIRS,n,2,285.22,0.99,N,0
50.88847,-119.62405,317.59,0.56,0.43,2023-08-19,1037,N20,VIIRS,n,2,290.24,3.3,N,0
50.88863,-119.60631,313.28,0.56,0.43,2023-08-19,1037,N20,VIIRS,n,2,290.25,2.2,N,0
50.88888,-119.58891,316,0.56,0.43,2023-08-19,1037,N20,VIIRS,n,2,290.46,2.67,N,0
50.88892,-119.64448,327.82,0.56,0.43,2023-08-19,1037,N20,VIIRS,n,2,290.13,3.76,N,0
50.88914,-119.57153,320.11,0.56,0.43,2023-08-19,1037,N20,VIIRS,n,2,290.63,3.65,N,0
50.88972,-119.53706,304.36,0.56,0.43,2023-08-19,1037,N20,VIIRS,n,2,284.87,0.99,N,3
50.89003,-119.51987,311.66,0.57,0.43,2023-08-19,1037,N20,VIIRS,n,2,285.36,1.01,N,0
50.89039,-119.614,326.71,0.56,0.43,2023-08-19,1037,N20,VIIRS,n,2,294.05,3.11,N,0
50.89051,-119.63295,307.96,0.56,0.43,2023-08-19,1037,N20,VIIRS,n,2,287.75,3.76,N,0
50.89062,-119.59653,308.96,0.56,0.43,2023-08-19,1037,N20,VIIRS,n,2,288.63,2.2,N,0
50.89087,-119.65296,349.5,0.56,0.43,2023-08-19,1037,N20,VIIRS,n,2,293.24,19.34,N,0
50.89088,-119.57914,321.81,0.56,0.43,2023-08-19,1037,N20,VIIRS,n,2,290.5,3.17,N,0
50.89114,-119.56177,316.27,0.56,0.43,2023-08-19,1037,N20,VIIRS,n,2,287.97,3.65,N,0
50.89174,-119.52733,315.83,0.57,0.43,2023-08-19,1037,N20,VIIRS,n,2,285.17,0.99,N,3
50.89223,-119.62203,318.32,0.56,0.43,2023-08-19,1037,N20,VIIRS,n,2,290.85,3.11,N,0
50.89239,-119.60425,309.29,0.56,0.43,2023-08-19,1037,N20,VIIRS,n,2,288.19,2.2,N,0
50.89257,-119.66042,343.2,0.56,0.43,2023-08-19,1037,N20,VIIRS,n,2,290,19.34,N,0
50.89263,-119.58676,315.56,0.56,0.43,2023-08-19,1037,N20,VIIRS,n,2,288.02,3.17,N,0
50.89279,-119.64291,332,0.56,0.43,2023-08-19,1037,N20,VIIRS,n,2,290.71,3.76,N,0
50.89288,-119.56937,319.64,0.56,0.43,2023-08-19,1037,N20,VIIRS,n,2,290.38,3.65,N,0
50.89342,-119.53469,299.98,0.56,0.43,2023-08-19,1037,N20,VIIRS,n,2,284.26,0.99,N,3
50.89416,-119.61195,313.74,0.56,0.43,2023-08-19,1037,N20,VIIRS,n,2,291.22,3.11,N,0
50.89431,-119.63113,309.43,0.56,0.43,2023-08-19,1037,N20,VIIRS,n,2,289.09,3.02,N,0
50.89437,-119.59441,310.68,0.56,0.43,2023-08-19,1037,N20,VIIRS,n,2,288.76,2.24,N,0
50.89463,-119.577,320.83,0.56,0.43,2023-08-19,1037,N20,VIIRS,n,2,291.36,3.17,N,0
50.89466,-119.6511,351.55,0.56,0.43,2023-08-19,1037,N20,VIIRS,n,2,296.16,19.34,N,0
50.89601,-119.62006,307.84,0.56,0.43,2023-08-19,1037,N20,VIIRS,n,2,288.86,3.11,N,0
50.89615,-119.60216,312.56,0.56,0.43,2023-08-19,1037,N20,VIIRS,n,2,288.58,2.24,N,0
50.89627,-119.65813,350.25,0.56,0.43,2023-08-19,1037,N20,VIIRS,n,2,302.77,19.34,N,0
50.89638,-119.58465,318.12,0.56,0.43,2023-08-19,1037,N20,VIIRS,n,2,291.68,3.17,N,0
50.89659,-119.64105,319.37,0.56,0.43,2023-08-19,1037,N20,VIIRS,n,2,288.52,3.02,N,0
50.89663,-119.56725,304.78,0.56,0.43,2023-08-19,1037,N20,VIIRS,n,2,288.15,3.04,N,0
50.89689,-119.69774,296.03,0.56,0.43,2023-08-19,1037,N20,VIIRS,n,2,280.68,2.32,N,0
50.89781,-119.66485,328.95,0.56,0.43,2023-08-19,1037,N20,VIIRS,n,2,287.07,16.87,N,0
50.89793,-119.60995,306.61,0.56,0.43,2023-08-19,1037,N20,VIIRS,n,2,288.58,2,N,0
50.89813,-119.59232,316.11,0.56,0.43,2023-08-19,1037,N20,VIIRS,n,2,291.27,2.24,N,0
50.89839,-119.57494,315.68,0.56,0.43,2023-08-19,1037,N20,VIIRS,n,2,290.28,3.33,N,0
50.8984,-119.64897,346.07,0.56,0.43,2023-08-19,1037,N20,VIIRS,n,2,296.8,11.19,N,0
50.89877,-119.70596,319.91,0.56,0.43,2023-08-19,1037,N20,VIIRS,n,2,283.85,2.32,N,0
50.8999,-119.60005,309.75,0.56,0.43,2023-08-19,1037,N20,VIIRS,n,2,289.53,2.24,N,0
50.89994,-119.65572,348.1,0.56,0.43,2023-08-19,1037,N20,VIIRS,n,2,295.07,11.19,N,0
50.90017,-119.5827,319.39,0.56,0.43,2023-08-19,1037,N20,VIIRS,n,2,290.71,3.33,N,0
50.90033,-119.63893,316.96,0.56,0.43,2023-08-19,1037,N20,VIIRS,n,2,286.76,3.02,N,0
50.90066,-119.6958,303.57,0.56,0.43,2023-08-19,1037,N20,VIIRS,n,2,280.8,19.14,N,0
50.90081,-119.71483,339.34,0.56,0.43,2023-08-19,1037,N20,VIIRS,n,2,285.64,7.49,N,0
50.90145,-119.66235,350.21,0.56,0.43,2023-08-19,1037,N20,VIIRS,n,2,294.8,15.18,N,0
50.90171,-119.608,310.36,0.56,0.43,2023-08-19,1037,N20,VIIRS,n,2,288.88,2,N,0
50.90191,-119.59034,310.15,0.56,0.43,2023-08-19,1037,N20,VIIRS,n,2,289.19,1.74,N,0
50.90191,-119.62733,302.64,0.56,0.43,2023-08-19,1037,N20,VIIRS,n,2,285.35,1.73,N,0
50.90195,-119.46046,335.84,0.57,0.43,2023-08-19,1037,N20,VIIRS,n,2,286.06,7.86,N,0
50.9021,-119.64669,324.33,0.56,0.43,2023-08-19,1037,N20,VIIRS,n,2,289.3,11.19,N,0
50.90215,-119.57287,338,0.56,0.43,2023-08-19,1037,N20,VIIRS,n,2,291.64,3.33,N,0
50.90267,-119.70457,346.72,0.56,0.43,2023-08-19,1037,N20,VIIRS,n,2,294.68,19.14,N,0
50.9028,-119.72354,328.12,0.56,0.43,2023-08-19,1037,N20,VIIRS,n,2,282.29,7.49,N,0
50.9036,-119.61626,305.05,0.56,0.43,2023-08-19,1037,N20,VIIRS,n,2,287.97,2,N,0
50.90362,-119.65333,367,0.56,0.43,2023-08-19,1037,N20,VIIRS,h,2,298.17,11.19,N,0
50.90366,-119.59799,308.86,0.56,0.43,2023-08-19,1037,N20,VIIRS,n,2,289.94,1.74,N,0
50.90371,-119.46812,319.69,0.57,0.43,2023-08-19,1037,N20,VIIRS,n,2,287.8,5.57,N,0
50.90395,-119.58075,304.53,0.56,0.43,2023-08-19,1037,N20,VIIRS,n,2,287.57,3.33,N,0
50.90396,-119.45061,298.13,0.57,0.43,2023-08-19,1037,N20,VIIRS,n,2,285.61,5.79,N,0
50.90405,-119.63673,309.94,0.56,0.43,2023-08-19,1037,N20,VIIRS,n,2,284.55,1.73,N,0
50.90445,-119.6939,330.39,0.56,0.43,2023-08-19,1037,N20,VIIRS,n,2,284.31,19.14,N,0
50.90481,-119.71391,345.31,0.56,0.43,2023-08-19,1037,N20,VIIRS,n,2,302.99,41.82,N,0
50.90511,-119.65987,346.17,0.56,0.43,2023-08-19,1037,N20,VIIRS,n,2,294.74,15.18,N,0
50.90545,-119.4758,344.71,0.57,0.43,2023-08-19,1037,N20,VIIRS,n,2,290.48,5.57,N,0
50.90546,-119.60586,313.57,0.56,0.43,2023-08-19,1037,N20,VIIRS,n,2,289.69,2.46,N,0
50.90557,-119.62489,312.45,0.56,0.43,2023-08-19,1037,N20,VIIRS,n,2,287.78,1.73,N,0
50.90572,-119.45831,340.81,0.57,0.43,2023-08-19,1037,N20,VIIRS,n,2,290.56,5.79,N,0
50.90573,-119.58851,302,0.56,0.43,2023-08-19,1037,N20,VIIRS,n,2,287.39,1.74,N,0
50.90575,-119.64415,308.46,0.56,0.43,2023-08-19,1037,N20,VIIRS,n,2,285.68,3.31,N,0
50.90663,-119.70344,349.34,0.56,0.43,2023-08-19,1037,N20,VIIRS,n,2,299.29,19.14,N,0
50.90669,-119.66677,331.15,0.56,0.43,2023-08-19,1037,N20,VIIRS,n,2,290.18,15.18,N,0
50.90673,-119.72231,324.56,0.56,0.43,2023-08-19,1037,N20,VIIRS,n,2,304.3,41.82,N,0
50.9072,-119.48347,308.68,0.57,0.43,2023-08-19,1037,N20,VIIRS,n,2,286.04,2.1,N,0
50.90726,-119.65077,334.55,0.56,0.43,2023-08-19,1037,N20,VIIRS,n,2,291.22,3.31,N,0
50.90728,-119.61384,313.38,0.56,0.43,2023-08-19,1037,N20,VIIRS,n,2,288.71,2.46,N,0
50.90747,-119.466,323.74,0.57,0.43,2023-08-19,1037,N20,VIIRS,n,2,289.73,6.21,N,0
50.90747,-119.59618,310.23,0.56,0.43,2023-08-19,1037,N20,VIIRS,n,2,288.59,1.74,N,0
50.90753,-119.63347,310.71,0.56,0.43,2023-08-19,1037,N20,VIIRS,n,2,285.45,1.73,N,0
50.90781,-119.57909,329.06,0.56,0.43,2023-08-19,1037,N20,VIIRS,n,2,295,19.88,N,0
50.90829,-119.69229,333.6,0.56,0.43,2023-08-19,1037,N20,VIIRS,n,2,284.82,9.43,N,0
50.90863,-119.45812,326.37,0.57,0.43,2023-08-19,1037,N20,VIIRS,n,2,288.33,3.85,N,0
50.90877,-119.6574,316.44,0.56,0.43,2023-08-19,1037,N20,VIIRS,n,2,288.21,2.57,N,0
50.90886,-119.7132,327.65,0.56,0.43,2023-08-19,1037,N20,VIIRS,n,2,285.94,41.82,N,0
50.90913,-119.62194,309.77,0.56,0.43,2023-08-19,1037,N20,VIIRS,n,2,287.94,1.95,N,0
50.90921,-119.60374,315.35,0.56,0.43,2023-08-19,1037,N20,VIIRS,n,2,289.51,2.46,N,0
50.90923,-119.47369,348.13,0.57,0.43,2023-08-19,1037,N20,VIIRS,n,2,295.59,6.21,N,0
50.90927,-119.64112,307.87,0.56,0.43,2023-08-19,1037,N20,VIIRS,n,2,285.31,3.31,N,0
50.90948,-119.45618,330.02,0.57,0.43,2023-08-19,1037,N20,VIIRS,n,2,287.56,5.79,N,0
50.90958,-119.58685,341.3,0.56,0.43,2023-08-19,1037,N20,VIIRS,n,2,292.98,7.15,N,0
50.91038,-119.66445,314.64,0.56,0.43,2023-08-19,1037,N20,VIIRS,n,2,287.56,2.57,N,0
50.91042,-119.4658,327.84,0.57,0.43,2023-08-19,1037,N20,VIIRS,n,2,289.56,3.85,N,0
50.91065,-119.70261,348.69,0.56,0.43,2023-08-19,1037,N20,VIIRS,n,2,291.36,9.43,N,0
50.91068,-119.72119,305.73,0.56,0.43,2023-08-19,1037,N20,VIIRS,n,2,279.5,41.82,N,0
50.91095,-119.6114,314.52,0.56,0.43,2023-08-19,1037,N20,VIIRS,n,2,289.79,2.46,N,0
50.91097,-119.48136,346.88,0.57,0.43,2023-08-19,1037,N20,VIIRS,n,2,292.66,8.39,N,0
50.911,-119.63017,309.26,0.56,0.43,2023-08-19,1037,N20,VIIRS,n,2,287.08,1.95,N,0
50.91124,-119.46389,323.57,0.57,0.43,2023-08-19,1037,N20,VIIRS,n,2,289.12,6.21,N,0
50.91133,-119.59452,314.28,0.56,0.43,2023-08-19,1037,N20,VIIRS,n,2,288.66,7.15,N,0
50.91209,-119.67194,320.28,0.56,0.43,2023-08-19,1037,N20,VIIRS,n,2,289.5,4.33,N,0
50.91212,-119.69055,326.58,0.56,0.43,2023-08-19,1037,N20,VIIRS,n,2,289.72,9.43,N,0
50.9122,-119.47345,340.27,0.57,0.43,2023-08-19,1037,N20,VIIRS,n,2,293.59,7.06,N,0
50.9124,-119.45602,325.6,0.57,0.43,2023-08-19,1037,N20,VIIRS,n,2,285.75,3.85,N,0
50.9124,-119.65478,313.73,0.56,0.43,2023-08-19,1037,N20,VIIRS,n,2,289.49,2.57,N,0
50.91275,-119.61928,310.47,0.56,0.43,2023-08-19,1037,N20,VIIRS,n,2,288.11,1.95,N,0
50.91278,-119.63796,311.22,0.56,0.43,2023-08-19,1037,N20,VIIRS,n,2,286.68,1.54,N,0
50.91293,-119.7126,344.84,0.56,0.43,2023-08-19,1037,N20,VIIRS,n,2,287.66,8.04,N,0
50.91299,-119.47158,330.21,0.57,0.43,2023-08-19,1037,N20,VIIRS,n,2,291.09,6.21,N,0
50.91326,-119.45409,302.36,0.57,0.43,2023-08-19,1037,N20,VIIRS,n,2,284.99,1.23,N,0
50.91344,-119.58521,324.13,0.56,0.43,2023-08-19,1037,N20,VIIRS,n,2,288.94,7.15,N,0
50.91399,-119.4811,346.57,0.57,0.43,2023-08-19,1037,N20,VIIRS,n,2,293.28,7.06,N,0
50.91408,-119.66219,314.71,0.56,0.43,2023-08-19,1037,N20,VIIRS,n,2,288.54,2.57,N,0
50.91419,-119.46368,319.53,0.57,0.43,2023-08-19,1037,N20,VIIRS,n,2,287.33,3.85,N,0
50.91442,-119.64516,303.17,0.56,0.43,2023-08-19,1037,N20,VIIRS,n,2,286.1,1.54,N,0
50.91455,-119.62721,310.51,0.56,0.43,2023-08-19,1037,N20,VIIRS,n,2,288.3,1.95,N,0
50.9146,-119.70145,334.2,0.56,0.43,2023-08-19,1037,N20,VIIRS,n,2,289.2,9.43,N,0
50.91475,-119.47927,349.11,0.57,0.43,2023-08-19,1037,N20,VIIRS,n,2,294.98,8.39,N,0
50.91476,-119.60955,313.15,0.56,0.43,2023-08-19,1037,N20,VIIRS,n,2,289.21,2.07,N,0
50.91501,-119.46178,322.34,0.57,0.43,2023-08-19,1037,N20,VIIRS,n,2,287.57,2.75,N,0
50.91519,-119.59291,336.76,0.56,0.43,2023-08-19,1037,N20,VIIRS,n,2,290.9,7.15,N,0
50.91537,-119.44469,299.14,0.57,0.43,2023-08-19,1037,N20,VIIRS,n,2,285.74,1.23,N,0
50.9158,-119.4889,301.51,0.57,0.43,2023-08-19,1037,N20,VIIRS,n,2,284.16,4.16,N,0
50.91585,-119.66993,321.14,0.56,0.43,2023-08-19,1037,N20,VIIRS,n,2,289.91,4.33,N,0
50.91597,-119.47134,323.31,0.57,0.43,2023-08-19,1037,N20,VIIRS,n,2,289.63,7.06,N,0
50.91604,-119.68929,303.42,0.56,0.43,2023-08-19,1037,N20,VIIRS,n,2,285.11,22.01,N,0
50.91607,-119.65241,310.25,0.56,0.43,2023-08-19,1037,N20,VIIRS,n,2,287.15,1.83,N,0
50.9161,-119.52252,304.69,0.56,0.43,2023-08-19,1037,N20,VIIRS,n,2,284.74,1.68,N,0
50.91621,-119.45406,308.51,0.57,0.43,2023-08-19,1037,N20,VIIRS,n,2,286.99,1.8,N,0
50.91631,-119.63496,307.04,0.56,0.43,2023-08-19,1037,N20,VIIRS,n,2,286.9,1.54,N,0
50.9165,-119.61721,312.22,0.56,0.43,2023-08-19,1037,N20,VIIRS,n,2,288.96,1.68,N,0
50.91652,-119.48708,324.78,0.57,0.43,2023-08-19,1037,N20,VIIRS,n,2,285.02,8.39,N,0
50.91655,-119.43718,316.15,0.57,0.43,2023-08-19,1037,N20,VIIRS,n,2,287.55,3.38,N,0
50.91676,-119.46944,321.99,0.57,0.43,2023-08-19,1037,N20,VIIRS,n,2,289.23,2.75,N,0
50.91679,-119.71106,328.13,0.56,0.43,2023-08-19,1037,N20,VIIRS,n,2,281.99,8.04,N,0
50.91694,-119.60057,306.48,0.56,0.43,2023-08-19,1037,N20,VIIRS,n,2,287.17,2.07,N,0
50.91708,-119.45221,308.21,0.57,0.43,2023-08-19,1037,N20,VIIRS,n,2,287.25,1.23,N,0
50.91749,-119.43534,312.04,0.57,0.43,2023-08-19,1037,N20,VIIRS,n,2,287.2,2.37,N,0
50.91776,-119.47903,331.64,0.57,0.43,2023-08-19,1037,N20,VIIRS,n,2,290.52,7.06,N,0
50.91782,-119.6601,308.16,0.56,0.43,2023-08-19,1037,N20,VIIRS,n,2,286.43,1.83,N,0
50.91796,-119.46159,308.32,0.57,0.43,2023-08-19,1037,N20,VIIRS,n,2,286.7,1.8,N,0
50.91796,-119.53069,326.25,0.56,0.43,2023-08-19,1037,N20,VIIRS,n,2,284.98,3.16,N,0
50.918,-119.6423,304.29,0.56,0.43,2023-08-19,1037,N20,VIIRS,n,2,287.62,1.54,N,0
50.91816,-119.51292,322.97,0.57,0.43,2023-08-19,1037,N20,VIIRS,n,2,286.68,8.39,N,0
50.9182,-119.62464,306.6,0.56,0.43,2023-08-19,1037,N20,VIIRS,n,2,288.3,1.68,N,0
50.91835,-119.49512,307.29,0.57,0.43,2023-08-19,1037,N20,VIIRS,n,2,284.61,2.37,N,0
50.91838,-119.44502,321.9,0.57,0.43,2023-08-19,1037,N20,VIIRS,n,2,287.74,3.38,N,0
50.91851,-119.47715,326.06,0.57,0.43,2023-08-19,1037,N20,VIIRS,n,2,289.87,3.17,N,0
50.91858,-119.70045,330.95,0.56,0.43,2023-08-19,1037,N20,VIIRS,n,2,288.58,22.01,N,0
50.91866,-119.60815,305,0.56,0.43,2023-08-19,1037,N20,VIIRS,n,2,286.94,2.07,N,0
50.9188,-119.45975,303.24,0.57,0.43,2023-08-19,1037,N20,VIIRS,n,2,285.84,2.75,N,0
50.91904,-119.59125,329.02,0.56,0.43,2023-08-19,1037,N20,VIIRS,n,2,290.47,5.49,N,0
50.9193,-119.44328,327.26,0.57,0.43,2023-08-19,1037,N20,VIIRS,n,2,288.35,1.93,N,0
50.91953,-119.50491,312.92,0.57,0.43,2023-08-19,1037,N20,VIIRS,n,2,285.08,5.58,N,0
50.91961,-119.48698,331.72,0.57,0.43,2023-08-19,1037,N20,VIIRS,n,2,287.75,4.16,N,0
50.91962,-119.66796,305.9,0.56,0.43,2023-08-19,1037,N20,VIIRS,n,2,287.34,2,N,0
50.9197,-119.6498,307.47,0.56,0.43,2023-08-19,1037,N20,VIIRS,n,2,287.58,1.83,N,0
50.91974,-119.46923,314.27,0.57,0.43,2023-08-19,1037,N20,VIIRS,n,2,287.95,2.39,N,0
50.91991,-119.63219,311.96,0.56,0.43,2023-08-19,1037,N20,VIIRS,n,2,288.27,2.14,N,0
50.92001,-119.52106,343.09,0.56,0.43,2023-08-19,1037,N20,VIIRS,n,2,291.03,8.39,N,0
50.92008,-119.45235,303.5,0.57,0.43,2023-08-19,1037,N20,VIIRS,n,2,286.39,1.8,N,0
50.9202,-119.50323,317.09,0.57,0.43,2023-08-19,1037,N20,VIIRS,n,2,285.53,2.37,N,0
50.92033,-119.48515,319.52,0.57,0.43,2023-08-19,1037,N20,VIIRS,n,2,287.13,3.17,N,0
50.92035,-119.61552,308.43,0.56,0.43,2023-08-19,1037,N20,VIIRS,n,2,286.82,1.68,N,0
50.92053,-119.46735,310.29,0.57,0.43,2023-08-19,1037,N20,VIIRS,n,2,287.41,2.75,N,0
50.92065,-119.70952,326.28,0.56,0.43,2023-08-19,1037,N20,VIIRS,n,2,279.21,3.21,N,0
50.92083,-119.5991,331.89,0.56,0.43,2023-08-19,1037,N20,VIIRS,n,2,292.5,3.17,N,0
50.92097,-119.45062,302.17,0.57,0.43,2023-08-19,1037,N20,VIIRS,n,2,286.35,1.93,N,0
50.92146,-119.51318,332.5,0.56,0.43,2023-08-19,1037,N20,VIIRS,n,2,287.16,5.58,N,0
50.92152,-119.65781,309.12,0.56,0.43,2023-08-19,1037,N20,VIIRS,n,2,286.64,1.83,N,0
50.92154,-119.47696,324.97,0.57,0.43,2023-08-19,1037,N20,VIIRS,n,2,287.79,2.39,N,0
50.92155,-119.49528,325.58,0.57,0.43,2023-08-19,1037,N20,VIIRS,n,2,287.52,4.16,N,0
50.92161,-119.63966,305.28,0.56,0.43,2023-08-19,1037,N20,VIIRS,n,2,288.44,2.14,N,0
50.92186,-119.52918,343.6,0.56,0.43,2023-08-19,1037,N20,VIIRS,n,2,291.09,5.35,N,0
50.92202,-119.62287,307.5,0.56,0.43,2023-08-19,1037,N20,VIIRS,n,2,287.81,1.68,N,0
50.92208,-119.51155,325.27,0.57,0.43,2023-08-19,1037,N20,VIIRS,n,2,286,8.39,N,0
50.92224,-119.49356,320.76,0.57,0.43,2023-08-19,1037,N20,VIIRS,n,2,287.18,2.22,N,0
50.92229,-119.47511,322.56,0.57,0.43,2023-08-19,1037,N20,VIIRS,n,2,287.94,3.17,N,0
50.9223,-119.44356,304.89,0.57,0.43,2023-08-19,1037,N20,VIIRS,n,2,285.24,2.03,N,0
50.92244,-119.69889,343.85,0.56,0.43,2023-08-19,1037,N20,VIIRS,n,2,299.84,22.01,N,0
50.92259,-119.60686,312.81,0.56,0.43,2023-08-19,1037,N20,VIIRS,n,2,289.14,3.17,N,0
50.92263,-119.45789,298.65,0.57,0.43,2023-08-19,1037,N20,VIIRS,n,2,285.55,1.46,N,0
50.92319,-119.44173,301.49,0.57,0.43,2023-08-19,1037,N20,VIIRS,n,2,284.74,1.93,N,0
50.92333,-119.64719,314.34,0.56,0.43,2023-08-19,1037,N20,VIIRS,n,2,289.23,2.57,N,0
50.92334,-119.6658,305.36,0.56,0.43,2023-08-19,1037,N20,VIIRS,n,2,287.14,2,N,0
50.92336,-119.52133,342.46,0.56,0.43,2023-08-19,1037,N20,VIIRS,n,2,291.48,7.01,N,0
50.92348,-119.48531,306.64,0.57,0.43,2023-08-19,1037,N20,VIIRS,n,2,286.54,1.77,N,0
50.92348,-119.50357,318.23,0.57,0.43,2023-08-19,1037,N20,VIIRS,n,2,288.18,5.58,N,0
50.92352,-119.46716,306.87,0.57,0.43,2023-08-19,1037,N20,VIIRS,n,2,286.39,2.39,N,0
50.92365,-119.53703,331.22,0.56,0.43,2023-08-19,1037,N20,VIIRS,n,2,286.38,5.35,N,0
50.92395,-119.51976,345.77,0.56,0.43,2023-08-19,1037,N20,VIIRS,n,2,293.03,8.39,N,0
50.92399,-119.45081,304.82,0.57,0.43,2023-08-19,1037,N20,VIIRS,n,2,286.72,1.45,N,0
50.92414,-119.50195,315.95,0.57,0.43,2023-08-19,1037,N20,VIIRS,n,2,288.02,2.22,N,0
50.92418,-119.48338,305.33,0.57,0.43,2023-08-19,1037,N20,VIIRS,n,2,286.43,3.17,N,0
50.9243,-119.46527,306.8,0.57,0.43,2023-08-19,1037,N20,VIIRS,n,2,286.5,1.46,N,0
50.92431,-119.61443,310.72,0.56,0.43,2023-08-19,1037,N20,VIIRS,n,2,287.72,2.71,N,0
50.92444,-119.70769,303.31,0.56,0.43,2023-08-19,1037,N20,VIIRS,n,2,277.63,3.21,N,0
50.92471,-119.59757,300.51,0.56,0.43,2023-08-19,1037,N20,VIIRS,n,2,285.03,3.17,N,0
50.92489,-119.44917,310.19,0.57,0.43,2023-08-19,1037,N20,VIIRS,n,2,286.59,1.93,N,0
50.92517,-119.65531,310.1,0.56,0.43,2023-08-19,1037,N20,VIIRS,n,2,287.25,2.57,N,0
50.9252,-119.52925,325.59,0.56,0.43,2023-08-19,1037,N20,VIIRS,n,2,289.6,7.01,N,0
50.9252,-119.67396,306.04,0.56,0.43,2023-08-19,1037,N20,VIIRS,n,2,286.84,2,N,0
50.92533,-119.47497,305.15,0.57,0.43,2023-08-19,1037,N20,VIIRS,n,2,286.58,2.39,N,0
50.92538,-119.63766,307.01,0.56,0.43,2023-08-19,1037,N20,VIIRS,n,2,288.51,2.14,N,0
50.92543,-119.51195,341.73,0.56,0.43,2023-08-19,1037,N20,VIIRS,n,2,288.89,5.58,N,0
50.92553,-119.49406,304.89,0.57,0.43,2023-08-19,1037,N20,VIIRS,n,2,285.88,1.77,N,0
50.92564,-119.45793,306.25,0.57,0.43,2023-08-19,1037,N20,VIIRS,n,2,287.2,1.45,N,0
50.92576,-119.52771,330.47,0.56,0.43,2023-08-19,1037,N20,VIIRS,n,2,290.55,5.35,N,0
50.92603,-119.62193,313.45,0.56,0.43,2023-08-19,1037,N20,VIIRS,n,2,286.33,2.71,N,0
50.92604,-119.51033,330.2,0.57,0.43,2023-08-19,1037,N20,VIIRS,n,2,288.06,4.09,N,0
50.92607,-119.47303,303.99,0.57,0.43,2023-08-19,1037,N20,VIIRS,n,2,286.51,1.06,N,0
50.92618,-119.69684,347.02,0.56,0.43,2023-08-19,1037,N20,VIIRS,n,2,288.02,11.08,N,0
50.9262,-119.49232,303.77,0.57,0.43,2023-08-19,1037,N20,VIIRS,n,2,285.9,2.22,N,0
50.9265,-119.45624,308.55,0.57,0.43,2023-08-19,1037,N20,VIIRS,n,2,287.71,1.46,N,0
50.92651,-119.60551,318.43,0.56,0.43,2023-08-19,1037,N20,VIIRS,n,2,286.97,3.17,N,0
50.927,-119.53699,321.46,0.56,0.43,2023-08-19,1037,N20,VIIRS,n,2,287.92,2.44,N,0
50.92702,-119.64486,310.99,0.56,0.43,2023-08-19,1037,N20,VIIRS,n,2,289.58,2.57,N,0
50.92703,-119.66349,315.32,0.56,0.43,2023-08-19,1037,N20,VIIRS,n,2,288.14,1.79,N,0
50.9273,-119.46509,307.8,0.57,0.43,2023-08-19,1037,N20,VIIRS,n,2,286.72,2.5,N,0
50.92732,-119.52007,338.8,0.56,0.43,2023-08-19,1037,N20,VIIRS,n,2,289.72,7.01,N,0
50.92747,-119.50245,303.57,0.57,0.43,2023-08-19,1037,N20,VIIRS,n,2,285.72,1.39,N,0
50.92751,-119.53543,317.47,0.56,0.43,2023-08-19,1037,N20,VIIRS,n,2,288.47,5.35,N,0
50.92769,-119.62927,315.91,0.56,0.43,2023-08-19,1037,N20,VIIRS,n,2,287.07,9.37,N,0
50.9279,-119.5185,337.03,0.56,0.43,2023-08-19,1037,N20,VIIRS,n,2,289.52,4.09,N,0
50.92792,-119.44936,306.87,0.57,0.43,2023-08-19,1037,N20,VIIRS,n,2,285.9,1.45,N,0
50.92795,-119.41281,304.79,0.57,0.43,2023-08-19,1037,N20,VIIRS,n,2,286.77,1.75,N,0
50.92803,-119.48169,300.27,0.57,0.43,2023-08-19,1037,N20,VIIRS,n,2,286,1.06,N,0
50.92812,-119.46333,309.12,0.57,0.43,2023-08-19,1037,N20,VIIRS,n,2,287.1,1.46,N,0
50.92813,-119.50084,302.63,0.57,0.43,2023-08-19,1037,N20,VIIRS,n,2,285.66,2.22,N,0
50.92827,-119.61325,308.32,0.56,0.43,2023-08-19,1037,N20,VIIRS,n,2,286,2.71,N,0
50.92889,-119.67168,311.89,0.56,0.43,2023-08-19,1037,N20,VIIRS,n,2,287.71,1.79,N,0
50.92912,-119.52782,323.97,0.56,0.43,2023-08-19,1037,N20,VIIRS,n,2,289.27,7.01,N,0
50.92921,-119.63597,307.49,0.56,0.43,2023-08-19,1037,N20,VIIRS,n,2,287.08,9.37,N,0
50.92932,-119.54338,300.17,0.56,0.43,2023-08-19,1037,N20,VIIRS,n,2,284.3,0.78,N,0
50.92939,-119.51069,303.3,0.56,0.43,2023-08-19,1037,N20,VIIRS,n,2,285.19,1.39,N,0
50.92951,-119.49289,302.46,0.57,0.43,2023-08-19,1037,N20,VIIRS,n,2,285.02,1.77,N,0
50.92955,-119.45641,305.1,0.57,0.43,2023-08-19,1037,N20,VIIRS,n,2,286.94,1.45,N,0
50.92967,-119.52629,318.02,0.56,0.43,2023-08-19,1037,N20,VIIRS,n,2,288.6,2.15,N,0
50.9298,-119.69426,334.81,0.56,0.43,2023-08-19,1037,N20,VIIRS,n,2,285.36,11.08,N,0
50.92986,-119.47099,299.71,0.57,0.43,2023-08-19,1037,N20,VIIRS,n,2,285.87,1.06,N,0
50.92999,-119.50906,302.04,0.57,0.43,2023-08-19,1037,N20,VIIRS,n,2,285.12,4.09,N,0
50.93,-119.62085,330.36,0.56,0.43,2023-08-19,1037,N20,VIIRS,n,2,289.22,2.71,N,0
50.93016,-119.4911,302.25,0.57,0.43,2023-08-19,1037,N20,VIIRS,n,2,285.05,3.05,N,0
50.93068,-119.661,303.4,0.56,0.43,2023-08-19,1037,N20,VIIRS,n,2,285.95,1.79,N,0
50.93079,-119.64288,327.54,0.56,0.43,2023-08-19,1037,N20,VIIRS,n,2,291.28,3.04,N,0
50.93087,-119.53537,312.94,0.56,0.43,2023-08-19,1037,N20,VIIRS,n,2,288.69,2.44,N,0
50.93112,-119.46319,303.31,0.57,0.43,2023-08-19,1037,N20,VIIRS,n,2,286.41,2.5,N,0
50.93126,-119.51871,305.57,0.56,0.43,2023-08-19,1037,N20,VIIRS,n,2,285.62,2.29,N,0
50.93138,-119.53381,311.93,0.56,0.43,2023-08-19,1037,N20,VIIRS,n,2,288.55,2.15,N,0
50.93147,-119.50129,305.61,0.57,0.43,2023-08-19,1037,N20,VIIRS,n,2,284.93,1.39,N,0
50.93159,-119.62784,351.53,0.56,0.43,2023-08-19,1037,N20,VIIRS,n,2,296.12,9.37,N,0
50.93176,-119.41083,304.44,0.57,0.43,2023-08-19,1037,N20,VIIRS,n,2,286.91,3.51,N,0
50.93182,-119.51711,306.26,0.56,0.43,2023-08-19,1037,N20,VIIRS,n,2,285.71,4.09,N,0
50.93193,-119.48014,301.02,0.57,0.43,2023-08-19,1037,N20,VIIRS,n,2,285.45,1.06,N,0
50.93204,-119.43039,312.19,0.57,0.43,2023-08-19,1037,N20,VIIRS,n,2,285.69,4.42,N,0
50.93211,-119.49973,307.43,0.57,0.43,2023-08-19,1037,N20,VIIRS,n,2,284.79,3.05,N,0
50.93211,-119.61159,317.01,0.56,0.43,2023-08-19,1037,N20,VIIRS,n,2,286.52,2.51,N,0
50.93248,-119.65031,311.5,0.56,0.43,2023-08-19,1037,N20,VIIRS,n,2,288.86,3.04,N,0
50.93254,-119.66917,302.83,0.56,0.43,2023-08-19,1037,N20,VIIRS,n,2,286.38,1.79,N,0
50.93265,-119.57671,313.3,0.56,0.43,2023-08-19,1037,N20,VIIRS,n,2,285.17,4.13,N,0
50.93272,-119.54331,305.01,0.56,0.43,2023-08-19,1037,N20,VIIRS,n,2,285.03,2.44,N,0
50.93309,-119.63444,347.51,0.56,0.43,2023-08-19,1037,N20,VIIRS,n,2,293.26,9.37,N,0
50.93317,-119.54169,304.88,0.56,0.43,2023-08-19,1037,N20,VIIRS,n,2,285.74,2,N,0
50.93321,-119.69076,303.62,0.56,0.43,2023-08-19,1037,N20,VIIRS,n,2,281.92,1.55,N,0
50.93333,-119.50931,307.33,0.56,0.43,2023-08-19,1037,N20,VIIRS,n,2,285.16,1.39,N,0
50.93349,-119.49168,304.86,0.57,0.43,2023-08-19,1037,N20,VIIRS,n,2,284.57,4.07,N,0
50.93356,-119.52476,298.81,0.56,0.43,2023-08-19,1037,N20,VIIRS,n,2,284.55,2.15,N,0
50.93383,-119.61916,314.11,0.56,0.43,2023-08-19,1037,N20,VIIRS,n,2,286.11,2.51,N,0
50.93388,-119.41996,309.72,0.57,0.43,2023-08-19,1037,N20,VIIRS,n,2,286.8,3.51,N,0
50.93392,-119.50771,313.66,0.57,0.43,2023-08-19,1037,N20,VIIRS,n,2,285.4,5.11,N,0
50.93411,-119.48985,304.33,0.57,0.43,2023-08-19,1037,N20,VIIRS,n,2,284.58,3.05,N,0
50.93437,-119.58432,342.6,0.56,0.43,2023-08-19,1037,N20,VIIRS,n,2,289.91,4.13,N,0
50.9344,-119.56886,317.27,0.56,0.43,2023-08-19,1037,N20,VIIRS,n,2,286.76,3.45,N,0
50.93449,-119.6778,302.5,0.56,0.43,2023-08-19,1037,N20,VIIRS,n,2,284.55,1.55,N,0
50.93462,-119.64116,315.68,0.56,0.43,2023-08-19,1037,N20,VIIRS,n,2,288.91,3.04,N,0
50.93475,-119.56732,322.06,0.56,0.43,2023-08-19,1037,N20,VIIRS,n,2,286.81,3.07,N,0
50.93515,-119.51714,309.92,0.56,0.43,2023-08-19,1037,N20,VIIRS,n,2,284.93,2.29,N,0
50.93543,-119.62617,310.26,0.56,0.43,2023-08-19,1037,N20,VIIRS,n,2,287.35,2.39,N,0
50.93547,-119.50021,328.49,0.57,0.43,2023-08-19,1037,N20,VIIRS,n,2,287.82,9.96,N,0
50.9357,-119.51558,318.29,0.56,0.43,2023-08-19,1037,N20,VIIRS,n,2,285.6,5.11,N,0
50.93571,-119.44623,314.56,0.57,0.43,2023-08-19,1037,N20,VIIRS,n,2,285.93,4.01,N,0
50.93593,-119.42876,303,0.57,0.43,2023-08-19,1037,N20,VIIRS,n,2,286.24,1.95,N,0
50.93609,-119.49861,328.17,0.57,0.43,2023-08-19,1037,N20,VIIRS,n,2,285.4,3.05,N,0
50.93616,-119.66656,307.07,0.56,0.43,2023-08-19,1037,N20,VIIRS,n,2,287.23,2.7,N,0
50.93618,-119.57652,307.95,0.56,0.43,2023-08-19,1037,N20,VIIRS,n,2,285.86,3.45,N,0
50.93623,-119.64826,315.31,0.56,0.43,2023-08-19,1037,N20,VIIRS,n,2,289.71,3.04,N,0
50.9365,-119.57504,311.49,0.56,0.43,2023-08-19,1037,N20,VIIRS,n,2,286,4.13,N,0
50.93694,-119.63281,307.43,0.56,0.43,2023-08-19,1037,N20,VIIRS,n,2,286.55,2.39,N,0
50.93728,-119.50803,338.09,0.56,0.43,2023-08-19,1037,N20,VIIRS,n,2,285.2,9.96,N,0
50.93774,-119.4182,336.8,0.57,0.43,2023-08-19,1037,N20,VIIRS,n,2,290.72,3.51,N,0
50.93779,-119.43683,309.13,0.57,0.43,2023-08-19,1037,N20,VIIRS,n,2,285.64,1.95,N,0
50.93788,-119.50651,331,0.57,0.43,2023-08-19,1037,N20,VIIRS,n,2,284.37,5.11,N,0
50.93791,-119.58399,300.22,0.56,0.43,2023-08-19,1037,N20,VIIRS,n,2,283.98,0.99,N,0
50.93794,-119.65583,325.65,0.56,0.43,2023-08-19,1037,N20,VIIRS,n,2,289.2,2.7,N,0
50.93819,-119.58253,301.74,0.56,0.43,2023-08-19,1037,N20,VIIRS,n,2,284.09,4.13,N,0
50.93825,-119.56713,335.11,0.56,0.43,2023-08-19,1037,N20,VIIRS,n,2,285.99,3.45,N,0
50.93858,-119.56562,322.99,0.56,0.43,2023-08-19,1037,N20,VIIRS,n,2,285.54,2.79,N,0
50.93906,-119.51569,321.96,0.56,0.43,2023-08-19,1037,N20,VIIRS,n,2,283.26,3.55,N,0
50.93948,-119.40733,312.73,0.57,0.43,2023-08-19,1037,N20,VIIRS,n,2,288.99,2.4,N,0
50.93954,-119.44435,307.68,0.57,0.43,2023-08-19,1037,N20,VIIRS,n,2,284.62,1.93,N,0
50.93961,-119.51411,327.97,0.56,0.43,2023-08-19,1037,N20,VIIRS,n,2,284.05,5.11,N,0
50.93966,-119.59155,298.19,0.56,0.43,2023-08-19,1037,N20,VIIRS,n,2,284.53,0.99,N,0
50.93976,-119.66385,304.99,0.56,0.43,2023-08-19,1037,N20,VIIRS,n,2,286.77,2.7,N,0
50.93979,-119.42702,316.17,0.57,0.43,2023-08-19,1037,N20,VIIRS,n,2,287.92,1.95,N,0
50.9399,-119.59006,297.88,0.56,0.43,2023-08-19,1037,N20,VIIRS,n,2,284.35,1.36,N,0
50.94005,-119.6465,326.15,0.56,0.43,2023-08-19,1037,N20,VIIRS,n,2,290.06,3.15,N,0
50.94032,-119.57325,298.71,0.56,0.43,2023-08-19,1037,N20,VIIRS,n,2,283.16,1.48,N,0
50.94162,-119.43497,307.89,0.57,0.43,2023-08-19,1037,N20,VIIRS,n,2,285.34,1.95,N,0
50.94165,-119.41668,322.29,0.57,0.43,2023-08-19,1037,N20,VIIRS,n,2,290.17,2.4,N,0
50.94167,-119.65366,320.85,0.56,0.43,2023-08-19,1037,N20,VIIRS,n,2,288.36,4.59,N,0
50.94174,-119.58223,303.8,0.56,0.43,2023-08-19,1037,N20,VIIRS,n,2,284.93,0.99,N,0
50.94202,-119.58075,305.6,0.56,0.43,2023-08-19,1037,N20,VIIRS,n,2,285.09,1.48,N,0
50.94224,-119.6376,303.24,0.56,0.43,2023-08-19,1037,N20,VIIRS,n,2,287.45,3.15,N,0
50.94334,-119.44239,312.93,0.57,0.43,2023-08-19,1037,N20,VIIRS,n,2,286,1.93,N,0
50.94344,-119.40598,308.3,0.57,0.43,2023-08-19,1037,N20,VIIRS,n,2,288.95,2.4,N,0
50.94345,-119.36916,299.96,0.57,0.43,2023-08-19,1037,N20,VIIRS,n,2,287.54,1.56,N,3
50.94349,-119.58974,300.55,0.56,0.43,2023-08-19,1037,N20,VIIRS,n,2,284.55,0.99,N,0
50.94368,-119.42544,326.5,0.57,0.43,2023-08-19,1037,N20,VIIRS,n,2,290.37,3.86,N,0
50.94373,-119.58828,301.14,0.56,0.43,2023-08-19,1037,N20,VIIRS,n,2,285.04,1.28,N,0
50.94387,-119.64478,321.26,0.56,0.43,2023-08-19,1037,N20,VIIRS,n,2,287.02,3.15,N,0
50.94492,-119.44922,303.42,0.57,0.43,2023-08-19,1037,N20,VIIRS,n,2,284.38,1.93,N,0
50.94538,-119.37749,302.25,0.57,0.43,2023-08-19,1037,N20,VIIRS,n,2,286.71,1.56,N,0
50.94541,-119.35915,324.5,0.57,0.43,2023-08-19,1037,N20,VIIRS,n,2,287.62,2.44,N,0
50.94548,-119.43322,331.44,0.57,0.43,2023-08-19,1037,N20,VIIRS,n,2,289.7,3.86,N,0
50.94556,-119.41513,309.2,0.57,0.43,2023-08-19,1037,N20,VIIRS,n,2,287.3,2.4,N,0
50.94556,-119.58044,318.09,0.56,0.43,2023-08-19,1037,N20,VIIRS,n,2,286.68,3.07,N,0
50.94584,-119.57895,314.46,0.56,0.43,2023-08-19,1037,N20,VIIRS,n,2,286.54,1.48,N,0
50.94603,-119.6357,304.18,0.56,0.43,2023-08-19,1037,N20,VIIRS,n,2,285.76,1.45,N,0
50.94719,-119.44061,334.16,0.57,0.43,2023-08-19,1037,N20,VIIRS,n,2,290.54,4.78,N,0
50.94729,-119.36729,320.87,0.57,0.43,2023-08-19,1037,N20,VIIRS,n,2,287.16,3.73,N,0
50.94737,-119.40455,344.7,0.57,0.43,2023-08-19,1037,N20,VIIRS,n,2,288.19,3.93,N,0
50.94738,-119.3492,302.04,0.57,0.43,2023-08-19,1037,N20,VIIRS,n,2,284.5,2.44,N,0
50.94759,-119.42387,318.35,0.57,0.43,2023-08-19,1037,N20,VIIRS,n,2,287.18,3.86,N,0
50.94872,-119.4472,313.58,0.57,0.43,2023-08-19,1037,N20,VIIRS,n,2,285.35,4.78,N,0
50.94922,-119.35717,310.81,0.57,0.43,2023-08-19,1037,N20,VIIRS,n,2,284.97,2.44,N,0
50.94926,-119.39429,314.78,0.57,0.43,2023-08-19,1037,N20,VIIRS,n,2,287.05,4.69,N,0
50.94944,-119.43194,316.1,0.57,0.43,2023-08-19,1037,N20,VIIRS,n,2,286.22,3.86,N,0
50.94984,-119.63556,308.75,0.56,0.43,2023-08-19,1037,N20,VIIRS,n,2,286.54,2.99,N,0
50.94991,-119.63423,309.58,0.56,0.43,2023-08-19,1037,N20,VIIRS,n,2,286.91,1.45,N,0
50.95,-119.54461,317.76,0.56,0.43,2023-08-19,1037,N20,VIIRS,n,2,283.46,2.85,N,0
50.9502,-119.45363,314.64,0.57,0.43,2023-08-19,1037,N20,VIIRS,n,2,286.71,2.16,N,0
50.95121,-119.3473,310.07,0.57,0.43,2023-08-19,1037,N20,VIIRS,n,2,283.42,1.89,N,0
50.95126,-119.40289,302.72,0.57,0.43,2023-08-19,1037,N20,VIIRS,n,2,286.47,3.93,N,0
50.9531,-119.39242,313.76,0.57,0.43,2023-08-19,1037,N20,VIIRS,n,2,288.24,6.32,N,0
50.95324,-119.41148,304.73,0.57,0.43,2023-08-19,1037,N20,VIIRS,n,2,286.71,3.93,N,0
50.95338,-119.43054,319.97,0.57,0.43,2023-08-19,1037,N20,VIIRS,n,2,286.1,4.27,N,0
50.95377,-119.63428,323.19,0.56,0.43,2023-08-19,1037,N20,VIIRS,n,2,285.51,2.99,N,0
50.95383,-119.63291,322.99,0.56,0.43,2023-08-19,1037,N20,VIIRS,n,2,285.49,2.48,N,0
50.95396,-119.45148,304.84,0.57,0.43,2023-08-19,1037,N20,VIIRS,n,2,285.62,2.16,N,0
50.95502,-119.40073,304.55,0.57,0.43,2023-08-19,1037,N20,VIIRS,n,2,286.85,2.2,N,0
50.95505,-119.43777,323.89,0.57,0.43,2023-08-19,1037,N20,VIIRS,n,2,287.36,3.21,N,0
50.95552,-119.64184,307.58,0.56,0.43,2023-08-19,1037,N20,VIIRS,n,2,287.18,1.98,N,0
50.95557,-119.64061,307,0.56,0.43,2023-08-19,1037,N20,VIIRS,n,2,286.79,2.48,N,0
50.95569,-119.45898,308.3,0.57,0.43,2023-08-19,1037,N20,VIIRS,n,2,285.07,2.16,N,0
50.95675,-119.38976,342.55,0.57,0.43,2023-08-19,1037,N20,VIIRS,n,2,290.82,6.32,N,0
50.95689,-119.40887,307.13,0.57,0.43,2023-08-19,1037,N20,VIIRS,n,2,287.05,2.2,N,0
50.95716,-119.64896,314.06,0.56,0.43,2023-08-19,1037,N20,VIIRS,n,2,287.33,1.98,N,0
50.95718,-119.64776,314.41,0.56,0.43,2023-08-19,1037,N20,VIIRS,n,2,287.37,1.82,N,0
50.95783,-119.68787,318.69,0.56,0.43,2023-08-19,1037,N20,VIIRS,n,2,287.25,3.61,N,0
50.95795,-119.7071,306.73,0.56,0.43,2023-08-19,1037,N20,VIIRS,n,2,285.3,3.85,N,0
50.95856,-119.39764,319.2,0.57,0.43,2023-08-19,1037,N20,VIIRS,n,2,287.86,2.2,N,0
50.95882,-119.4172,307.04,0.57,0.43,2023-08-19,1037,N20,VIIRS,n,2,285.92,3.29,N,0
50.95884,-119.34328,319.66,0.57,0.43,2023-08-19,1037,N20,VIIRS,n,2,285.16,2.14,N,0
50.95886,-119.43583,310.86,0.57,0.43,2023-08-19,1037,N20,VIIRS,n,2,285.08,3.21,N,0
50.95942,-119.45673,310.26,0.57,0.43,2023-08-19,1037,N20,VIIRS,n,2,285.79,2.16,N,0
50.95984,-119.71547,307.83,0.55,0.43,2023-08-19,1037,N20,VIIRS,n,2,285.03,2.38,N,0
50.9604,-119.40562,305.43,0.57,0.43,2023-08-19,1037,N20,VIIRS,n,2,287.45,2.2,N,0
50.96075,-119.42557,319.56,0.57,0.43,2023-08-19,1037,N20,VIIRS,n,2,286.43,3.29,N,0
50.96107,-119.64758,304.31,0.56,0.43,2023-08-19,1037,N20,VIIRS,n,2,284.5,1.89,N,0
50.96108,-119.64639,302.25,0.56,0.43,2023-08-19,1037,N20,VIIRS,n,2,284.75,1.82,N,0
50.96139,-119.685,320.27,0.56,0.43,2023-08-19,1037,N20,VIIRS,n,2,287.31,3.61,N,0
50.96153,-119.68625,322.22,0.56,0.43,2023-08-19,1037,N20,VIIRS,n,2,285.81,2.02,N,0
50.96173,-119.72385,317.69,0.55,0.43,2023-08-19,1037,N20,VIIRS,n,2,284.68,2.38,N,0
50.96262,-119.34118,311.05,0.57,0.43,2023-08-19,1037,N20,VIIRS,n,2,284.07,2.14,N,0
50.96316,-119.69283,309.64,0.56,0.43,2023-08-19,1037,N20,VIIRS,n,2,285.64,3.75,N,0
50.96322,-119.45477,304.92,0.57,0.43,2023-08-19,1037,N20,VIIRS,n,2,285.77,2.16,N,0
50.96334,-119.69411,302.72,0.56,0.43,2023-08-19,1037,N20,VIIRS,n,2,285.49,2.02,N,0
50.96335,-119.71236,305.47,0.55,0.43,2023-08-19,1037,N20,VIIRS,n,2,286.68,2.64,N,0
50.96419,-119.51418,304.8,0.56,0.43,2023-08-19,1037,N20,VIIRS,n,2,281.11,2.15,N,0
50.96436,-119.4965,305.18,0.56,0.43,2023-08-19,1037,N20,VIIRS,n,2,283.13,3.87,N,0
50.96447,-119.34924,300.48,0.57,0.43,2023-08-19,1037,N20,VIIRS,n,2,284.62,2.14,N,0
50.96518,-119.7205,312.92,0.55,0.43,2023-08-19,1037,N20,VIIRS,n,2,287.06,2.64,N,0
50.9659,-119.41096,313.29,0.57,0.43,2023-08-19,1037,N20,VIIRS,n,2,286.79,6.26,N,0
50.96613,-119.43044,307.29,0.57,0.43,2023-08-19,1037,N20,VIIRS,n,2,285.19,2.31,N,0
50.96621,-119.50454,308.3,0.56,0.43,2023-08-19,1037,N20,VIIRS,n,2,279.94,2.15,N,0
50.96704,-119.72879,299.81,0.55,0.43,2023-08-19,1037,N20,VIIRS,n,2,283.94,1.83,N,0
50.96775,-119.41898,331.68,0.57,0.43,2023-08-19,1037,N20,VIIRS,n,2,287.32,6.26,N,0
50.96788,-119.43809,307.78,0.57,0.43,2023-08-19,1037,N20,VIIRS,n,2,284.33,2.31,N,0
50.96805,-119.49413,305.99,0.56,0.43,2023-08-19,1037,N20,VIIRS,n,2,282.58,3.01,N,0
50.96814,-119.36514,309.4,0.57,0.43,2023-08-19,1037,N20,VIIRS,n,2,285.42,2.26,N,0
50.96828,-119.34719,303.13,0.57,0.43,2023-08-19,1037,N20,VIIRS,n,2,285.53,2.59,N,0
50.96889,-119.73703,325,0.55,0.43,2023-08-19,1037,N20,VIIRS,n,2,284.48,1.83,N,0
50.96961,-119.42709,304.4,0.57,0.43,2023-08-19,1037,N20,VIIRS,n,2,285.71,1.73,N,0
50.96992,-119.39142,315.6,0.57,0.43,2023-08-19,1037,N20,VIIRS,n,2,286.06,8.96,N,0
50.96996,-119.50241,309.29,0.56,0.43,2023-08-19,1037,N20,VIIRS,n,2,280.75,1.85,N,0
50.97046,-119.7253,300.22,0.55,0.43,2023-08-19,1037,N20,VIIRS,n,2,285.64,1.83,N,0
50.97082,-119.72648,299.25,0.55,0.43,2023-08-19,1037,N20,VIIRS,n,2,285.72,2.2,N,0
50.97137,-119.41624,301.71,0.57,0.43,2023-08-19,1037,N20,VIIRS,n,2,283.12,6.26,N,0
50.97145,-119.43507,309.09,0.57,0.43,2023-08-19,1037,N20,VIIRS,n,2,285.11,1.73,N,0
50.97173,-119.49166,315.62,0.56,0.43,2023-08-19,1037,N20,VIIRS,n,2,282.71,3.01,N,0
50.9719,-119.38148,329.83,0.57,0.43,2023-08-19,1037,N20,VIIRS,n,2,288.99,6.95,N,0
50.972,-119.3634,305.38,0.57,0.43,2023-08-19,1037,N20,VIIRS,n,2,286.83,2.25,N,0
50.9722,-119.32712,325.3,0.57,0.43,2023-08-19,1037,N20,VIIRS,n,2,288.03,3.33,N,0
50.97236,-119.73373,301.23,0.55,0.43,2023-08-19,1037,N20,VIIRS,n,2,285.02,1.83,N,0
50.97275,-119.73487,301.99,0.55,0.43,2023-08-19,1037,N20,VIIRS,n,2,285.17,1.91,N,0
50.97322,-119.42426,302.67,0.57,0.43,2023-08-19,1037,N20,VIIRS,n,2,283.39,1.73,N,0
50.97358,-119.40732,330.59,0.57,0.43,2023-08-19,1037,N20,VIIRS,n,2,285.69,15.61,N,0
50.97395,-119.37183,316.39,0.57,0.43,2023-08-19,1037,N20,VIIRS,n,2,290.23,2.82,N,0
50.97399,-119.39057,333.99,0.57,0.43,2023-08-19,1037,N20,VIIRS,n,2,290.41,8.96,N,0
50.97403,-119.33508,318.78,0.57,0.43,2023-08-19,1037,N20,VIIRS,n,2,288.03,3.64,N,0
50.97421,-119.31726,299.78,0.57,0.43,2023-08-19,1037,N20,VIIRS,n,2,284.1,3.33,N,0
50.97561,-119.71076,307.55,0.55,0.43,2023-08-19,1037,N20,VIIRS,n,2,289.13,3.31,N,3
50.97589,-119.34315,310.42,0.57,0.43,2023-08-19,1037,N20,VIIRS,n,2,284.31,3.64,N,0
50.97589,-119.38034,300.39,0.57,0.43,2023-08-19,1037,N20,VIIRS,n,2,286.18,2.82,N,0
50.97596,-119.39915,346.43,0.57,0.43,2023-08-19,1037,N20,VIIRS,n,2,292.59,8.96,N,0
50.97599,-119.36219,309.92,0.57,0.43,2023-08-19,1037,N20,VIIRS,n,2,287.78,2.25,N,0
50.97602,-119.32515,325.2,0.57,0.43,2023-08-19,1037,N20,VIIRS,n,2,290.43,3.33,N,0
50.97623,-119.30745,296.88,0.57,0.43,2023-08-19,1037,N20,VIIRS,n,2,284.03,1.09,N,0
50.97775,-119.40694,367,0.57,0.43,2023-08-19,1037,N20,VIIRS,h,2,295.48,15.61,N,0
50.97785,-119.33311,337.94,0.57,0.43,2023-08-19,1037,N20,VIIRS,n,2,293.9,3.64,N,0
50.97803,-119.31532,316.44,0.57,0.43,2023-08-19,1037,N20,VIIRS,n,2,285.54,3.35,N,0
50.97926,-119.72704,311.42,0.55,0.43,2023-08-19,1037,N20,VIIRS,n,2,286.18,3.67,N,0
50.9794,-119.41414,345.27,0.57,0.43,2023-08-19,1037,N20,VIIRS,n,2,291.27,15.61,N,0
50.97962,-119.72823,309.91,0.55,0.43,2023-08-19,1037,N20,VIIRS,n,2,286.22,1.65,N,0
50.97973,-119.34129,297.66,0.57,0.43,2023-08-19,1037,N20,VIIRS,n,2,283.42,3.64,N,0
50.97985,-119.32323,306.87,0.57,0.43,2023-08-19,1037,N20,VIIRS,n,2,286.5,3.35,N,0
50.97998,-119.36098,307.69,0.57,0.43,2023-08-19,1037,N20,VIIRS,n,2,285.9,2.91,N,0
50.98007,-119.30556,297.92,0.57,0.43,2023-08-19,1037,N20,VIIRS,n,2,283.53,1.09,N,0
50.98011,-119.39869,323.51,0.57,0.43,2023-08-19,1037,N20,VIIRS,n,2,287.75,3.45,N,0
50.98104,-119.42126,307.53,0.57,0.43,2023-08-19,1037,N20,VIIRS,n,2,285.37,3.27,N,0
50.98157,-119.73667,298.61,0.55,0.43,2023-08-19,1037,N20,VIIRS,n,2,284.12,1.65,N,0
50.98171,-119.33131,318.25,0.57,0.43,2023-08-19,1037,N20,VIIRS,n,2,289.65,3.06,N,0
50.98177,-119.35019,325.31,0.57,0.43,2023-08-19,1037,N20,VIIRS,n,2,287.36,2.91,N,0
50.98189,-119.31348,331.66,0.57,0.43,2023-08-19,1037,N20,VIIRS,n,2,285.96,3.35,N,0
50.9819,-119.40649,314.06,0.57,0.43,2023-08-19,1037,N20,VIIRS,n,2,285.27,2.23,N,0
50.98208,-119.37016,305.72,0.57,0.43,2023-08-19,1037,N20,VIIRS,n,2,283.88,1.54,N,0
50.98213,-119.38895,315.3,0.57,0.43,2023-08-19,1037,N20,VIIRS,n,2,285.28,3.45,N,0
50.98281,-119.76157,296.92,0.55,0.43,2023-08-19,1037,N20,VIIRS,n,2,282.91,1.61,N,0
50.98366,-119.33984,312.62,0.57,0.43,2023-08-19,1037,N20,VIIRS,n,2,288,3.06,N,0
50.98371,-119.32143,324.12,0.57,0.43,2023-08-19,1037,N20,VIIRS,n,2,288.55,3.35,N,0
50.98388,-119.37801,302.45,0.57,0.43,2023-08-19,1037,N20,VIIRS,n,2,284.8,1.54,N,0
50.98405,-119.36017,311.33,0.57,0.43,2023-08-19,1037,N20,VIIRS,n,2,285.69,2.91,N,0
50.9842,-119.398,317.62,0.57,0.43,2023-08-19,1037,N20,VIIRS,n,2,284.54,3.45,N,0
50.98461,-119.73219,300.75,0.55,0.43,2023-08-19,1037,N20,VIIRS,n,2,285.25,1.2,N,0
50.985,-119.76988,304.82,0.55,0.43,2023-08-19,1037,N20,VIIRS,n,2,283.37,3.2,N,0
50.98558,-119.32958,323.48,0.57,0.43,2023-08-19,1037,N20,VIIRS,n,2,290.04,3.06,N,0
50.98577,-119.34908,306.48,0.57,0.43,2023-08-19,1037,N20,VIIRS,n,2,286.42,2.8,N,0
50.98602,-119.40593,307.23,0.57,0.43,2023-08-19,1037,N20,VIIRS,n,2,281.97,2.23,N,0
50.9861,-119.3877,310.61,0.57,0.43,2023-08-19,1037,N20,VIIRS,n,2,284.22,2.55,N,0
50.98617,-119.36942,311.32,0.57,0.43,2023-08-19,1037,N20,VIIRS,n,2,284.1,1.54,N,0
50.98617,-119.7765,323.44,0.55,0.43,2023-08-19,1037,N20,VIIRS,n,2,281.78,3.87,N,0
50.98673,-119.7774,308.93,0.55,0.43,2023-08-19,1037,N20,VIIRS,n,2,281.33,2.06,N,0
50.98756,-119.3196,316.39,0.57,0.43,2023-08-19,1037,N20,VIIRS,n,2,286.8,3.08,N,0
50.98759,-119.33835,312.73,0.57,0.43,2023-08-19,1037,N20,VIIRS,n,2,287.15,3.06,N,0
50.98771,-119.41328,307.51,0.57,0.43,2023-08-19,1037,N20,VIIRS,n,2,283.17,2.23,N,0
50.98796,-119.37725,303.35,0.57,0.43,2023-08-19,1037,N20,VIIRS,n,2,284.15,1.54,N,0
50.98806,-119.3591,319.06,0.57,0.43,2023-08-19,1037,N20,VIIRS,n,2,285.42,2.8,N,0
50.9882,-119.39688,316.9,0.57,0.43,2023-08-19,1037,N20,VIIRS,n,2,283.05,2.55,N,0
50.98944,-119.32782,320.54,0.57,0.43,2023-08-19,1037,N20,VIIRS,n,2,289.06,10.37,N,0
50.98972,-119.34771,317.63,0.57,0.43,2023-08-19,1037,N20,VIIRS,n,2,285.81,2.8,N,0
50.98996,-119.40456,314.92,0.57,0.43,2023-08-19,1037,N20,VIIRS,n,2,282.11,3.73,N,0
50.99002,-119.38627,312.05,0.57,0.43,2023-08-19,1037,N20,VIIRS,n,2,284.05,2.55,N,0
50.9902,-119.36845,318.86,0.57,0.43,2023-08-19,1037,N20,VIIRS,n,2,284,3.37,N,0
50.99032,-119.31917,326.22,0.57,0.43,2023-08-19,1037,N20,VIIRS,n,2,285.81,4.05,N,0
50.99109,-119.81711,334.69,0.55,0.43,2023-08-19,1037,N20,VIIRS,n,2,285.39,12.68,N,0
50.99142,-119.31782,318.85,0.57,0.43,2023-08-19,1037,N20,VIIRS,n,2,284.22,3.08,N,0
50.99152,-119.33693,317.33,0.57,0.43,2023-08-19,1037,N20,VIIRS,n,2,285.69,10.37,N,0
50.99168,-119.4121,327.22,0.57,0.43,2023-08-19,1037,N20,VIIRS,n,2,284.22,3.73,N,0
50.99184,-119.81794,337.14,0.55,0.43,2023-08-19,1037,N20,VIIRS,n,2,287.08,7.96,N,0
50.99193,-119.35738,316.75,0.57,0.43,2023-08-19,1037,N20,VIIRS,n,2,284.46,2.8,N,0
50.99205,-119.37654,316.5,0.57,0.43,2023-08-19,1037,N20,VIIRS,n,2,283.18,3.37,N,0
50.99226,-119.32746,323.69,0.57,0.43,2023-08-19,1037,N20,VIIRS,n,2,288.25,4.05,N,0
50.99231,-119.48895,315.47,0.56,0.43,2023-08-19,1037,N20,VIIRS,n,2,281.09,3.05,N,0
50.99276,-119.82454,354.91,0.55,0.43,2023-08-19,1037,N20,VIIRS,n,2,291.34,12.68,N,0
50.9933,-119.32604,332.15,0.57,0.43,2023-08-19,1037,N20,VIIRS,n,2,288.44,10.37,N,0
50.99352,-119.82529,356.41,0.55,0.43,2023-08-19,1037,N20,VIIRS,n,2,292.65,10,N,0
50.99367,-119.34633,331.2,0.57,0.43,2023-08-19,1037,N20,VIIRS,n,2,285.74,5.32,N,0
50.99399,-119.38501,317.78,0.57,0.43,2023-08-19,1037,N20,VIIRS,n,2,283.04,2.45,N,0
50.99413,-119.36702,311.76,0.57,0.43,2023-08-19,1037,N20,VIIRS,n,2,282.42,3.37,N,0
50.9944,-119.83186,297.73,0.55,0.43,2023-08-19,1037,N20,VIIRS,n,2,277.58,2.28,N,0
50.99448,-119.33689,350.24,0.57,0.43,2023-08-19,1037,N20,VIIRS,n,2,292.98,12.55,N,0
50.99519,-119.83258,298.72,0.55,0.43,2023-08-19,1037,N20,VIIRS,n,2,279.03,10,N,0
50.99543,-119.3354,349.08,0.57,0.43,2023-08-19,1037,N20,VIIRS,n,2,292.65,10.37,N,0
50.99583,-119.39306,309.27,0.57,0.43,2023-08-19,1037,N20,VIIRS,n,2,280.27,2.45,N,0
50.99602,-119.37527,330.68,0.57,0.43,2023-08-19,1037,N20,VIIRS,n,2,281.44,3.37,N,0
50.9961,-119.32558,318.64,0.57,0.43,2023-08-19,1037,N20,VIIRS,n,2,283.32,4.05,N,0
50.99659,-119.82301,295.74,0.55,0.43,2023-08-19,1037,N20,VIIRS,n,2,281.68,1.44,N,0
50.99664,-119.34605,327.36,0.57,0.43,2023-08-19,1037,N20,VIIRS,n,2,282.42,12.55,N,0
50.9968,-119.4529,301.93,0.57,0.43,2023-08-19,1037,N20,VIIRS,n,2,284.12,2.6,N,0
50.99754,-119.34464,295.79,0.57,0.43,2023-08-19,1037,N20,VIIRS,n,2,280.77,5.32,N,0
50.99826,-119.33475,297.02,0.57,0.43,2023-08-19,1037,N20,VIIRS,n,2,281.12,12.55,N,0
50.99887,-119.42491,314.17,0.57,0.43,2023-08-19,1037,N20,VIIRS,n,2,282.79,2.92,N,0
50.99951,-119.39057,315.52,0.57,0.43,2023-08-19,1037,N20,VIIRS,n,2,281.81,2.45,N,0
51.00111,-119.39753,310.65,0.57,0.43,2023-08-19,1037,N20,VIIRS,n,2,282.78,1.92,N,0
51.00253,-119.42235,320.62,0.57,0.43,2023-08-19,1037,N20,VIIRS,n,2,282.87,19.74,N,0
51.00265,-119.40426,304.18,0.57,0.43,2023-08-19,1037,N20,VIIRS,n,2,281.65,1.92,N,0
51.00341,-119.55598,299.24,0.56,0.43,2023-08-19,1037,N20,VIIRS,n,2,275.7,1.57,N,0
51.00426,-119.4299,347.36,0.57,0.43,2023-08-19,1037,N20,VIIRS,n,2,293.17,12.37,N,0
51.0043,-119.41148,323.91,0.57,0.43,2023-08-19,1037,N20,VIIRS,n,2,288.12,19.74,N,0
51.00477,-119.39493,298.67,0.57,0.43,2023-08-19,1037,N20,VIIRS,n,2,281.11,1.98,N,0
51.00574,-119.43639,300.71,0.57,0.43,2023-08-19,1037,N20,VIIRS,n,2,281.91,12.37,N,0
51.00606,-119.41917,343.7,0.57,0.43,2023-08-19,1037,N20,VIIRS,n,2,290.13,19.74,N,0
51.00632,-119.40172,319.65,0.57,0.43,2023-08-19,1037,N20,VIIRS,n,2,285.54,1.98,N,0
51.00784,-119.42698,333.86,0.57,0.43,2023-08-19,1037,N20,VIIRS,n,2,288.52,12.37,N,0
51.00791,-119.40866,307.77,0.57,0.43,2023-08-19,1037,N20,VIIRS,n,2,283.23,2.1,N,0
51.00935,-119.40051,306.94,0.57,0.43,2023-08-19,1037,N20,VIIRS,n,2,283.93,1.83,N,0
51.00958,-119.41592,298.97,0.57,0.43,2023-08-19,1037,N20,VIIRS,n,2,281.42,2.1,N,0
51.01004,-119.39938,301.52,0.57,0.43,2023-08-19,1037,N20,VIIRS,n,2,282.49,1.98,N,0
51.01096,-119.40742,307.48,0.57,0.43,2023-08-19,1037,N20,VIIRS,n,2,283.86,1.83,N,0
51.01132,-119.42358,317.57,0.57,0.43,2023-08-19,1037,N20,VIIRS,n,2,282.83,3.06,N,0
51.01162,-119.4063,310.25,0.57,0.43,2023-08-19,1037,N20,VIIRS,n,2,284.18,2.1,N,0
51.01174,-119.46258,300.22,0.56,0.43,2023-08-19,1037,N20,VIIRS,n,2,281.45,1.75,N,0
51.01226,-119.4463,298.87,0.57,0.43,2023-08-19,1037,N20,VIIRS,n,2,283.06,2.61,N,0
51.01257,-119.41433,317.38,0.57,0.43,2023-08-19,1037,N20,VIIRS,n,2,284.49,12.77,N,0
51.01297,-119.54234,310.27,0.56,0.43,2023-08-19,1037,N20,VIIRS,n,2,279.23,2.91,N,0
51.0131,-119.43137,329.68,0.57,0.43,2023-08-19,1037,N20,VIIRS,n,2,289.43,3.06,N,0
51.01321,-119.41322,315.68,0.57,0.43,2023-08-19,1037,N20,VIIRS,n,2,284.32,2.1,N,0
51.01371,-119.45259,301.2,0.57,0.43,2023-08-19,1037,N20,VIIRS,n,2,281.31,1.75,N,0
51.01431,-119.42178,309.93,0.57,0.43,2023-08-19,1037,N20,VIIRS,n,2,281.63,12.77,N,0
51.01445,-119.56734,312.95,0.56,0.43,2023-08-19,1037,N20,VIIRS,n,2,276.39,2.3,N,0
51.01464,-119.43811,324.2,0.57,0.43,2023-08-19,1037,N20,VIIRS,n,2,283.92,3.91,N,0
51.0147,-119.40516,308.35,0.57,0.43,2023-08-19,1037,N20,VIIRS,n,2,282.44,1.83,N,0
51.01474,-119.5501,313.75,0.56,0.43,2023-08-19,1037,N20,VIIRS,n,2,278.65,4.43,N,0
51.01486,-119.42048,320.51,0.57,0.43,2023-08-19,1037,N20,VIIRS,n,2,283.14,3.06,N,0
51.01537,-119.40407,299.82,0.57,0.43,2023-08-19,1037,N20,VIIRS,n,2,281.06,3.85,N,0
51.01601,-119.44412,300.61,0.57,0.43,2023-08-19,1037,N20,VIIRS,n,2,282.48,3.91,N,0
51.01611,-119.42953,317.64,0.57,0.43,2023-08-19,1037,N20,VIIRS,n,2,284.3,5.67,N,0
51.0163,-119.41203,301.9,0.57,0.43,2023-08-19,1037,N20,VIIRS,n,2,281.27,12.77,N,0
51.01664,-119.42829,303.66,0.57,0.43,2023-08-19,1037,N20,VIIRS,n,2,282.44,3.06,N,0
51.01669,-119.39544,332.33,0.57,0.43,2023-08-19,1037,N20,VIIRS,n,2,283.08,6.76,N,0
51.01734,-119.39408,333.01,0.57,0.43,2023-08-19,1037,N20,VIIRS,n,2,282.78,6.77,N,0
51.01747,-119.45049,315.59,0.57,0.43,2023-08-19,1037,N20,VIIRS,n,2,282.23,2.78,N,0
51.01772,-119.43645,339.83,0.57,0.43,2023-08-19,1037,N20,VIIRS,n,2,288.34,5.67,N,0
51.01793,-119.4191,342.63,0.57,0.43,2023-08-19,1037,N20,VIIRS,n,2,296.96,12.77,N,0
51.01814,-119.56503,298.19,0.56,0.43,2023-08-19,1037,N20,VIIRS,n,2,276.49,4.02,N,0
51.01825,-119.43535,337.08,0.57,0.43,2023-08-19,1037,N20,VIIRS,n,2,286.99,3.91,N,0
51.01854,-119.41796,339.05,0.57,0.43,2023-08-19,1037,N20,VIIRS,n,2,296.16,44.23,N,0
51.01917,-119.44273,317.71,0.57,0.43,2023-08-19,1037,N20,VIIRS,n,2,281.51,4.19,N,0
51.01966,-119.57169,321.51,0.56,0.43,2023-08-19,1037,N20,VIIRS,n,2,279.58,4.02,N,0
51.01971,-119.44173,319.37,0.57,0.43,2023-08-19,1037,N20,VIIRS,n,2,281.7,3.91,N,0
51.01972,-119.47906,306.83,0.56,0.43,2023-08-19,1037,N20,VIIRS,n,2,281.91,3.78,N,0
51.02106,-119.57779,296.86,0.56,0.43,2023-08-19,1037,N20,VIIRS,n,2,279.69,1.22,N,0
51.0218,-119.56255,321.54,0.56,0.43,2023-08-19,1037,N20,VIIRS,n,2,279.01,4.02,N,0
51.02253,-119.58427,295.07,0.56,0.43,2023-08-19,1037,N20,VIIRS,n,2,280.31,1.22,N,0
51.02333,-119.56925,342.09,0.56,0.43,2023-08-19,1037,N20,VIIRS,n,2,285.63,4.02,N,0
51.02346,-119.47687,318.1,0.56,0.43,2023-08-19,1037,N20,VIIRS,n,2,283.03,4.87,N,0
51.02451,-119.37407,324.39,0.57,0.43,2023-08-19,1037,N20,VIIRS,n,2,282.35,5.99,N,0
51.02451,-119.79597,299.8,0.55,0.43,2023-08-19,1037,N20,VIIRS,n,2,277.33,1.55,N,0
51.02463,-119.38872,313.49,0.57,0.43,2023-08-19,1037,N20,VIIRS,n,2,280.93,2.75,N,0
51.02479,-119.57566,305.53,0.56,0.43,2023-08-19,1037,N20,VIIRS,n,2,280.47,1.22,N,0
51.02604,-119.8027,297.46,0.55,0.43,2023-08-19,1037,N20,VIIRS,n,2,278.23,1.55,N,0
51.02608,-119.38084,338.81,0.57,0.43,2023-08-19,1037,N20,VIIRS,n,2,285.18,5.99,N,0
51.02633,-119.58241,295.44,0.56,0.43,2023-08-19,1037,N20,VIIRS,n,2,279.14,1.22,N,0
51.02689,-119.47588,302.08,0.56,0.43,2023-08-19,1037,N20,VIIRS,n,2,280.61,1.2,N,0
51.02696,-119.56667,314.35,0.56,0.43,2023-08-19,1037,N20,VIIRS,n,2,278.09,1.76,N,0
51.02758,-119.80949,303.57,0.55,0.43,2023-08-19,1037,N20,VIIRS,n,2,276.15,1.34,N,0
51.02764,-119.38757,331.02,0.57,0.43,2023-08-19,1037,N20,VIIRS,n,2,282.2,4.83,N,0
51.0283,-119.37205,348.57,0.57,0.43,2023-08-19,1037,N20,VIIRS,n,2,291.6,15.24,N,0
51.02847,-119.57333,311.5,0.56,0.43,2023-08-19,1037,N20,VIIRS,n,2,279.76,3.92,N,0
51.02988,-119.37884,331.44,0.57,0.43,2023-08-19,1037,N20,VIIRS,n,2,280.54,15.24,N,0
51.03014,-119.58063,322.38,0.56,0.43,2023-08-19,1037,N20,VIIRS,n,2,280.42,3.92,N,0
51.03065,-119.56433,298.68,0.56,0.43,2023-08-19,1037,N20,VIIRS,n,2,276.28,1.76,N,0
51.0313,-119.80742,321.49,0.55,0.43,2023-08-19,1037,N20,VIIRS,n,2,275.99,1.7,N,0
51.03211,-119.37009,297.38,0.57,0.43,2023-08-19,1037,N20,VIIRS,n,2,278.55,15.24,N,0
51.03929,-119.78738,298.56,0.55,0.43,2023-08-19,1037,N20,VIIRS,n,2,277.78,0.85,N,0
51.0429,-119.78488,311.8,0.55,0.43,2023-08-19,1037,N20,VIIRS,n,2,278.65,1.59,N,0
51.05661,-119.77149,296.15,0.55,0.43,2023-08-19,1037,N20,VIIRS,n,2,282.22,1.36,N,0
51.07994,-119.68919,305.43,0.55,0.43,2023-08-19,1037,N20,VIIRS,n,2,285.36,3.27,N,0
51.08044,-119.68938,304.73,0.55,0.43,2023-08-19,1037,N20,VIIRS,n,2,285.17,2.52,N,0
51.08443,-119.57829,326.01,0.56,0.43,2023-08-19,1037,N20,VIIRS,n,2,275.68,3.74,N,0
51.08628,-119.58636,337.94,0.56,0.43,2023-08-19,1037,N20,VIIRS,n,2,277.04,4.44,N,0
51.08984,-119.67733,303.76,0.55,0.43,2023-08-19,1037,N20,VIIRS,n,2,282.71,2.68,N,0
51.08987,-119.58363,317.12,0.56,0.43,2023-08-19,1037,N20,VIIRS,n,2,276.96,4.44,N,0
51.09044,-119.64119,334.31,0.55,0.43,2023-08-19,1037,N20,VIIRS,n,2,284.89,6.91,N,0
51.09164,-119.59134,301.94,0.56,0.43,2023-08-19,1037,N20,VIIRS,n,2,278.87,4.44,N,0
51.09188,-119.64752,331.18,0.55,0.43,2023-08-19,1037,N20,VIIRS,n,2,282.85,4.73,N,0
51.09256,-119.63212,343.6,0.55,0.43,2023-08-19,1037,N20,VIIRS,n,2,280.31,6.91,N,0
51.09317,-119.59803,320.97,0.56,0.43,2023-08-19,1037,N20,VIIRS,n,2,284.1,4.12,N,0
51.0934,-119.58066,310.63,0.56,0.43,2023-08-19,1037,N20,VIIRS,n,2,277.38,3.55,N,0
51.09404,-119.63858,318.29,0.55,0.43,2023-08-19,1037,N20,VIIRS,n,2,282.35,6.91,N,0
51.09467,-119.60461,316.89,0.56,0.43,2023-08-19,1037,N20,VIIRS,n,2,282.1,4.12,N,0
51.09522,-119.58861,310.08,0.56,0.43,2023-08-19,1037,N20,VIIRS,n,2,280.58,3.55,N,0
51.0955,-119.645,315.19,0.55,0.43,2023-08-19,1037,N20,VIIRS,n,2,284.27,4.73,N,0
51.09676,-119.59537,337.17,0.56,0.43,2023-08-19,1037,N20,VIIRS,n,2,283.64,4.86,N,0
51.09695,-119.65134,323.82,0.55,0.43,2023-08-19,1037,N20,VIIRS,n,2,286.2,4.73,N,0
51.09825,-119.60184,326.84,0.56,0.43,2023-08-19,1037,N20,VIIRS,n,2,285.29,4.86,N,0
51.09868,-119.58536,331.12,0.56,0.43,2023-08-19,1037,N20,VIIRS,n,2,279.59,3.55,N,0
51.099,-119.67871,304.69,0.55,0.43,2023-08-19,1037,N20,VIIRS,n,2,285.02,4.49,N,0
51.09914,-119.64249,310.02,0.55,0.43,2023-08-19,1037,N20,VIIRS,n,2,282.14,2.69,N,0
51.10003,-119.60962,302.65,0.56,0.43,2023-08-19,1037,N20,VIIRS,n,2,280.09,2.75,N,0
51.10027,-119.59229,322.6,0.56,0.43,2023-08-19,1037,N20,VIIRS,n,2,282.45,4.86,N,0
51.10062,-119.64899,311.73,0.55,0.43,2023-08-19,1037,N20,VIIRS,n,2,282.9,2.69,N,0
51.10178,-119.59891,321.86,0.56,0.43,2023-08-19,1037,N20,VIIRS,n,2,285.23,4.86,N,0
51.10272,-119.63981,323.2,0.55,0.43,2023-08-19,1037,N20,VIIRS,n,2,285.53,2.69,N,0
51.10319,-119.62345,305.49,0.55,0.43,2023-08-19,1037,N20,VIIRS,n,2,281.95,2.87,N,0
51.10347,-119.60629,307.2,0.56,0.43,2023-08-19,1037,N20,VIIRS,n,2,282.11,2.75,N,0
51.10428,-119.64661,314.31,0.55,0.43,2023-08-19,1037,N20,VIIRS,n,2,283.37,2.69,N,0
51.10468,-119.62998,321.95,0.55,0.43,2023-08-19,1037,N20,VIIRS,n,2,284.93,2.87,N,0
51.10482,-119.66741,303.85,0.55,0.43,2023-08-19,1037,N20,VIIRS,n,2,283.19,3.92,N,0
51.10525,-119.59567,308.3,0.56,0.43,2023-08-19,1037,N20,VIIRS,n,2,282.84,2.09,N,0
51.10627,-119.63694,316.88,0.55,0.43,2023-08-19,1037,N20,VIIRS,n,2,284.5,2.73,N,0
51.10667,-119.62029,307.24,0.55,0.43,2023-08-19,1037,N20,VIIRS,n,2,283.04,2.87,N,0
51.10791,-119.64415,315.91,0.55,0.43,2023-08-19,1037,N20,VIIRS,n,2,284.57,2.73,N,0
51.10817,-119.62685,324.88,0.55,0.43,2023-08-19,1037,N20,VIIRS,n,2,285.52,2.87,N,0
51.1086,-119.61033,311.53,0.56,0.43,2023-08-19,1037,N20,VIIRS,n,2,284.25,4.08,N,0
51.1095,-119.65109,305.37,0.55,0.43,2023-08-19,1037,N20,VIIRS,n,2,282.46,2.11,N,0
51.10978,-119.63389,311.81,0.55,0.43,2023-08-19,1037,N20,VIIRS,n,2,285.11,2.73,N,0
51.11013,-119.61703,315.43,0.55,0.43,2023-08-19,1037,N20,VIIRS,n,2,285.18,4.4,N,0
51.11146,-120.12639,295.03,0.53,0.42,2023-08-19,1037,N20,VIIRS,n,2,279.51,0.69,N,0
51.11148,-119.64137,312.91,0.55,0.43,2023-08-19,1037,N20,VIIRS,n,2,284.9,2.73,N,0
51.11163,-119.62358,320.08,0.55,0.43,2023-08-19,1037,N20,VIIRS,n,2,285.82,4.4,N,0
51.11313,-119.64861,308.25,0.55,0.43,2023-08-19,1037,N20,VIIRS,n,2,283.57,2.11,N,0
51.11323,-119.6306,327.41,0.55,0.43,2023-08-19,1037,N20,VIIRS,n,2,286.16,2.5,N,0
51.11377,-119.59609,326.42,0.56,0.43,2023-08-19,1037,N20,VIIRS,n,2,282.82,2.62,N,0
51.11496,-119.63818,313.81,0.55,0.43,2023-08-19,1037,N20,VIIRS,n,2,285.01,2.5,N,0
51.11549,-119.60362,302.36,0.56,0.43,2023-08-19,1037,N20,VIIRS,n,2,278.96,2.62,N,0
51.11672,-119.62751,307.69,0.55,0.43,2023-08-19,1037,N20,VIIRS,n,2,284.84,2.5,N,0
51.11843,-119.63499,310.01,0.55,0.43,2023-08-19,1037,N20,VIIRS,n,2,285.35,2.5,N,0
51.12023,-119.62441,316.15,0.55,0.43,2023-08-19,1037,N20,VIIRS,n,2,283.68,3.02,N,0
51.12189,-119.63174,329.04,0.55,0.43,2023-08-19,1037,N20,VIIRS,n,2,286.76,3.02,N,0
51.12356,-119.63907,303.7,0.55,0.43,2023-08-19,1037,N20,VIIRS,n,2,284.05,2.46,N,0
51.12541,-119.62872,316.74,0.55,0.43,2023-08-19,1037,N20,VIIRS,n,2,283.59,3.02,N,0
51.12704,-119.63587,317.65,0.55,0.43,2023-08-19,1037,N20,VIIRS,n,2,285.27,2.46,N,0
51.1286,-119.64275,311.75,0.55,0.43,2023-08-19,1037,N20,VIIRS,n,2,286.85,2.46,N,0
51.13015,-119.64957,310.01,0.55,0.43,2023-08-19,1037,N20,VIIRS,n,2,289.29,3.07,N,3
51.13059,-119.63302,307.8,0.55,0.43,2023-08-19,1037,N20,VIIRS,n,2,283.29,2.32,N,0
51.4332,-119.68416,309.79,0.54,0.42,2023-08-19,1037,N20,VIIRS,n,2,278.55,44.14,N,0
51.43453,-119.69003,315.01,0.54,0.42,2023-08-19,1037,N20,VIIRS,n,2,278.43,44.14,N,0
51.43711,-119.68304,328.31,0.54,0.42,2023-08-19,1037,N20,VIIRS,n,2,301.67,44.14,N,0
51.43846,-119.689,342.02,0.54,0.42,2023-08-19,1037,N20,VIIRS,n,2,310.86,44.14,N,0
51.43976,-119.69478,347.51,0.54,0.42,2023-08-19,1037,N20,VIIRS,n,2,284.53,17.38,N,0
51.44109,-119.70065,301.74,0.54,0.42,2023-08-19,1037,N20,VIIRS,n,2,278.86,17.38,N,0
51.44234,-119.68775,337.36,0.54,0.42,2023-08-19,1037,N20,VIIRS,n,2,288.03,7.47,N,0
51.44368,-119.6937,347.11,0.54,0.42,2023-08-19,1037,N20,VIIRS,n,2,306.74,37.98,N,0
51.44498,-119.69946,340.03,0.54,0.42,2023-08-19,1037,N20,VIIRS,n,2,305.24,37.98,N,0
51.44619,-119.68638,295.94,0.54,0.42,2023-08-19,1037,N20,VIIRS,n,2,275.5,7.47,N,0
51.44632,-119.70536,312.05,0.54,0.42,2023-08-19,1037,N20,VIIRS,n,2,280.1,13.17,N,0
51.44756,-119.69241,303.48,0.54,0.42,2023-08-19,1037,N20,VIIRS,n,2,278.16,37.98,N,0
51.44887,-119.69823,317.31,0.54,0.42,2023-08-19,1037,N20,VIIRS,n,2,284.33,37.98,N,0
51.4502,-119.70412,345.84,0.54,0.42,2023-08-19,1037,N20,VIIRS,n,2,287.16,13.17,N,0
51.45159,-119.71027,367,0.54,0.42,2023-08-19,1037,N20,VIIRS,h,2,289.54,13.17,N,0
51.45408,-119.70287,311.32,0.54,0.42,2023-08-19,1037,N20,VIIRS,n,2,283.31,4.19,N,0
51.45545,-119.70893,330.63,0.54,0.42,2023-08-19,1037,N20,VIIRS,n,2,285.29,4.19,N,0
51.45692,-119.71545,321.71,0.54,0.42,2023-08-19,1037,N20,VIIRS,n,2,278.56,2.54,N,0
51.46073,-119.7139,310.07,0.54,0.42,2023-08-19,1037,N20,VIIRS,n,2,280.68,2.54,N,0
51.46459,-119.71256,318.63,0.54,0.42,2023-08-19,1037,N20,VIIRS,n,2,282.96,2.38,N,0
51.46846,-119.71132,314.82,0.54,0.42,2023-08-19,1037,N20,VIIRS,n,2,280.71,2.38,N,0
49.01359,-120.04523,327.19,0.47,0.4,2023-08-19,2024,N20,VIIRS,n,2,294.69,12.1,D,0
49.01707,-120.04702,347.33,0.47,0.4,2023-08-19,2024,N20,VIIRS,n,2,291.5,12.1,D,0
49.02787,-120.05053,341.82,0.47,0.4,2023-08-19,2024,N20,VIIRS,n,2,294.66,30.64,D,0
49.02902,-120.04475,338.96,0.47,0.4,2023-08-19,2024,N20,VIIRS,n,2,294.21,30.64,D,0
49.03145,-120.05177,345.21,0.47,0.4,2023-08-19,2024,N20,VIIRS,n,2,305.6,30.64,D,0
49.03196,-120.05257,345.59,0.47,0.4,2023-08-19,2024,N20,VIIRS,n,2,292.3,23.48,D,0
49.03261,-120.046,337.02,0.47,0.4,2023-08-19,2024,N20,VIIRS,n,2,291.64,30.64,D,0
49.03374,-120.04036,331.45,0.47,0.4,2023-08-19,2024,N20,VIIRS,n,2,294.17,7.3,D,0
49.0343,-120.04108,328.86,0.47,0.4,2023-08-19,2024,N20,VIIRS,n,2,293.28,8.46,D,0
49.04089,-120.04292,352.69,0.47,0.4,2023-08-19,2024,N20,VIIRS,n,2,293.95,30.6,D,0
49.04145,-120.04372,353.33,0.47,0.4,2023-08-19,2024,N20,VIIRS,n,2,295.7,50.42,D,0
49.05072,-120.05478,353.15,0.47,0.4,2023-08-19,2024,N20,VIIRS,n,2,293.75,45.19,D,0
49.05288,-120.06305,329.03,0.47,0.4,2023-08-19,2024,N20,VIIRS,n,2,295.8,47.49,D,0
49.05415,-120.05678,348.18,0.47,0.4,2023-08-19,2024,N20,VIIRS,n,2,309.92,184.09,D,0
49.05633,-120.06496,330.99,0.47,0.4,2023-08-19,2024,N20,VIIRS,n,2,285.71,47.49,D,0
49.07991,-120.08127,346.76,0.47,0.4,2023-08-19,2024,N20,VIIRS,n,2,291.72,27.01,D,0
49.08221,-120.08891,323.51,0.47,0.4,2023-08-19,2024,N20,VIIRS,l,2,324.79,380.81,D,0
49.0834,-120.08298,367,0.47,0.4,2023-08-19,2024,N20,VIIRS,h,2,296.41,27.01,D,0
49.08566,-120.09079,367,0.47,0.4,2023-08-19,2024,N20,VIIRS,h,2,349.18,305.04,D,0
49.08689,-120.08475,352.86,0.47,0.4,2023-08-19,2024,N20,VIIRS,n,2,293.65,39.8,D,0
49.08806,-120.07893,342.5,0.47,0.4,2023-08-19,2024,N20,VIIRS,n,2,289.03,39.8,D,0
49.0891,-120.0928,320.54,0.47,0.4,2023-08-19,2024,N20,VIIRS,l,2,322.31,305.04,D,0
49.09035,-120.08659,355.54,0.47,0.4,2023-08-19,2024,N20,VIIRS,n,2,302.55,39.8,D,0
49.09155,-120.08063,335.5,0.47,0.4,2023-08-19,2024,N20,VIIRS,n,2,285.92,39.8,D,0
49.09253,-120.09483,329.5,0.47,0.4,2023-08-19,2024,N20,VIIRS,n,2,280.01,8.74,D,0
49.0938,-120.08852,336.96,0.47,0.4,2023-08-19,2024,N20,VIIRS,n,2,304.99,31.11,D,0
49.09504,-120.08237,337.17,0.47,0.4,2023-08-19,2024,N20,VIIRS,n,2,285.69,31.11,D,0
49.09724,-120.09052,345.5,0.47,0.4,2023-08-19,2024,N20,VIIRS,n,2,293.04,31.11,D,0
49.10193,-120.0863,343.48,0.47,0.4,2023-08-19,2024,N20,VIIRS,n,2,292.67,115.41,D,0
49.10505,-120.10902,332.71,0.47,0.4,2023-08-19,2024,N20,VIIRS,n,2,281.93,24.11,D,0
49.10717,-120.11762,352.39,0.47,0.4,2023-08-19,2024,N20,VIIRS,n,2,281.65,18.17,D,0
49.10843,-120.1113,343.19,0.47,0.4,2023-08-19,2024,N20,VIIRS,n,2,293.58,24.11,D,0
49.10972,-120.10487,346.54,0.47,0.4,2023-08-19,2024,N20,VIIRS,n,2,283.63,24.11,D,0
49.11104,-120.0983,345.94,0.47,0.4,2023-08-19,2024,N20,VIIRS,n,2,291.26,31.67,D,0
49.11181,-120.11363,367,0.47,0.4,2023-08-19,2024,N20,VIIRS,h,2,348.86,448.74,D,0
49.11311,-120.10715,345.67,0.47,0.4,2023-08-19,2024,N20,VIIRS,n,2,317.92,448.74,D,0
49.1133,-121.25256,332.46,0.52,0.41,2023-08-19,2024,N20,VIIRS,n,2,296.63,10.73,D,0
49.11402,-120.12179,347.16,0.47,0.4,2023-08-19,2024,N20,VIIRS,n,2,287.54,100.83,D,0
49.11444,-120.10053,340.15,0.47,0.4,2023-08-19,2024,N20,VIIRS,n,2,285.68,10.69,D,0
49.11523,-120.11573,367,0.47,0.4,2023-08-19,2024,N20,VIIRS,l,2,357.39,448.74,D,0
49.11633,-120.12943,351.82,0.47,0.4,2023-08-19,2024,N20,VIIRS,n,2,278.42,76.8,D,0
49.11633,-121.27446,330.84,0.52,0.41,2023-08-19,2024,N20,VIIRS,n,2,293.06,17.6,D,0
49.11674,-121.27428,332.15,0.52,0.41,2023-08-19,2024,N20,VIIRS,n,2,292.76,7.7,D,0
49.11753,-120.12345,299.81,0.47,0.4,2023-08-19,2024,N20,VIIRS,l,2,323.96,76.8,D,0
49.11767,-121.2682,355.32,0.52,0.41,2023-08-19,2024,N20,VIIRS,n,2,303.26,17.6,D,0
49.1178,-120.10295,336.51,0.47,0.4,2023-08-19,2024,N20,VIIRS,n,2,285.79,10.69,D,0
49.11808,-121.26799,355.2,0.52,0.41,2023-08-19,2024,N20,VIIRS,n,2,302.59,16.22,D,0
49.11872,-120.11752,367,0.47,0.4,2023-08-19,2024,N20,VIIRS,l,2,339.09,168.32,D,0
49.11882,-121.28355,326.59,0.52,0.41,2023-08-19,2024,N20,VIIRS,n,2,294.78,16.27,D,0
49.11892,-121.2624,327.83,0.52,0.41,2023-08-19,2024,N20,VIIRS,n,2,294.98,5.66,D,0
49.11932,-121.26215,325.97,0.52,0.41,2023-08-19,2024,N20,VIIRS,n,2,294.78,16.22,D,0
49.11966,-121.27769,347.26,0.52,0.41,2023-08-19,2024,N20,VIIRS,n,2,294.51,13.16,D,0
49.11977,-120.13142,341.33,0.47,0.4,2023-08-19,2024,N20,VIIRS,n,2,277.66,76.8,D,0
49.1201,-121.27752,343.64,0.52,0.41,2023-08-19,2024,N20,VIIRS,n,2,294.76,16.27,D,0
49.12099,-120.12539,343.32,0.47,0.4,2023-08-19,2024,N20,VIIRS,n,2,282.07,76.8,D,0
49.12105,-121.27121,340.58,0.52,0.41,2023-08-19,2024,N20,VIIRS,n,2,296.98,13.16,D,0
49.12114,-120.10548,342.81,0.47,0.4,2023-08-19,2024,N20,VIIRS,n,2,288.44,13.02,D,0
49.12135,-121.25105,327.74,0.52,0.41,2023-08-19,2024,N20,VIIRS,n,2,295.73,3.21,D,0
49.12147,-121.27103,340.77,0.52,0.41,2023-08-19,2024,N20,VIIRS,n,2,298.13,12.6,D,0
49.12174,-121.25073,327.47,0.52,0.41,2023-08-19,2024,N20,VIIRS,n,2,296,5.59,D,0
49.12215,-120.11961,341.59,0.47,0.4,2023-08-19,2024,N20,VIIRS,n,2,283.46,168.32,D,0
49.12236,-121.26506,338.64,0.52,0.41,2023-08-19,2024,N20,VIIRS,n,2,298.52,16.89,D,0
49.12278,-121.26486,338.8,0.52,0.41,2023-08-19,2024,N20,VIIRS,n,2,297.85,12.6,D,0
49.12317,-120.13371,325.44,0.47,0.4,2023-08-19,2024,N20,VIIRS,n,2,280.42,6.77,D,0
49.12328,-120.11398,327.51,0.47,0.4,2023-08-19,2024,N20,VIIRS,n,2,285.11,168.32,D,0
49.12447,-120.10803,350.74,0.47,0.4,2023-08-19,2024,N20,VIIRS,n,2,293.28,13.02,D,0
49.12485,-121.25346,340.06,0.52,0.41,2023-08-19,2024,N20,VIIRS,n,2,299.08,8.52,D,0
49.12526,-121.25317,342.97,0.52,0.41,2023-08-19,2024,N20,VIIRS,n,2,299.2,10.2,D,0
49.12572,-120.10184,345.55,0.47,0.4,2023-08-19,2024,N20,VIIRS,n,2,289.94,13.02,D,0
49.12572,-121.2682,348.88,0.52,0.41,2023-08-19,2024,N20,VIIRS,n,2,298.63,16.89,D,0
49.12614,-121.26803,350.12,0.52,0.41,2023-08-19,2024,N20,VIIRS,n,2,298.79,12.6,D,0
49.12784,-120.11042,334.79,0.47,0.4,2023-08-19,2024,N20,VIIRS,n,2,288.5,101.12,D,0
49.12906,-120.10437,367,0.47,0.4,2023-08-19,2024,N20,VIIRS,h,2,326.09,101.12,D,0
49.13132,-120.11224,333.08,0.47,0.4,2023-08-19,2024,N20,VIIRS,n,2,290.71,101.12,D,0
49.13253,-120.10625,367,0.47,0.4,2023-08-19,2024,N20,VIIRS,h,2,334.96,101.12,D,0
49.13375,-120.10011,344.64,0.47,0.4,2023-08-19,2024,N20,VIIRS,n,2,301.31,42.95,D,0
49.13385,-120.10146,344.08,0.47,0.4,2023-08-19,2024,N20,VIIRS,n,2,300.87,148.45,D,0
49.1474,-120.1106,342.37,0.47,0.4,2023-08-19,2024,N20,VIIRS,n,2,295.13,42.47,D,0
49.1487,-120.10422,331.06,0.47,0.4,2023-08-19,2024,N20,VIIRS,n,2,292.44,42.47,D,0
49.15102,-120.1117,312.86,0.47,0.4,2023-08-19,2024,N20,VIIRS,l,2,317.33,42.47,D,0
49.15232,-120.1053,345.97,0.47,0.4,2023-08-19,2024,N20,VIIRS,n,2,303.87,42.47,D,0
49.15462,-120.11291,332.1,0.47,0.4,2023-08-19,2024,N20,VIIRS,n,2,290.61,16.98,D,0
49.15592,-120.1065,345.68,0.47,0.4,2023-08-19,2024,N20,VIIRS,n,2,295.87,16.98,D,0
49.16081,-120.10133,329.52,0.47,0.4,2023-08-19,2024,N20,VIIRS,n,2,294.97,7.24,D,0
49.19525,-120.08277,344.69,0.47,0.4,2023-08-19,2024,N20,VIIRS,n,2,297.4,21.57,D,0
49.20562,-120.08837,344.27,0.47,0.4,2023-08-19,2024,N20,VIIRS,n,2,289,10.07,D,0
49.21245,-119.97817,336.69,0.47,0.39,2023-08-19,2024,N20,VIIRS,n,2,302.62,8.14,D,0
49.21497,-120.07997,352.87,0.47,0.4,2023-08-19,2024,N20,VIIRS,n,2,293.67,15.2,D,0
49.2184,-120.08198,332.03,0.47,0.4,2023-08-19,2024,N20,VIIRS,n,2,288.39,15.2,D,0
49.22097,-120.06917,334.76,0.47,0.4,2023-08-19,2024,N20,VIIRS,n,2,290.16,126.34,D,0
49.2231,-120.07762,367,0.47,0.4,2023-08-19,2024,N20,VIIRS,h,2,348.49,223.43,D,0
49.22394,-119.99718,334,0.47,0.4,2023-08-19,2024,N20,VIIRS,n,2,303.21,2.4,D,0
49.22439,-120.07119,338.4,0.47,0.4,2023-08-19,2024,N20,VIIRS,n,2,293.52,223.43,D,0
49.22779,-120.07333,342.51,0.47,0.4,2023-08-19,2024,N20,VIIRS,n,2,314.26,223.43,D,0
49.23363,-120.06333,345.42,0.47,0.4,2023-08-19,2024,N20,VIIRS,n,2,293.68,13.89,D,0
49.24042,-120.04854,355.77,0.47,0.4,2023-08-19,2024,N20,VIIRS,n,2,298.91,19.84,D,0
49.24155,-120.02377,334.24,0.47,0.4,2023-08-19,2024,N20,VIIRS,n,2,297.9,4.6,D,0
49.24264,-120.01836,335.12,0.47,0.4,2023-08-19,2024,N20,VIIRS,n,2,299.87,4.6,D,0
49.25798,-119.67341,343.04,0.46,0.39,2023-08-19,2024,N20,VIIRS,n,2,306.5,41.88,D,0
49.26145,-119.67496,347.44,0.46,0.39,2023-08-19,2024,N20,VIIRS,n,2,303.71,41.88,D,0
49.26251,-119.66959,347.66,0.46,0.39,2023-08-19,2024,N20,VIIRS,n,2,302.09,43.85,D,0
49.27053,-119.66722,333.77,0.46,0.39,2023-08-19,2024,N20,VIIRS,n,2,298.52,64.57,D,0
49.28086,-119.67223,340.16,0.46,0.39,2023-08-19,2024,N20,VIIRS,n,2,301.77,8.38,D,0
49.28198,-119.66653,335.62,0.46,0.39,2023-08-19,2024,N20,VIIRS,n,2,304.96,5.22,D,0
49.28309,-119.66091,335.19,0.46,0.39,2023-08-19,2024,N20,VIIRS,n,2,304.26,5.22,D,0
49.28418,-119.65535,348.23,0.46,0.39,2023-08-19,2024,N20,VIIRS,n,2,309.67,11.3,D,0
49.28527,-119.64985,333.8,0.46,0.39,2023-08-19,2024,N20,VIIRS,l,2,304.51,11.3,D,0
49.28766,-119.65684,351.66,0.46,0.39,2023-08-19,2024,N20,VIIRS,n,2,308.18,11.3,D,0
49.3094,-119.69984,345.88,0.46,0.39,2023-08-19,2024,N20,VIIRS,n,2,303.14,6.84,D,0
49.46995,-117.76369,341.05,0.41,0.37,2023-08-19,2024,N20,VIIRS,n,2,294.16,3.85,D,0
49.47043,-117.7655,339.33,0.41,0.37,2023-08-19,2024,N20,VIIRS,n,2,295.41,4.96,D,0
49.47378,-117.76669,325.31,0.41,0.37,2023-08-19,2024,N20,VIIRS,l,2,296.96,4.96,D,0
49.47609,-117.77361,332.49,0.41,0.37,2023-08-19,2024,N20,VIIRS,n,2,296.83,3.7,D,0
49.47713,-117.76785,325.67,0.41,0.37,2023-08-19,2024,N20,VIIRS,n,2,294.26,3.92,D,0
49.47942,-117.77485,340.27,0.41,0.37,2023-08-19,2024,N20,VIIRS,n,2,297.37,3.7,D,0
49.87321,-119.6144,333.32,0.45,0.39,2023-08-19,2025,N20,VIIRS,n,2,295.68,8.48,D,0
49.8734,-119.63268,342.37,0.45,0.39,2023-08-19,2025,N20,VIIRS,n,2,293.76,4.2,D,0
49.87453,-119.62685,343.87,0.45,0.39,2023-08-19,2025,N20,VIIRS,n,2,296.54,8.67,D,0
49.87545,-119.60285,332.83,0.44,0.39,2023-08-19,2025,N20,VIIRS,n,2,299.07,6.45,D,0
49.87677,-119.61526,343.51,0.45,0.39,2023-08-19,2025,N20,VIIRS,n,2,300.44,8.48,D,0
49.87692,-119.63373,336.15,0.45,0.39,2023-08-19,2025,N20,VIIRS,n,2,296.85,6,D,0
49.87806,-119.62785,329.66,0.45,0.39,2023-08-19,2025,N20,VIIRS,n,2,297.2,19.12,D,0
49.87917,-119.62213,353.15,0.45,0.39,2023-08-19,2025,N20,VIIRS,n,2,304.13,19.12,D,0
49.87926,-119.64095,336.12,0.45,0.39,2023-08-19,2025,N20,VIIRS,n,2,294.72,6,D,0
49.88031,-119.61627,335.12,0.45,0.39,2023-08-19,2025,N20,VIIRS,n,2,296.77,5.68,D,0
49.88043,-119.63489,338.61,0.45,0.39,2023-08-19,2025,N20,VIIRS,n,2,296.73,6,D,0
49.88115,-119.59267,327.86,0.44,0.39,2023-08-19,2025,N20,VIIRS,n,2,295.22,3.12,D,0
49.88273,-119.64227,349.48,0.45,0.39,2023-08-19,2025,N20,VIIRS,n,2,290.58,5.32,D,0
49.8839,-119.6362,327.34,0.45,0.39,2023-08-19,2025,N20,VIIRS,n,2,296.02,5.32,D,0
49.8862,-119.6436,345.98,0.45,0.39,2023-08-19,2025,N20,VIIRS,n,2,294.68,5.32,D,0
49.88737,-119.63754,340.37,0.45,0.39,2023-08-19,2025,N20,VIIRS,n,2,299.75,5.32,D,0
49.88966,-119.64497,346.75,0.45,0.39,2023-08-19,2025,N20,VIIRS,n,2,300.5,12.63,D,0
49.89083,-119.63892,329.11,0.45,0.39,2023-08-19,2025,N20,VIIRS,n,2,298.15,12.63,D,0
49.89312,-119.64639,354.49,0.45,0.39,2023-08-19,2025,N20,VIIRS,n,2,300.22,12.63,D,0
49.89576,-119.65018,343.53,0.45,0.39,2023-08-19,2025,N20,VIIRS,n,2,293.49,9.1,D,0
49.89656,-119.64784,344.86,0.45,0.39,2023-08-19,2025,N20,VIIRS,n,2,307.96,15.36,D,0
49.89695,-119.64413,339.52,0.45,0.39,2023-08-19,2025,N20,VIIRS,n,2,311.94,26.41,D,0
49.89772,-119.64184,339.07,0.45,0.39,2023-08-19,2025,N20,VIIRS,n,2,302.39,15.36,D,0
49.89882,-119.65553,331.56,0.45,0.39,2023-08-19,2025,N20,VIIRS,n,2,289.21,5.68,D,0
49.89921,-119.65168,348.87,0.45,0.39,2023-08-19,2025,N20,VIIRS,n,2,296.48,9.1,D,0
49.9,-119.64935,344.49,0.45,0.39,2023-08-19,2025,N20,VIIRS,n,2,296.97,15.36,D,0
49.90039,-119.64565,342.35,0.45,0.39,2023-08-19,2025,N20,VIIRS,n,2,293.65,26.41,D,0
49.90114,-119.64341,333.61,0.45,0.39,2023-08-19,2025,N20,VIIRS,n,2,291.7,15.36,D,0
49.90266,-119.65311,346.5,0.45,0.39,2023-08-19,2025,N20,VIIRS,n,2,296.74,8.24,D,0
49.90384,-119.64713,333.48,0.45,0.39,2023-08-19,2025,N20,VIIRS,n,2,294.4,6.11,D,0
49.90612,-119.65453,343.57,0.45,0.39,2023-08-19,2025,N20,VIIRS,n,2,296.43,8.24,D,0
49.90958,-119.65591,336.4,0.45,0.39,2023-08-19,2025,N20,VIIRS,n,2,291.9,3.19,D,0
49.9142,-119.65143,327.25,0.45,0.39,2023-08-19,2025,N20,VIIRS,n,2,291.38,5.12,D,0
49.92333,-119.64289,331.34,0.45,0.39,2023-08-19,2025,N20,VIIRS,n,2,295.52,3.82,D,0
49.92445,-119.63712,330.74,0.44,0.39,2023-08-19,2025,N20,VIIRS,n,2,295.55,3.82,D,0
49.93574,-119.61742,331.01,0.44,0.39,2023-08-19,2025,N20,VIIRS,n,2,293.7,5.08,D,0
49.93922,-119.61868,341.37,0.44,0.39,2023-08-19,2025,N20,VIIRS,n,2,293.32,5.67,D,0
49.94036,-119.6128,333.61,0.44,0.39,2023-08-19,2025,N20,VIIRS,n,2,293.41,9.16,D,0
49.94498,-119.60825,346.04,0.44,0.39,2023-08-19,2025,N20,VIIRS,n,2,295.08,9.16,D,0
49.95076,-119.59763,348.44,0.44,0.39,2023-08-19,2025,N20,VIIRS,n,2,295.92,14.04,D,0
49.95419,-119.59915,332.66,0.44,0.39,2023-08-19,2025,N20,VIIRS,n,2,288.92,14.04,D,0
49.95534,-119.59322,336.51,0.44,0.39,2023-08-19,2025,N20,VIIRS,n,2,292.17,9.02,D,0
49.95591,-119.41748,325.45,0.44,0.38,2023-08-19,2025,N20,VIIRS,l,2,299.32,2.5,D,0
49.95707,-119.41148,325.28,0.44,0.38,2023-08-19,2025,N20,VIIRS,n,2,293.98,2.5,D,0
49.95875,-119.59483,355.28,0.44,0.39,2023-08-19,2025,N20,VIIRS,n,2,297.39,34.74,D,0
49.9605,-119.45131,333.53,0.44,0.38,2023-08-19,2025,N20,VIIRS,n,2,298.24,3.92,D,0
49.96217,-119.5964,348.27,0.44,0.39,2023-08-19,2025,N20,VIIRS,n,2,301.4,34.74,D,0
49.96385,-119.45316,338.11,0.44,0.38,2023-08-19,2025,N20,VIIRS,n,2,297.25,2.85,D,0
49.96558,-119.59802,339.41,0.44,0.39,2023-08-19,2025,N20,VIIRS,n,2,290.97,4.47,D,0
49.97006,-119.59409,325.25,0.44,0.39,2023-08-19,2025,N20,VIIRS,n,2,291.85,4.47,D,0
49.9724,-119.6012,332.68,0.44,0.39,2023-08-19,2025,N20,VIIRS,n,2,290.27,193.45,D,0
49.97577,-119.60302,341.21,0.44,0.39,2023-08-19,2025,N20,VIIRS,n,2,299.76,193.45,D,0
49.97684,-119.59746,367,0.44,0.39,2023-08-19,2025,N20,VIIRS,h,2,346.98,193.45,D,0
49.97788,-119.59213,337.98,0.44,0.39,2023-08-19,2025,N20,VIIRS,n,2,294.92,26.93,D,0
49.98021,-119.59932,310.76,0.44,0.39,2023-08-19,2025,N20,VIIRS,l,2,320.13,156.06,D,0
49.98126,-119.59389,367,0.44,0.39,2023-08-19,2025,N20,VIIRS,l,2,327.18,92.91,D,0
49.9823,-119.58855,351.27,0.44,0.39,2023-08-19,2025,N20,VIIRS,n,2,307.34,92.91,D,0
49.98445,-119.57742,330.09,0.44,0.39,2023-08-19,2025,N20,VIIRS,n,2,299.87,21.52,D,0
49.98675,-119.58477,336.74,0.44,0.39,2023-08-19,2025,N20,VIIRS,n,2,293.52,21.52,D,0
49.98787,-119.57898,330.95,0.44,0.39,2023-08-19,2025,N20,VIIRS,n,2,300.39,21.52,D,0
49.98924,-119.55251,326.6,0.44,0.38,2023-08-19,2025,N20,VIIRS,n,2,295.99,2.8,D,0
49.99263,-119.5542,329.07,0.44,0.38,2023-08-19,2025,N20,VIIRS,n,2,292.08,2.8,D,0
49.99507,-119.54148,340.3,0.44,0.38,2023-08-19,2025,N20,VIIRS,n,2,294.01,11.59,D,0
49.99623,-119.53544,346.4,0.44,0.38,2023-08-19,2025,N20,VIIRS,n,2,295.52,8.32,D,0
49.99737,-119.52953,345.46,0.44,0.38,2023-08-19,2025,N20,VIIRS,n,2,301.22,8.32,D,0
49.99846,-119.52384,336.14,0.44,0.38,2023-08-19,2025,N20,VIIRS,n,2,295.4,9.57,D,0
50.00191,-119.52521,336.79,0.44,0.38,2023-08-19,2025,N20,VIIRS,n,2,297.93,9.29,D,0
50.00642,-119.52104,333.87,0.44,0.38,2023-08-19,2025,N20,VIIRS,n,2,292.24,9.29,D,0
50.01042,-119.42292,327.37,0.44,0.38,2023-08-19,2025,N20,VIIRS,n,2,296.98,6.5,D,0
50.01153,-119.4171,343.23,0.44,0.38,2023-08-19,2025,N20,VIIRS,n,2,299.89,9.65,D,0
50.01382,-119.42449,343.98,0.44,0.38,2023-08-19,2025,N20,VIIRS,n,2,295.82,4.23,D,0
50.01426,-121.49435,333.75,0.51,0.41,2023-08-19,2025,N20,VIIRS,n,2,300.59,96.39,D,0
50.01608,-119.43203,336.77,0.44,0.38,2023-08-19,2025,N20,VIIRS,n,2,299.9,4.23,D,0
50.01723,-119.42598,331.57,0.44,0.38,2023-08-19,2025,N20,VIIRS,n,2,298.95,4.23,D,0
50.01778,-119.51988,333.67,0.44,0.38,2023-08-19,2025,N20,VIIRS,n,2,291.49,16.38,D,0
50.01879,-119.51458,339.46,0.44,0.38,2023-08-19,2025,N20,VIIRS,n,2,294.82,16.38,D,0
50.01948,-119.4336,336.84,0.44,0.38,2023-08-19,2025,N20,VIIRS,n,2,298.61,4.55,D,0
50.02065,-119.42745,333.85,0.44,0.38,2023-08-19,2025,N20,VIIRS,n,2,297.47,4.55,D,0
50.02222,-119.51607,349.31,0.44,0.38,2023-08-19,2025,N20,VIIRS,n,2,310.06,16.38,D,0
50.02422,-119.50569,331.28,0.44,0.38,2023-08-19,2025,N20,VIIRS,n,2,296.75,79.92,D,0
50.02663,-119.51242,274.3,0.44,0.38,2023-08-19,2025,N20,VIIRS,l,2,322.51,84.64,D,0
50.02762,-119.50729,353.75,0.44,0.38,2023-08-19,2025,N20,VIIRS,n,2,312.84,84.64,D,0
50.02861,-119.50217,367,0.44,0.38,2023-08-19,2025,N20,VIIRS,h,2,306.6,9.58,D,0
50.02962,-119.49689,332.05,0.44,0.38,2023-08-19,2025,N20,VIIRS,n,2,297.81,9.58,D,0
50.03183,-119.4465,328.9,0.44,0.38,2023-08-19,2025,N20,VIIRS,n,2,294.61,4.51,D,3
50.03305,-119.44006,333.26,0.44,0.38,2023-08-19,2025,N20,VIIRS,n,2,297.54,4.83,D,0
50.03645,-119.44167,345.35,0.44,0.38,2023-08-19,2025,N20,VIIRS,n,2,298.98,4.83,D,0
50.39516,-120.45116,336.08,0.46,0.39,2023-08-19,2025,N20,VIIRS,n,2,295.54,10.76,D,0
50.39639,-120.44501,335.8,0.46,0.39,2023-08-19,2025,N20,VIIRS,n,2,297.3,8.75,D,0
50.4022,-120.45398,344.61,0.46,0.39,2023-08-19,2025,N20,VIIRS,n,2,301.17,32.77,D,0
50.40571,-120.45545,353.62,0.46,0.39,2023-08-19,2025,N20,VIIRS,n,2,312.23,32.77,D,0
50.40701,-120.45728,350.44,0.46,0.39,2023-08-19,2025,N20,VIIRS,n,2,307.84,15.62,D,0
50.40921,-120.45697,339.39,0.46,0.39,2023-08-19,2025,N20,VIIRS,n,2,302.94,7.83,D,0
50.41051,-120.45879,341.96,0.46,0.39,2023-08-19,2025,N20,VIIRS,n,2,300.01,15.62,D,0
50.4127,-120.45851,333.81,0.46,0.39,2023-08-19,2025,N20,VIIRS,n,2,302.28,7.83,D,0
50.414,-120.46034,339.74,0.46,0.39,2023-08-19,2025,N20,VIIRS,n,2,305.38,11.04,D,0
50.42267,-120.36972,348.51,0.46,0.39,2023-08-19,2025,N20,VIIRS,n,2,311.52,16.12,D,0
50.4239,-120.3635,337.33,0.46,0.39,2023-08-19,2025,N20,VIIRS,n,2,306.67,7.84,D,0
50.42422,-120.37174,345.21,0.46,0.39,2023-08-19,2025,N20,VIIRS,n,2,306.75,9.39,D,0
50.42524,-120.38557,332.75,0.46,0.39,2023-08-19,2025,N20,VIIRS,n,2,296.39,2.73,D,0
50.42546,-120.36554,337.72,0.46,0.39,2023-08-19,2025,N20,VIIRS,n,2,305.7,9.39,D,0
50.42615,-120.37131,367,0.46,0.39,2023-08-19,2025,N20,VIIRS,h,2,305.69,8.69,D,0
50.42647,-120.37943,339.18,0.46,0.39,2023-08-19,2025,N20,VIIRS,n,2,293.88,2.73,D,0
50.4277,-120.37331,347.62,0.46,0.39,2023-08-19,2025,N20,VIIRS,n,2,297.91,9.39,D,0
50.42841,-120.37902,336.74,0.46,0.39,2023-08-19,2025,N20,VIIRS,n,2,295.44,8.69,D,0
50.43589,-120.37032,331.06,0.46,0.39,2023-08-19,2025,N20,VIIRS,n,2,294.33,3.59,D,0
50.43903,-120.39246,328.77,0.46,0.39,2023-08-19,2025,N20,VIIRS,n,2,298.26,3.05,D,0
50.44057,-120.3659,340.49,0.46,0.39,2023-08-19,2025,N20,VIIRS,n,2,298.6,15.07,D,0
50.44251,-120.39408,338.68,0.46,0.39,2023-08-19,2025,N20,VIIRS,n,2,301.88,6.47,D,0
50.44402,-120.36761,347.77,0.46,0.39,2023-08-19,2025,N20,VIIRS,n,2,304.8,15.07,D,0
50.44747,-120.3693,336.01,0.46,0.39,2023-08-19,2025,N20,VIIRS,n,2,292.96,1.34,D,0
50.49213,-120.43069,332.98,0.46,0.39,2023-08-19,2025,N20,VIIRS,n,2,298.57,4.91,D,0
50.49411,-120.34434,341.31,0.46,0.39,2023-08-19,2025,N20,VIIRS,n,2,307,5.8,D,0
50.49875,-120.33997,336.98,0.46,0.39,2023-08-19,2025,N20,VIIRS,n,2,304.36,2.78,D,0
50.51784,-120.41566,329.04,0.46,0.39,2023-08-19,2025,N20,VIIRS,l,2,301.13,5.56,D,0
50.52131,-120.41733,345.01,0.46,0.39,2023-08-19,2025,N20,VIIRS,n,2,302.16,9.41,D,0
50.83869,-119.52988,352.58,0.43,0.38,2023-08-19,2025,N20,VIIRS,n,2,293.51,16.04,D,0
50.84053,-119.57806,346.55,0.43,0.38,2023-08-19,2025,N20,VIIRS,n,2,296.3,11.47,D,0
50.84067,-119.55804,326.45,0.43,0.38,2023-08-19,2025,N20,VIIRS,n,2,290.64,4.93,D,0
50.84179,-119.59077,335.4,0.43,0.38,2023-08-19,2025,N20,VIIRS,n,2,292.93,6.09,D,0
50.84214,-119.53104,329.49,0.43,0.38,2023-08-19,2025,N20,VIIRS,n,2,292,7.84,D,0
50.84284,-119.58524,347.35,0.43,0.38,2023-08-19,2025,N20,VIIRS,n,2,297.91,11.47,D,0
50.84406,-119.55951,330.19,0.43,0.38,2023-08-19,2025,N20,VIIRS,n,2,291.74,6.28,D,0
50.8462,-119.5869,341.71,0.43,0.38,2023-08-19,2025,N20,VIIRS,n,2,292.6,8.88,D,0
50.84845,-119.5944,335.45,0.43,0.38,2023-08-19,2025,N20,VIIRS,n,2,293.75,5.61,D,0
50.85006,-119.52795,349.32,0.43,0.38,2023-08-19,2025,N20,VIIRS,n,2,294.92,8.79,D,0
50.85345,-119.5294,343.86,0.43,0.38,2023-08-19,2025,N20,VIIRS,n,2,294.29,8.79,D,0
50.85383,-119.6048,329.39,0.43,0.38,2023-08-19,2025,N20,VIIRS,n,2,292.33,4.13,D,0
50.85503,-119.5985,328.86,0.43,0.38,2023-08-19,2025,N20,VIIRS,n,2,293,4.13,D,0
50.85682,-119.53096,339.67,0.43,0.38,2023-08-19,2025,N20,VIIRS,n,2,293.49,9.17,D,0
50.85786,-119.52547,332.2,0.43,0.38,2023-08-19,2025,N20,VIIRS,n,2,290.91,6.29,D,0
50.85802,-119.54399,325.51,0.43,0.38,2023-08-19,2025,N20,VIIRS,l,2,296.25,7.1,D,0
50.85894,-119.51978,341.45,0.43,0.38,2023-08-19,2025,N20,VIIRS,n,2,291.24,6.29,D,0
50.86002,-119.51406,335.08,0.43,0.38,2023-08-19,2025,N20,VIIRS,n,2,289.72,3.88,D,0
50.86016,-119.55206,326.91,0.43,0.38,2023-08-19,2025,N20,VIIRS,l,2,299.83,2.55,D,0
50.86134,-119.54585,325.43,0.43,0.38,2023-08-19,2025,N20,VIIRS,l,2,297.8,2.55,D,0
50.86229,-119.5602,328.07,0.43,0.38,2023-08-19,2025,N20,VIIRS,l,2,301.15,6.34,D,0
50.86245,-119.53995,334.27,0.43,0.38,2023-08-19,2025,N20,VIIRS,n,2,299.48,3.78,D,0
50.86333,-119.51596,343.14,0.43,0.38,2023-08-19,2025,N20,VIIRS,n,2,293.95,3.88,D,0
50.86349,-119.55384,330.94,0.43,0.38,2023-08-19,2025,N20,VIIRS,l,2,301.98,2.55,D,0
50.86351,-119.53436,327.34,0.43,0.38,2023-08-19,2025,N20,VIIRS,n,2,295.12,3.78,D,0
50.86464,-119.54775,325.56,0.43,0.38,2023-08-19,2025,N20,VIIRS,l,2,298.17,2.55,D,0
50.86576,-119.54188,339.69,0.43,0.38,2023-08-19,2025,N20,VIIRS,n,2,300.78,3.78,D,0
50.86659,-119.51807,346.02,0.43,0.38,2023-08-19,2025,N20,VIIRS,n,2,297.59,9.07,D,0
50.86682,-119.53626,338.51,0.43,0.38,2023-08-19,2025,N20,VIIRS,n,2,298.51,3.78,D,0
50.86793,-119.54973,325.47,0.43,0.38,2023-08-19,2025,N20,VIIRS,l,2,298.65,5.68,D,0
50.86884,-119.52563,334.82,0.43,0.38,2023-08-19,2025,N20,VIIRS,n,2,293.49,7.76,D,0
50.86905,-119.54387,325.21,0.43,0.38,2023-08-19,2025,N20,VIIRS,l,2,299.19,3.4,D,0
50.86985,-119.52025,345.31,0.43,0.38,2023-08-19,2025,N20,VIIRS,n,2,291.93,9.07,D,0
50.87012,-119.53819,331.4,0.43,0.38,2023-08-19,2025,N20,VIIRS,n,2,297.01,3.4,D,0
50.87185,-119.64555,334.59,0.43,0.38,2023-08-19,2025,N20,VIIRS,n,2,297.47,9.28,D,0
50.87528,-119.64684,345.74,0.43,0.38,2023-08-19,2025,N20,VIIRS,n,2,299.42,9.28,D,0
50.87765,-119.65374,345.69,0.43,0.38,2023-08-19,2025,N20,VIIRS,n,2,295.71,6.45,D,0
50.87873,-119.64802,334.14,0.43,0.38,2023-08-19,2025,N20,VIIRS,n,2,294.73,6.45,D,0
50.87999,-119.6608,345.6,0.43,0.38,2023-08-19,2025,N20,VIIRS,n,2,295.01,9.11,D,0
50.8811,-119.65493,338.61,0.43,0.38,2023-08-19,2025,N20,VIIRS,n,2,294.37,6.45,D,0
50.88343,-119.66203,345.74,0.43,0.38,2023-08-19,2025,N20,VIIRS,n,2,290.08,5.9,D,0
50.88456,-119.65607,332.93,0.43,0.38,2023-08-19,2025,N20,VIIRS,n,2,289.58,6.5,D,0
50.8902,-119.64569,330.34,0.43,0.38,2023-08-19,2025,N20,VIIRS,n,2,296.89,6.25,D,0
50.8925,-119.65293,329.81,0.43,0.38,2023-08-19,2025,N20,VIIRS,n,2,295.86,8.8,D,0
50.89362,-119.64697,334.15,0.43,0.38,2023-08-19,2025,N20,VIIRS,n,2,297.27,4.15,D,0
50.89548,-119.70228,346.86,0.43,0.38,2023-08-19,2025,N20,VIIRS,n,2,291.3,6,D,0
50.89701,-119.64849,325.13,0.43,0.38,2023-08-19,2025,N20,VIIRS,l,2,295.98,4.15,D,0
50.89803,-119.66262,344.54,0.43,0.38,2023-08-19,2025,N20,VIIRS,n,2,293.32,6.4,D,0
50.89907,-119.6644,330.53,0.43,0.38,2023-08-19,2025,N20,VIIRS,n,2,289.49,4.87,D,0
50.89919,-119.65647,325.61,0.43,0.38,2023-08-19,2025,N20,VIIRS,n,2,293.29,6.4,D,0
50.90017,-119.71632,354.78,0.43,0.38,2023-08-19,2025,N20,VIIRS,n,2,300.74,24.14,D,0
50.90025,-119.65826,334.14,0.43,0.38,2023-08-19,2025,N20,VIIRS,n,2,293.97,5.21,D,0
50.90127,-119.71054,339.36,0.43,0.38,2023-08-19,2025,N20,VIIRS,n,2,294.96,7.07,D,0
50.90134,-119.66463,330.81,0.43,0.38,2023-08-19,2025,N20,VIIRS,n,2,289.65,6.4,D,0
50.90144,-119.65206,343.19,0.43,0.38,2023-08-19,2025,N20,VIIRS,n,2,296.13,5.21,D,0
50.90237,-119.66636,327.49,0.43,0.38,2023-08-19,2025,N20,VIIRS,n,2,291.74,4.87,D,0
50.90238,-119.70477,329.62,0.43,0.38,2023-08-19,2025,N20,VIIRS,n,2,295.04,7.07,D,0
50.90345,-119.69916,352.72,0.43,0.38,2023-08-19,2025,N20,VIIRS,n,2,299.25,13.68,D,0
50.90354,-119.66029,334.1,0.43,0.38,2023-08-19,2025,N20,VIIRS,n,2,293.11,5.21,D,0
50.90367,-119.65222,345.37,0.43,0.38,2023-08-19,2025,N20,VIIRS,n,2,295.83,13.14,D,0
50.90367,-119.7173,339.5,0.43,0.38,2023-08-19,2025,N20,VIIRS,n,2,292.05,6.09,D,0
50.90455,-119.69344,355.81,0.43,0.38,2023-08-19,2025,N20,VIIRS,n,2,296.1,13.68,D,0
50.90474,-119.65407,335.04,0.43,0.38,2023-08-19,2025,N20,VIIRS,n,2,292.78,5.21,D,0
50.90695,-119.70017,331.24,0.43,0.38,2023-08-19,2025,N20,VIIRS,n,2,294.13,19.26,D,0
50.90717,-119.7183,337.68,0.43,0.38,2023-08-19,2025,N20,VIIRS,n,2,292.2,6.09,D,0
50.90801,-119.69463,355.44,0.43,0.38,2023-08-19,2025,N20,VIIRS,n,2,298.81,19.26,D,0
50.90831,-119.71233,349.55,0.43,0.38,2023-08-19,2025,N20,VIIRS,n,2,292.89,12.74,D,0
50.91254,-119.69022,349.56,0.43,0.38,2023-08-19,2025,N20,VIIRS,n,2,294.08,12.29,D,0
50.91642,-119.70848,353.85,0.43,0.38,2023-08-19,2025,N20,VIIRS,n,2,295.24,17.32,D,0
50.91751,-119.70284,334,0.43,0.38,2023-08-19,2025,N20,VIIRS,n,2,290.31,4.45,D,0
50.91855,-119.69739,325.63,0.43,0.38,2023-08-19,2025,N20,VIIRS,n,2,290.28,4.45,D,0
50.91988,-119.70969,332.35,0.43,0.38,2023-08-19,2025,N20,VIIRS,n,2,286.61,4.52,D,0
50.92099,-119.70387,349.95,0.43,0.38,2023-08-19,2025,N20,VIIRS,n,2,291.3,30.26,D,0
50.92204,-119.69841,354.21,0.43,0.38,2023-08-19,2025,N20,VIIRS,n,2,301.53,30.26,D,0
50.92305,-119.69307,328.08,0.43,0.38,2023-08-19,2025,N20,VIIRS,n,2,291.78,18.48,D,0
50.92549,-119.69962,339.88,0.43,0.38,2023-08-19,2025,N20,VIIRS,n,2,310.61,30.26,D,0
50.92651,-119.69423,347.19,0.43,0.38,2023-08-19,2025,N20,VIIRS,n,2,295.07,18.48,D,0
50.9283,-119.62699,338.61,0.43,0.38,2023-08-19,2025,N20,VIIRS,n,2,298.89,7.11,D,0
50.92891,-119.70097,328.82,0.43,0.38,2023-08-19,2025,N20,VIIRS,n,2,300.01,51.79,D,0
50.92952,-119.62061,329.3,0.43,0.38,2023-08-19,2025,N20,VIIRS,n,2,294.37,4.82,D,0
50.92973,-119.41582,332.22,0.43,0.38,2023-08-19,2025,N20,VIIRS,n,2,290.71,3.65,D,0
50.92994,-119.69561,338.16,0.43,0.38,2023-08-19,2025,N20,VIIRS,n,2,291.34,9.21,D,0
50.93068,-119.61458,335.53,0.43,0.38,2023-08-19,2025,N20,VIIRS,n,2,295.7,4.82,D,0
50.9317,-119.62847,344.16,0.43,0.38,2023-08-19,2025,N20,VIIRS,n,2,295.51,7.11,D,0
50.93182,-119.60857,329.37,0.43,0.38,2023-08-19,2025,N20,VIIRS,n,2,290.92,3.53,D,0
50.93937,-119.64609,330.68,0.43,0.38,2023-08-19,2025,N20,VIIRS,n,2,294.14,5.09,D,0
50.94276,-119.64758,341.7,0.43,0.38,2023-08-19,2025,N20,VIIRS,n,2,293.07,5.09,D,0
50.94394,-119.6414,341.86,0.43,0.38,2023-08-19,2025,N20,VIIRS,n,2,293.32,6.72,D,0
50.94682,-119.42191,326.23,0.43,0.38,2023-08-19,2025,N20,VIIRS,n,2,291.77,5.24,D,0
50.9495,-119.34887,335.28,0.42,0.38,2023-08-19,2025,N20,VIIRS,n,2,294.21,5.85,D,0
50.94965,-119.63067,328.09,0.43,0.38,2023-08-19,2025,N20,VIIRS,n,2,294.09,3.6,D,0
50.95738,-119.68678,326.81,0.43,0.38,2023-08-19,2025,N20,VIIRS,l,2,298.89,5.76,D,0
50.96676,-119.73418,326.37,0.43,0.38,2023-08-19,2025,N20,VIIRS,n,2,291.85,4.17,D,0
50.96847,-119.41518,334.73,0.43,0.38,2023-08-19,2025,N20,VIIRS,n,2,289.37,3.45,D,0
50.96909,-119.4894,327.79,0.43,0.38,2023-08-19,2025,N20,VIIRS,n,2,291.33,5.13,D,0
50.9701,-119.48405,345.15,0.43,0.38,2023-08-19,2025,N20,VIIRS,n,2,291.83,8.23,D,0
50.97075,-119.42245,336.07,0.43,0.38,2023-08-19,2025,N20,VIIRS,n,2,290.36,3.45,D,0
50.97187,-119.39714,339.4,0.42,0.38,2023-08-19,2025,N20,VIIRS,n,2,290.2,10.62,D,0
50.97416,-119.40437,332.39,0.42,0.38,2023-08-19,2025,N20,VIIRS,n,2,290.47,4.66,D,0
50.97642,-119.41174,345.1,0.42,0.38,2023-08-19,2025,N20,VIIRS,n,2,291.69,10.96,D,0
50.97701,-119.31163,342.54,0.42,0.38,2023-08-19,2025,N20,VIIRS,n,2,291.77,9.92,D,0
50.98216,-119.73076,331.47,0.43,0.38,2023-08-19,2025,N20,VIIRS,n,2,293.86,3.21,D,0
50.98468,-119.48427,332.28,0.43,0.38,2023-08-19,2025,N20,VIIRS,n,2,291.82,4.4,D,0
50.98843,-119.81896,326.03,0.43,0.38,2023-08-19,2025,N20,VIIRS,n,2,293.27,7.05,D,0
50.99139,-119.40974,326.63,0.42,0.38,2023-08-19,2025,N20,VIIRS,n,2,288.47,3.41,D,0
50.99184,-119.82043,337.17,0.43,0.38,2023-08-19,2025,N20,VIIRS,n,2,296.75,7.05,D,0
50.99412,-119.33693,352.71,0.42,0.38,2023-08-19,2025,N20,VIIRS,n,2,292.74,14.89,D,0
50.99464,-119.37302,343.21,0.42,0.38,2023-08-19,2025,N20,VIIRS,n,2,288.32,8.7,D,0
50.99515,-119.33144,342.59,0.42,0.38,2023-08-19,2025,N20,VIIRS,n,2,311.52,42.86,D,0
50.99619,-119.32587,331,0.42,0.38,2023-08-19,2025,N20,VIIRS,n,2,288,42.86,D,0
50.99855,-119.33272,342.84,0.42,0.38,2023-08-19,2025,N20,VIIRS,n,2,289.66,17.15,D,0
51.00254,-119.42805,344.53,0.43,0.38,2023-08-19,2025,N20,VIIRS,n,2,300.23,4.97,D,0
51.00465,-119.41682,355.19,0.42,0.38,2023-08-19,2025,N20,VIIRS,n,2,297.25,9.11,D,0
51.0057,-119.4112,331.93,0.42,0.38,2023-08-19,2025,N20,VIIRS,n,2,286.84,8.61,D,0
51.00584,-119.42993,325.82,0.43,0.38,2023-08-19,2025,N20,VIIRS,n,2,290.63,4.97,D,0
51.00691,-119.42426,346.13,0.42,0.38,2023-08-19,2025,N20,VIIRS,n,2,291.8,9.11,D,0
51.00794,-119.41874,329.92,0.42,0.38,2023-08-19,2025,N20,VIIRS,n,2,287.63,9.11,D,0
51.0102,-119.42616,341.13,0.42,0.38,2023-08-19,2025,N20,VIIRS,n,2,291.95,5.96,D,0
51.01242,-119.43378,328.17,0.43,0.38,2023-08-19,2025,N20,VIIRS,l,2,300.03,4.22,D,0
51.0135,-119.42804,346.75,0.42,0.38,2023-08-19,2025,N20,VIIRS,n,2,294.66,5.96,D,0
51.01561,-119.41675,336.36,0.42,0.38,2023-08-19,2025,N20,VIIRS,n,2,293.99,4.19,D,0
51.01566,-119.397,328.71,0.42,0.38,2023-08-19,2025,N20,VIIRS,n,2,293.95,4.63,D,0
51.0157,-119.43578,331.39,0.43,0.38,2023-08-19,2025,N20,VIIRS,n,2,300.26,17.37,D,0
51.01672,-119.3913,328.49,0.42,0.38,2023-08-19,2025,N20,VIIRS,n,2,289.15,3.52,D,0
51.01893,-119.41851,335.99,0.42,0.38,2023-08-19,2025,N20,VIIRS,n,2,301.32,40.91,D,0
51.01895,-119.43792,348.92,0.43,0.38,2023-08-19,2025,N20,VIIRS,n,2,301.68,17.37,D,0
51.02112,-119.5626,341.63,0.43,0.38,2023-08-19,2025,N20,VIIRS,n,2,289.76,4.68,D,0
51.02256,-119.47715,329.85,0.43,0.38,2023-08-19,2025,N20,VIIRS,n,2,292.96,6.17,D,0
51.02327,-119.57069,325.95,0.43,0.38,2023-08-19,2025,N20,VIIRS,n,2,290.89,4.68,D,0
51.02357,-119.47173,340.85,0.43,0.38,2023-08-19,2025,N20,VIIRS,n,2,295.99,39.31,D,0
51.02459,-119.46631,333.94,0.43,0.38,2023-08-19,2025,N20,VIIRS,n,2,293.67,39.31,D,0
51.02556,-119.38302,353.22,0.42,0.38,2023-08-19,2025,N20,VIIRS,n,2,295.57,8.14,D,0
51.02596,-119.47841,342.94,0.43,0.38,2023-08-19,2025,N20,VIIRS,n,2,289.85,6.17,D,0
51.02621,-119.7952,325.41,0.43,0.38,2023-08-19,2025,N20,VIIRS,n,2,295.25,2.36,D,0
51.02672,-119.37676,340.28,0.42,0.38,2023-08-19,2025,N20,VIIRS,n,2,291.72,8.14,D,0
51.02787,-119.37061,344.57,0.42,0.38,2023-08-19,2025,N20,VIIRS,n,2,292.68,18.75,D,0
51.02836,-119.80327,336.85,0.43,0.38,2023-08-19,2025,N20,VIIRS,n,2,294.22,3.58,D,0
51.029,-119.36453,347.75,0.42,0.38,2023-08-19,2025,N20,VIIRS,n,2,304.19,18.75,D,0
51.02987,-119.57459,327.65,0.43,0.38,2023-08-19,2025,N20,VIIRS,n,2,291.31,4.53,D,0
51.03234,-119.3661,343.34,0.42,0.38,2023-08-19,2025,N20,VIIRS,n,2,287.73,18.75,D,0
51.03861,-119.78815,328.12,0.43,0.38,2023-08-19,2025,N20,VIIRS,n,2,290.9,1.98,D,0
51.04306,-119.78413,325.15,0.43,0.38,2023-08-19,2025,N20,VIIRS,n,2,294.29,6.17,D,0
51.08493,-119.58276,343.12,0.43,0.38,2023-08-19,2025,N20,VIIRS,n,2,298.42,17.13,D,0
51.08759,-118.3508,325.64,0.4,0.37,2023-08-19,2025,N20,VIIRS,l,2,295.81,4.15,D,0
51.08819,-119.64313,344.65,0.43,0.38,2023-08-19,2025,N20,VIIRS,n,2,295.17,24.77,D,0
51.08828,-119.58443,327.63,0.43,0.38,2023-08-19,2025,N20,VIIRS,n,2,290.66,17.13,D,0
51.09048,-119.61157,350.02,0.43,0.38,2023-08-19,2025,N20,VIIRS,n,2,292.02,5.78,D,0
51.09051,-119.63082,342.37,0.43,0.38,2023-08-19,2025,N20,VIIRS,n,2,290.01,10.4,D,0
51.09243,-118.32344,332.74,0.4,0.37,2023-08-19,2025,N20,VIIRS,n,2,296.11,3.18,D,0
51.09383,-119.5938,327.76,0.43,0.38,2023-08-19,2025,N20,VIIRS,n,2,296.18,4.02,D,0
51.09483,-118.32994,331.71,0.4,0.37,2023-08-19,2025,N20,VIIRS,n,2,295.33,3.18,D,0
51.09598,-119.58237,329.69,0.43,0.38,2023-08-19,2025,N20,VIIRS,n,2,290.75,3.93,D,0
51.09904,-118.32617,328.87,0.4,0.37,2023-08-19,2025,N20,VIIRS,n,2,293.72,2.17,D,0
51.09927,-119.58434,345.39,0.43,0.38,2023-08-19,2025,N20,VIIRS,n,2,292.91,9.72,D,0
51.11015,-119.60439,335.08,0.43,0.38,2023-08-19,2025,N20,VIIRS,n,2,290.21,4.63,D,0
51.1102,-119.64306,333.85,0.43,0.38,2023-08-19,2025,N20,VIIRS,n,2,294.77,4.93,D,0
51.1112,-119.59884,341.79,0.43,0.38,2023-08-19,2025,N20,VIIRS,n,2,296.86,15.98,D,0
51.11448,-119.60085,344.29,0.43,0.38,2023-08-19,2025,N20,VIIRS,n,2,299.92,15.98,D,0
51.11554,-119.59522,331,0.43,0.38,2023-08-19,2025,N20,VIIRS,n,2,295.61,15.98,D,0
51.11998,-119.63015,341.46,0.43,0.38,2023-08-19,2025,N20,VIIRS,n,2,297.88,6.54,D,0
51.12105,-119.62445,344.61,0.43,0.38,2023-08-19,2025,N20,VIIRS,n,2,298.33,6.54,D,0
51.12327,-119.63213,330.23,0.43,0.38,2023-08-19,2025,N20,VIIRS,n,2,299.39,6.54,D,0
51.21062,-117.96108,335.69,0.4,0.37,2023-08-19,2025,N20,VIIRS,n,2,296.55,4.54,D,0
51.43382,-119.68364,355.22,0.43,0.38,2023-08-19,2025,N20,VIIRS,n,2,292.86,35.93,D,0
51.43718,-119.68516,343.55,0.43,0.38,2023-08-19,2025,N20,VIIRS,n,2,293.9,7.28,D,0
51.43921,-119.69389,340.83,0.43,0.38,2023-08-19,2025,N20,VIIRS,n,2,294.31,14.36,D,0
51.44053,-119.68673,329.28,0.43,0.38,2023-08-19,2025,N20,VIIRS,n,2,288.67,7.28,D,0
51.44257,-119.69547,348.08,0.43,0.38,2023-08-19,2025,N20,VIIRS,n,2,299.86,20.28,D,0
51.44461,-119.70415,325.02,0.43,0.38,2023-08-19,2025,N20,VIIRS,n,2,292.18,20.28,D,0
51.44592,-119.69704,336.74,0.43,0.38,2023-08-19,2025,N20,VIIRS,n,2,300.54,20.28,D,0
51.44722,-119.69001,327.77,0.43,0.38,2023-08-19,2025,N20,VIIRS,n,2,294.94,3.28,D,0
51.44797,-119.70574,332.91,0.43,0.38,2023-08-19,2025,N20,VIIRS,n,2,292.65,5.06,D,0
51.4494,-119.70831,329.53,0.43,0.38,2023-08-19,2025,N20,VIIRS,n,2,293.58,3.09,D,0
51.45132,-119.70736,336.77,0.43,0.38,2023-08-19,2025,N20,VIIRS,n,2,294.98,5.06,D,0
51.45274,-119.70997,331.41,0.43,0.38,2023-08-19,2025,N20,VIIRS,n,2,291.65,3.09,D,0
51.45948,-119.71298,327.01,0.43,0.38,2023-08-19,2025,N20,VIIRS,n,2,289.42,2.62,D,0
51.46284,-119.71455,329.79,0.43,0.38,2023-08-19,2025,N20,VIIRS,n,2,291.14,3.08,D,0
51.46417,-119.7076,327.64,0.43,0.38,2023-08-19,2025,N20,VIIRS,n,2,291.76,4.89,D,0
49.01616,-119.89401,344.24,0.74,0.76,2023-08-19,2205,N20,VIIRS,n,2,285.67,16.46,D,0
49.01941,-119.89398,340.35,0.74,0.76,2023-08-19,2205,N20,VIIRS,n,2,285.42,26.01,D,0
49.04832,-120.05963,356.19,0.73,0.76,2023-08-19,2205,N20,VIIRS,l,2,286.7,39.49,D,0
49.05079,-120.05777,356.67,0.72,0.76,2023-08-19,2205,N20,VIIRS,l,2,287.5,26.01,D,0
49.05095,-120.06628,350.95,0.72,0.76,2023-08-19,2205,N20,VIIRS,n,2,286.52,26.01,D,0
49.05527,-120.05611,356.17,0.73,0.76,2023-08-19,2205,N20,VIIRS,l,2,286.92,39.49,D,0
49.05548,-120.06533,344.8,0.72,0.76,2023-08-19,2205,N20,VIIRS,n,2,293.84,70.4,D,0
49.05777,-120.05428,351.15,0.72,0.76,2023-08-19,2205,N20,VIIRS,n,2,286.05,28.42,D,0
49.05793,-120.06373,351.51,0.72,0.76,2023-08-19,2205,N20,VIIRS,n,2,291.96,28.42,D,0
49.10575,-120.11676,356.42,0.72,0.76,2023-08-19,2205,N20,VIIRS,l,2,281.03,69.25,D,0
49.10596,-120.12781,351.15,0.72,0.76,2023-08-19,2205,N20,VIIRS,n,2,283.84,69.25,D,0
49.11005,-120.11248,356.19,0.72,0.76,2023-08-19,2205,N20,VIIRS,l,2,284.14,215.54,D,0
49.11026,-120.12102,337.06,0.72,0.76,2023-08-19,2205,N20,VIIRS,n,2,299.3,88.46,D,0
49.11267,-120.1115,356.09,0.72,0.76,2023-08-19,2205,N20,VIIRS,l,2,285.18,69.25,D,0
49.11285,-120.12077,333.89,0.72,0.76,2023-08-19,2205,N20,VIIRS,n,2,294.02,69.25,D,0
49.11719,-120.11729,356.21,0.72,0.76,2023-08-19,2205,N20,VIIRS,l,2,284.51,88.46,D,0
49.11749,-120.12993,325.99,0.72,0.76,2023-08-19,2205,N20,VIIRS,n,2,282.67,88.46,D,0
49.11946,-120.0999,355.29,0.72,0.76,2023-08-19,2205,N20,VIIRS,n,2,280.35,23.77,D,0
49.11961,-120.10679,356.4,0.72,0.76,2023-08-19,2205,N20,VIIRS,l,2,282.57,161.43,D,0
49.1198,-120.11711,348.52,0.72,0.76,2023-08-19,2205,N20,VIIRS,n,2,290.27,161.43,D,0
49.12003,-120.12929,351.12,0.72,0.75,2023-08-19,2205,N20,VIIRS,n,2,285.67,217.49,D,0
49.12238,-120.03993,339.12,0.72,0.76,2023-08-19,2205,N20,VIIRS,n,2,274.34,9.55,D,0
49.12278,-121.26997,330.06,0.64,0.72,2023-08-19,2205,N20,VIIRS,n,2,290.31,15.03,D,0
49.12287,-121.27807,355.69,0.64,0.72,2023-08-19,2205,N20,VIIRS,n,2,296.35,15.03,D,0
49.1229,-120.06146,337.51,0.72,0.76,2023-08-19,2205,N20,VIIRS,n,2,278.15,9.55,D,0
49.12313,-120.07117,335.34,0.72,0.76,2023-08-19,2205,N20,VIIRS,n,2,280.25,12.56,D,0
49.12336,-120.08098,340.36,0.72,0.76,2023-08-19,2205,N20,VIIRS,n,2,280.97,12.56,D,0
49.12366,-120.09362,351.42,0.72,0.76,2023-08-19,2205,N20,VIIRS,n,2,282.28,43.08,D,0
49.12385,-120.10188,356.31,0.72,0.76,2023-08-19,2205,N20,VIIRS,l,2,283.52,43.08,D,0
49.12404,-120.10992,351.57,0.72,0.76,2023-08-19,2205,N20,VIIRS,n,2,293.98,221.03,D,0
49.12432,-120.12184,207.93,0.72,0.76,2023-08-19,2205,N20,VIIRS,l,2,314.68,221.03,D,0
49.12458,-120.13321,335.19,0.72,0.75,2023-08-19,2205,N20,VIIRS,n,2,292.3,179.09,D,0
49.12521,-120.03272,338.79,0.72,0.76,2023-08-19,2205,N20,VIIRS,n,2,271.99,21.38,D,0
49.12535,-120.03945,338.47,0.72,0.76,2023-08-19,2205,N20,VIIRS,n,2,276.74,21.38,D,0
49.12568,-120.05666,336,0.72,0.76,2023-08-19,2205,N20,VIIRS,n,2,279.79,22.94,D,0
49.12588,-120.06698,333.11,0.72,0.76,2023-08-19,2205,N20,VIIRS,n,2,280.89,22.94,D,0
49.12606,-120.07668,332.92,0.72,0.76,2023-08-19,2205,N20,VIIRS,n,2,281.87,23.77,D,0
49.12627,-120.0878,340.92,0.72,0.76,2023-08-19,2205,N20,VIIRS,n,2,283.34,23.77,D,0
49.1265,-120.09938,356.45,0.72,0.76,2023-08-19,2205,N20,VIIRS,l,2,284.61,161.43,D,0
49.12666,-120.1078,353.03,0.72,0.76,2023-08-19,2205,N20,VIIRS,n,2,295.45,161.43,D,0
49.12686,-120.11835,207.93,0.72,0.75,2023-08-19,2205,N20,VIIRS,l,2,317.15,217.49,D,0
49.12707,-120.12962,331.07,0.72,0.75,2023-08-19,2205,N20,VIIRS,n,2,294.29,217.49,D,0
49.12897,-120.02077,325.17,0.73,0.76,2023-08-19,2205,N20,VIIRS,n,2,271.04,10.3,D,0
49.12911,-120.02661,327.79,0.73,0.76,2023-08-19,2205,N20,VIIRS,n,2,275.3,14.08,D,0
49.12923,-120.03181,329.66,0.73,0.76,2023-08-19,2205,N20,VIIRS,n,2,277.43,14.08,D,0
49.12936,-120.03696,332.45,0.72,0.76,2023-08-19,2205,N20,VIIRS,n,2,279.72,9.55,D,0
49.12963,-120.0485,333.45,0.72,0.76,2023-08-19,2205,N20,VIIRS,n,2,281.47,9.55,D,0
49.12992,-120.061,332.21,0.72,0.76,2023-08-19,2205,N20,VIIRS,n,2,281.31,12.56,D,0
49.13066,-120.09226,328.83,0.72,0.76,2023-08-19,2205,N20,VIIRS,n,2,286.23,43.08,D,0
49.13091,-120.10295,352.83,0.72,0.76,2023-08-19,2205,N20,VIIRS,n,2,287.86,221.03,D,0
49.13117,-120.11456,355.91,0.72,0.76,2023-08-19,2205,N20,VIIRS,n,2,299.22,221.03,D,0
49.13142,-120.12524,327.21,0.72,0.75,2023-08-19,2205,N20,VIIRS,n,2,296.9,179.09,D,0
49.13222,-120.03082,326.22,0.72,0.76,2023-08-19,2205,N20,VIIRS,n,2,279.62,9.21,D,0
49.13236,-120.03776,329.87,0.72,0.76,2023-08-19,2205,N20,VIIRS,n,2,280.75,9.21,D,0
49.13264,-120.05249,332.41,0.72,0.76,2023-08-19,2205,N20,VIIRS,n,2,281.32,10.2,D,0
49.13285,-120.06397,328.95,0.72,0.76,2023-08-19,2205,N20,VIIRS,n,2,281.36,10.2,D,0
49.1336,-120.10323,335.28,0.72,0.76,2023-08-19,2205,N20,VIIRS,n,2,288.52,23.56,D,0
49.13385,-120.11714,367,0.72,0.75,2023-08-19,2205,N20,VIIRS,h,2,292.1,36.23,D,0
49.13683,-120.05529,325.56,0.72,0.76,2023-08-19,2205,N20,VIIRS,n,2,280.26,10.88,D,0
49.14758,-120.1009,354.07,0.72,0.76,2023-08-19,2205,N20,VIIRS,n,2,284.79,23.96,D,0
49.152,-120.10389,356.29,0.72,0.76,2023-08-19,2205,N20,VIIRS,l,2,286.58,26.67,D,0
49.15223,-120.11431,352.82,0.72,0.76,2023-08-19,2205,N20,VIIRS,n,2,288.74,26.67,D,0
49.15469,-120.1066,356.63,0.72,0.76,2023-08-19,2205,N20,VIIRS,l,2,288.02,23.96,D,0
49.19363,-120.07907,332.52,0.72,0.76,2023-08-19,2205,N20,VIIRS,n,2,288.27,8.52,D,0
49.20779,-120.08419,367,0.72,0.76,2023-08-19,2205,N20,VIIRS,h,2,294.64,71.42,D,0
49.20798,-120.09351,341.26,0.72,0.76,2023-08-19,2205,N20,VIIRS,n,2,286.71,71.42,D,0
49.21217,-120.07758,356.36,0.72,0.76,2023-08-19,2205,N20,VIIRS,l,2,286.27,139.09,D,0
49.21241,-120.08698,344.24,0.72,0.76,2023-08-19,2205,N20,VIIRS,n,2,293.23,130.15,D,0
49.21475,-120.08056,367,0.72,0.76,2023-08-19,2205,N20,VIIRS,h,2,298.29,71.42,D,0
49.21916,-120.0755,367,0.72,0.76,2023-08-19,2205,N20,VIIRS,h,2,296.46,139.09,D,0
49.21935,-120.08343,207.93,0.72,0.76,2023-08-19,2205,N20,VIIRS,l,2,305.41,130.15,D,0
49.22124,-120.05334,329.02,0.72,0.76,2023-08-19,2205,N20,VIIRS,n,2,284.17,92.54,D,0
49.22157,-120.06969,356.49,0.72,0.76,2023-08-19,2205,N20,VIIRS,l,2,286.11,92.54,D,0
49.22173,-120.0778,367,0.72,0.76,2023-08-19,2205,N20,VIIRS,l,2,326.22,215.54,D,0
49.22189,-120.08561,207.93,0.72,0.76,2023-08-19,2205,N20,VIIRS,l,2,301.57,215.54,D,0
49.2261,-120.07198,367,0.72,0.76,2023-08-19,2205,N20,VIIRS,h,2,291.28,363.63,D,0
49.22629,-120.0794,367,0.72,0.76,2023-08-19,2205,N20,VIIRS,l,2,343.24,516.29,D,0
49.2285,-120.06442,339.35,0.72,0.76,2023-08-19,2205,N20,VIIRS,n,2,285.52,92.54,D,0
49.22869,-120.07399,354.05,0.72,0.76,2023-08-19,2205,N20,VIIRS,n,2,307.09,215.54,D,0
49.22883,-120.0812,333.65,0.72,0.76,2023-08-19,2205,N20,VIIRS,n,2,291.96,215.54,D,0
49.28791,-119.69805,367,0.75,0.77,2023-08-19,2205,N20,VIIRS,h,2,297.9,24.34,D,0
49.87796,-119.61176,327.48,0.76,0.77,2023-08-19,2205,N20,VIIRS,n,2,289.72,8.79,D,0
49.89568,-119.64388,325.17,0.76,0.77,2023-08-19,2205,N20,VIIRS,n,2,288.6,6.48,D,0
49.9418,-119.43071,326.56,0.77,0.77,2023-08-19,2205,N20,VIIRS,n,2,293.28,4.18,D,0
49.94477,-119.60439,356.56,0.76,0.77,2023-08-19,2205,N20,VIIRS,l,2,287.68,16.73,D,0
49.94701,-119.60342,345.31,0.76,0.77,2023-08-19,2205,N20,VIIRS,n,2,286.4,11.62,D,0
49.9517,-119.59516,344.55,0.76,0.77,2023-08-19,2205,N20,VIIRS,n,2,287.09,14.75,D,0
49.9539,-119.5938,348.27,0.76,0.77,2023-08-19,2205,N20,VIIRS,n,2,287.63,11.62,D,0
49.95884,-119.59429,346.16,0.76,0.77,2023-08-19,2205,N20,VIIRS,n,2,288,11,D,0
49.96098,-119.59056,328.37,0.76,0.77,2023-08-19,2205,N20,VIIRS,n,2,286.51,9.94,D,0
49.96587,-119.58824,346.87,0.76,0.77,2023-08-19,2205,N20,VIIRS,n,2,287.45,11,D,0
49.96785,-119.5799,335.51,0.76,0.77,2023-08-19,2205,N20,VIIRS,n,2,287.69,9.94,D,0
49.97278,-119.57755,344.36,0.76,0.77,2023-08-19,2205,N20,VIIRS,n,2,287.49,26.85,D,0
49.9734,-119.60374,333.56,0.76,0.77,2023-08-19,2205,N20,VIIRS,n,2,288.51,16.24,D,0
49.97482,-119.57278,325.87,0.76,0.77,2023-08-19,2205,N20,VIIRS,n,2,288.62,15.85,D,0
49.97558,-119.59972,367,0.76,0.77,2023-08-19,2205,N20,VIIRS,h,2,292.52,15.85,D,0
49.98036,-119.59473,367,0.76,0.77,2023-08-19,2205,N20,VIIRS,h,2,292.6,16.24,D,0
49.98238,-119.58665,352.34,0.76,0.77,2023-08-19,2205,N20,VIIRS,n,2,290.6,15.85,D,0
49.99506,-119.52721,339.86,0.76,0.77,2023-08-19,2205,N20,VIIRS,n,2,289.73,14.7,D,0
49.9954,-119.53909,367,0.76,0.77,2023-08-19,2205,N20,VIIRS,h,2,290.21,21.13,D,0
50.01073,-121.49318,328.91,0.62,0.72,2023-08-19,2205,N20,VIIRS,n,2,285.22,3.59,D,0
50.014,-121.49451,344.83,0.62,0.72,2023-08-19,2205,N20,VIIRS,n,2,288,13.04,D,0
50.02106,-119.42699,326.31,0.77,0.77,2023-08-19,2205,N20,VIIRS,n,2,294.05,8.62,D,0
50.03596,-119.44367,332.22,0.77,0.77,2023-08-19,2205,N20,VIIRS,n,2,295.78,11.51,D,0
50.03053,-119.4435,341.86,0.77,0.77,2023-08-19,2206,N20,VIIRS,n,2,297.4,7.54,D,0
50.03774,-119.44362,326.52,0.77,0.77,2023-08-19,2206,N20,VIIRS,n,2,294.19,7.54,D,0
50.39441,-120.4481,367,0.7,0.75,2023-08-19,2206,N20,VIIRS,h,2,295.26,35.09,D,0
50.39573,-120.44924,353.56,0.7,0.75,2023-08-19,2206,N20,VIIRS,n,2,297.01,67.07,D,0
50.40142,-120.45099,367,0.7,0.75,2023-08-19,2206,N20,VIIRS,h,2,295.34,35.09,D,0
50.40168,-120.46248,326.37,0.7,0.75,2023-08-19,2206,N20,VIIRS,n,2,290.65,35.09,D,0
50.40272,-120.4521,367,0.7,0.75,2023-08-19,2206,N20,VIIRS,h,2,299.37,44.66,D,0
50.40839,-120.45263,327.33,0.7,0.75,2023-08-19,2206,N20,VIIRS,n,2,295.98,7.84,D,0
50.42027,-120.36165,329.73,0.7,0.75,2023-08-19,2206,N20,VIIRS,n,2,299.42,4.87,D,0
50.42051,-120.37221,326.43,0.7,0.75,2023-08-19,2206,N20,VIIRS,n,2,295.94,4.87,D,0
50.42748,-120.37286,331.08,0.7,0.75,2023-08-19,2206,N20,VIIRS,n,2,293.46,4.87,D,0
50.88125,-119.53245,345.38,0.76,0.77,2023-08-19,2206,N20,VIIRS,n,2,290.86,14,D,0
50.88354,-119.53562,350.54,0.76,0.77,2023-08-19,2206,N20,VIIRS,n,2,292.29,9.88,D,0
50.89905,-119.66013,325.75,0.75,0.77,2023-08-19,2206,N20,VIIRS,n,2,285.44,8.95,D,0
50.90755,-119.71291,330.9,0.75,0.77,2023-08-19,2206,N20,VIIRS,n,2,286.67,11.1,D,0
50.97922,-119.77319,331.99,0.75,0.77,2023-08-19,2206,N20,VIIRS,n,2,288.57,8.8,D,0
50.98346,-119.77174,343.66,0.74,0.76,2023-08-19,2206,N20,VIIRS,n,2,289.86,8.12,D,0
50.98804,-119.82935,343.16,0.74,0.76,2023-08-19,2206,N20,VIIRS,n,2,291.92,14.63,D,0
50.99181,-119.81913,340.77,0.74,0.76,2023-08-19,2206,N20,VIIRS,n,2,290.89,12.64,D,0
50.99207,-119.82952,327.23,0.74,0.76,2023-08-19,2206,N20,VIIRS,n,2,292.21,10.86,D,0
51.01815,-119.41338,356.37,0.77,0.77,2023-08-19,2206,N20,VIIRS,l,2,289.43,26.59,D,0
51.01845,-119.42276,346.9,0.77,0.77,2023-08-19,2206,N20,VIIRS,n,2,290.35,26.59,D,0
51.0188,-119.43382,367,0.77,0.77,2023-08-19,2206,N20,VIIRS,h,2,291.77,47.1,D,0
51.08258,-119.64651,356.38,0.76,0.77,2023-08-19,2206,N20,VIIRS,l,2,284.13,14.31,D,0
51.08278,-119.65338,337.69,0.76,0.77,2023-08-19,2206,N20,VIIRS,n,2,286.86,15.3,D,0
51.08517,-119.64491,356.28,0.76,0.77,2023-08-19,2206,N20,VIIRS,l,2,287.91,44.71,D,0
51.08539,-119.65191,345.62,0.76,0.77,2023-08-19,2206,N20,VIIRS,n,2,291.86,44.71,D,0
51.08919,-119.62695,344.34,0.76,0.77,2023-08-19,2206,N20,VIIRS,n,2,283.76,20.48,D,0
51.08941,-119.63456,355.98,0.76,0.77,2023-08-19,2206,N20,VIIRS,n,2,290.61,32.23,D,0
51.08961,-119.64187,356.62,0.76,0.77,2023-08-19,2206,N20,VIIRS,l,2,289.15,32.23,D,0
51.08981,-119.649,353.47,0.76,0.77,2023-08-19,2206,N20,VIIRS,n,2,289.67,35.7,D,0
51.0917,-119.62507,344.1,0.76,0.77,2023-08-19,2206,N20,VIIRS,n,2,283.8,15.63,D,0
51.09195,-119.63287,355.56,0.76,0.77,2023-08-19,2206,N20,VIIRS,n,2,290.81,15.63,D,0
51.10999,-119.60083,353.61,0.76,0.77,2023-08-19,2206,N20,VIIRS,n,2,290.29,11.02,D,0
51.11234,-119.59718,367,0.76,0.77,2023-08-19,2206,N20,VIIRS,h,2,292.77,15.74,D,0
51.42965,-119.67012,354.7,0.75,0.77,2023-08-19,2206,N20,VIIRS,n,2,282.95,59.81,D,0
51.42996,-119.67997,345.36,0.75,0.77,2023-08-19,2206,N20,VIIRS,n,2,298.87,55.31,D,0
51.43013,-119.68536,325.88,0.75,0.77,2023-08-19,2206,N20,VIIRS,n,2,286.95,55.31,D,0
51.43718,-119.68233,354.86,0.75,0.77,2023-08-19,2206,N20,VIIRS,n,2,287.14,55.31,D,0
51.43735,-119.68782,367,0.75,0.77,2023-08-19,2206,N20,VIIRS,h,2,294.34,55.31,D,0
51.4375,-119.69269,354.5,0.75,0.77,2023-08-19,2206,N20,VIIRS,n,2,303.66,103.45,D,0
51.43766,-119.69763,346.79,0.75,0.77,2023-08-19,2206,N20,VIIRS,n,2,296,103.45,D,0
51.44454,-119.68953,329.6,0.75,0.77,2023-08-19,2206,N20,VIIRS,n,2,292.52,12.49,D,0
51.44471,-119.69471,342.97,0.75,0.77,2023-08-19,2206,N20,VIIRS,n,2,291.97,34.33,D,0
51.44485,-119.69955,355.9,0.75,0.77,2023-08-19,2206,N20,VIIRS,n,2,299.74,34.33,D,0
51.44501,-119.70473,325.87,0.75,0.77,2023-08-19,2206,N20,VIIRS,n,2,289.7,16.68,D,0
51.45221,-119.70629,336.57,0.75,0.77,2023-08-19,2206,N20,VIIRS,n,2,290,16.68,D,0
51.4524,-119.71263,353.76,0.75,0.77,2023-08-19,2206,N20,VIIRS,n,2,293.28,16.68,D,0
51.46228,-119.70914,346.24,0.75,0.77,2023-08-19,2206,N20,VIIRS,n,2,290.53,18.41,D,0
51.46659,-119.71032,342.71,0.75,0.77,2023-08-19,2206,N20,VIIRS,n,2,289.27,18.03,D,0
